-- --------------------------------------------------------
-- Host:                         127.0.0.1
-- Server version:               10.1.28-MariaDB - mariadb.org binary distribution
-- Server OS:                    Win32
-- HeidiSQL Version:             11.0.0.5919
-- --------------------------------------------------------

/*!40101 SET @OLD_CHARACTER_SET_CLIENT=@@CHARACTER_SET_CLIENT */;
/*!40101 SET NAMES utf8 */;
/*!50503 SET NAMES utf8mb4 */;
/*!40014 SET @OLD_FOREIGN_KEY_CHECKS=@@FOREIGN_KEY_CHECKS, FOREIGN_KEY_CHECKS=0 */;
/*!40101 SET @OLD_SQL_MODE=@@SQL_MODE, SQL_MODE='NO_AUTO_VALUE_ON_ZERO' */;


-- Dumping database structure for pramesh
CREATE DATABASE IF NOT EXISTS `pramesh` /*!40100 DEFAULT CHARACTER SET latin1 */;
USE `pramesh`;

-- Dumping structure for table pramesh.borrowers
CREATE TABLE IF NOT EXISTS `borrowers` (
  `id` int(11) NOT NULL AUTO_INCREMENT,
  `name` varchar(50) NOT NULL,
  `address` varchar(500) DEFAULT NULL,
  `primary_contact_no` varchar(10) NOT NULL,
  `secondary_contact_no` varchar(10) DEFAULT NULL,
  `referenced_by` varchar(50) DEFAULT NULL,
  `referenced_contactno` varchar(10) DEFAULT NULL,
  `createdon` datetime NOT NULL DEFAULT CURRENT_TIMESTAMP,
  `updatedon` datetime DEFAULT CURRENT_TIMESTAMP ON UPDATE CURRENT_TIMESTAMP,
  `status` int(11) DEFAULT '1',
  PRIMARY KEY (`id`),
  UNIQUE KEY `name` (`name`)
) ENGINE=InnoDB AUTO_INCREMENT=54 DEFAULT CHARSET=latin1;

-- Dumping data for table pramesh.borrowers: ~37 rows (approximately)
/*!40000 ALTER TABLE `borrowers` DISABLE KEYS */;
INSERT INTO `borrowers` (`id`, `name`, `address`, `primary_contact_no`, `secondary_contact_no`, `referenced_by`, `referenced_contactno`, `createdon`, `updatedon`, `status`) VALUES
	(3, 'Suganya[Prakash]', 'Gobi', '', NULL, NULL, NULL, '2020-01-15 09:34:29', '2020-01-15 09:34:29', 1),
	(4, 'Bhupathy', 'Karur', '9894647962', NULL, NULL, NULL, '2020-01-15 09:34:29', '2020-01-15 09:34:29', 1),
	(5, 'Kannan[Roommate]', 'Ariyalur', '6379148478', NULL, NULL, NULL, '2020-01-15 09:34:29', '2020-01-15 09:34:29', 1),
	(6, 'Kanagaraj', 'Karur', '', NULL, NULL, NULL, '2020-01-15 09:34:29', '2020-01-15 09:34:29', 1),
	(7, 'Manimaran', 'Karur', '7373533388', NULL, NULL, NULL, '2020-01-15 09:34:29', '2020-01-15 09:34:29', 1),
	(8, 'Sathiaraj', 'Karur', '9600705450', NULL, NULL, NULL, '2020-01-15 09:34:29', '2020-01-15 09:34:29', 1),
	(9, 'Saroja (Cook)', 'Chennai', '9841851805', NULL, NULL, NULL, '2020-01-15 09:34:29', '2020-01-15 09:34:29', 1),
	(10, 'Manikandan M', 'Karur', '9791292847', NULL, NULL, NULL, '2020-01-15 09:34:29', '2020-01-15 09:34:29', 1),
	(11, 'MHS', 'Karur', '9585394140', NULL, NULL, NULL, '2020-01-15 09:34:29', '2020-01-15 09:34:29', 1),
	(12, 'Moorthy', 'Karur', '8122124199', NULL, NULL, NULL, '2020-01-15 09:34:29', '2020-01-15 09:34:29', 1),
	(13, 'Sarath[MHS Frd]', 'Karur', '9585394140', NULL, NULL, NULL, '2020-01-15 09:34:29', '2020-01-15 09:34:29', 1),
	(14, 'Gowtham', 'Kulithalai', '9965221090', NULL, NULL, NULL, '2020-01-15 09:34:29', '2020-01-15 09:34:29', 1),
	(15, 'Prabakaran', 'Muthupet', '9944193082', NULL, NULL, NULL, '2020-01-15 09:34:29', '2020-01-15 09:34:29', 1),
	(16, 'Dhaya(Praba)', 'Madurai', '9003772290', NULL, NULL, NULL, '2020-01-15 09:34:30', '2020-01-15 09:34:30', 1),
	(17, 'Ramesh MD', 'Karur', '9942551808', NULL, NULL, NULL, '2020-01-15 09:34:30', '2020-01-15 09:34:30', 1),
	(18, 'Mohan VSB', 'Karur', '8870018509', NULL, NULL, NULL, '2020-01-15 09:34:30', '2020-01-15 09:34:30', 1),
	(19, 'Pivin Beeman', 'Dindigul', '9786833276', NULL, NULL, NULL, '2020-01-15 09:34:30', '2020-01-15 09:34:30', 1),
	(20, 'Ramkumar MRL', 'Pondicherry', '8870809348', NULL, NULL, NULL, '2020-01-15 09:34:30', '2020-01-15 09:34:30', 1),
	(21, 'Praveen Jhon', 'Raya Velur', '9043975914', NULL, NULL, NULL, '2020-01-15 09:34:30', '2020-01-15 09:34:30', 1),
	(22, 'Panneerselvam', 'Karur', '9600429871', NULL, NULL, NULL, '2020-01-15 09:34:30', '2020-01-15 09:34:30', 1),
	(23, 'Prabu Asset', 'Chennai', '9840863689', NULL, NULL, NULL, '2020-01-15 09:34:30', '2020-01-15 09:34:30', 1),
	(24, 'Selva Switch Team', 'Ariyalur', '9176054973', NULL, NULL, NULL, '2020-01-15 09:34:30', '2020-01-15 09:34:30', 1),
	(25, 'Moorthy & Raam', 'Karur', '9994332164', NULL, NULL, NULL, '2020-01-15 09:34:30', '2020-01-15 09:34:30', 1),
	(26, 'Prem MRL', 'Andra Pradesh', '7358163831', NULL, NULL, NULL, '2020-01-15 09:34:30', '2020-01-15 09:34:30', 1),
	(27, 'Ranjith Aravakurichi', 'Aravakurichi', '9585321555', NULL, NULL, NULL, '2020-01-15 09:34:30', '2020-01-15 09:34:30', 1),
	(28, 'Raamrasi', 'Thirunelveli', '9543339820', NULL, NULL, NULL, '2020-01-15 09:34:30', '2020-01-15 09:34:30', 1),
	(29, 'Murugesan', 'Karur', '9944118783', NULL, NULL, NULL, '2020-01-15 09:34:30', '2020-01-15 09:34:30', 1),
	(30, 'Praveen Kumar', 'Karur', '9952828365', NULL, NULL, NULL, '2020-01-15 09:34:30', '2020-01-15 09:34:30', 1),
	(31, 'Moorthi SRM', 'Karur', '9787907264', NULL, NULL, NULL, '2020-01-15 09:34:30', '2020-01-15 09:34:30', 1),
	(32, 'Vinayagam', 'Chennai', '9585766513', NULL, NULL, NULL, '2020-01-15 09:34:30', '2020-01-15 09:34:30', 1),
	(33, 'Selva Raam', 'Karur', '9159770805', NULL, NULL, NULL, '2020-01-15 09:34:30', '2020-01-15 09:34:30', 1),
	(34, 'Ganesan Railway', 'Karur', '9786999396', NULL, NULL, NULL, '2020-01-15 09:34:30', '2020-01-15 09:34:30', 1),
	(35, 'Karthikeyan MRL', 'Omalur', '8883767810', NULL, NULL, NULL, '2020-01-15 09:34:30', '2020-01-15 09:34:30', 1),
	(36, 'Kumar Tea-master', 'Chennai', '8489557942', NULL, NULL, NULL, '2020-01-15 09:34:30', '2020-01-15 09:34:30', 1),
	(37, 'Jyothi Prakash', 'Andra Pradesh', '9791326589', NULL, NULL, NULL, '2020-01-15 09:34:31', '2020-01-15 09:34:31', 1),
	(38, 'Paramasivam', 'Thirupur', '7708813614', NULL, NULL, NULL, '2020-01-15 09:34:31', '2020-01-15 09:34:31', 1),
	(39, 'Pazhani Udhayam', 'Chennai', '9841561891', NULL, NULL, NULL, '2020-01-15 09:34:31', '2020-01-15 09:34:31', 1),
	(40, 'Sadam', 'Chennai', '8610010983', '', '', '', '2020-02-02 15:25:12', '2020-02-02 15:25:12', 1),
	(41, 'Mahesh', 'Mandagiriyur', '6383032956', '', '', '', '2020-02-04 08:18:01', '2020-02-04 08:18:01', 1),
	(42, 'Beeman', 'Dindigul', '9445833276', '', '', '', '2020-02-04 09:32:21', '2020-02-04 09:32:21', 1),
	(43, 'Kiran', 'Puthur, Andra Pradesh', '8143719562', '7397297302', 'Jyothi Prakash', '', '2020-03-01 10:13:31', '2020-03-01 10:13:31', 1),
	(44, 'Karthick Chithen', 'Selandipalayam, Chinnathrapuram, Karur', '9047451314', '8122124199', 'Moorthy', '8122124199', '2020-05-01 09:04:49', '2020-05-01 09:04:49', 1),
	(45, 'Ranjith Rangasamy', 'Sellandipalayam, Karur', '7373878878', '', '', '', '2020-05-01 10:51:18', '2020-05-01 10:51:18', 1),
	(46, 'Saro Brother', 'Thangavel street, West Tambaram, Chennai.', '9841851805', '', '', '', '2020-06-04 10:31:27', '2020-06-04 10:31:27', 1),
	(47, 'Velu', 'Minampalli', '9677320034', '', '', '', '2020-06-04 11:22:09', '2020-06-04 11:22:09', 1),
	(48, 'Dhanraj M', 'Karur', '9943276412', '', '', '', '2020-08-01 10:47:36', '2020-08-01 10:47:36', 1),
	(49, 'Ramakrishnan', 'Karur', '9994332164', '', '', '', '2020-08-06 14:20:41', '2020-08-06 14:20:41', 1),
	(50, 'Ramprabu', 'Karur, Vengamedu', '9003772290', '', 'Dhaya ', '9944428877', '2020-08-23 10:13:02', '2020-08-23 10:13:02', 1),
	(51, 'Vijayanand', 'Gandhigramam, Karur', '9894497791', '', '', '', '2020-10-01 13:08:47', '2020-10-01 13:08:47', 1),
	(52, 'Parthipan', 'Vengamedu,\r\nKarur', '9677667087', '', '', '', '2020-11-01 18:48:31', '2020-11-01 18:48:31', 1),
	(53, 'Mani RGHSS', 'Nadayanur', '8951084001', '', '', '', '2020-11-01 19:09:46', '2020-11-01 19:09:46', 1);
/*!40000 ALTER TABLE `borrowers` ENABLE KEYS */;

-- Dumping structure for function pramesh.calculate_interest
DELIMITER //
CREATE FUNCTION `calculate_interest`(
	`req_type` CHAR(1),
	`loan_amount` DECIMAL(10,2),
	`interest_value` DECIMAL(10,2),
	`interest_type` CHAR(1),
	`opening_date` DATE,
	`closing_date` DATE


) RETURNS decimal(10,0)
BEGIN
declare v_closing_date date;
set v_closing_date = case when closing_date is not null then closing_date
								when req_type = 'L' then Last_day(Date_sub(Curdate(), interval 1 MONTH))
								when closing_date is null then Curdate()

							end; 

 return  loan_amount * ( interest_value / 100 ) / 30 *
                 CASE
					  WHEN interest_type = 'P' THEN
                 (Datediff(v_closing_date,opening_date)+ 1 )
                 WHEN interest_type = 'F' THEN
                 (12 * (YEAR(v_closing_date) - YEAR(date_sub(opening_date, INTERVAL 1 MONTH))) 
       + (MONTH(v_closing_date)  - MONTH(date_sub(opening_date, INTERVAL 1 MONTH)))) * 30 -  (DAY(opening_date) -1) - (30 - if(DAY(v_closing_date)=31,30,DAY(v_closing_date)))
                 ELSE 0
               END;

END//
DELIMITER ;

-- Dumping structure for table pramesh.comments
CREATE TABLE IF NOT EXISTS `comments` (
  `id` int(11) NOT NULL AUTO_INCREMENT,
  `module` varchar(50) NOT NULL,
  `category` varchar(50) NOT NULL,
  `notes` varchar(500) NOT NULL,
  `created_on` datetime NOT NULL DEFAULT CURRENT_TIMESTAMP,
  PRIMARY KEY (`id`)
) ENGINE=InnoDB AUTO_INCREMENT=108 DEFAULT CHARSET=latin1;

-- Dumping data for table pramesh.comments: ~96 rows (approximately)
/*!40000 ALTER TABLE `comments` DISABLE KEYS */;
INSERT INTO `comments` (`id`, `module`, `category`, `notes`, `created_on`) VALUES
	(10, 'lenders', 'clearReturn', 'Clearing returns<br/><table class="table-striped" cellpadding=3>\r\n				<tr><th>#REFID</th><th>Lender</th><th>Borrower</th><th>Current Balance</th><th>Investment</th><th>Amount</th></tr>\r\n				<tr><td>159</td><td>Dhineshkumar</td><td>Ramesh MD</td><td></td><td>73500</td><td>43500.00</td></tr>\r\n			</table>', '2020-02-03 09:06:29'),
	(11, 'lenders', 'clearReturn', 'Clearing returns<br/><table class="table-striped" cellpadding=3>\r\n				<tr><th>#REFID</th><th>Lender</th><th>Borrower</th><th>Current Balance</th><th>Investment</th><th>Amount</th></tr>\r\n				<tr><td>105</td><td>Pramesh</td><td>Manikandan M</td><td>15000</td><td>2115642</td><td>50000.00</td></tr>\r\n			</table>', '2020-02-03 09:06:44'),
	(12, 'lenders', 'clearReturn', 'Clearing returns<br/><table class="table-striped" cellpadding=3>\r\n				<tr><th>#REFID</th><th>Lender</th><th>Borrower</th><th>Current Balance</th><th>Investment</th><th>Amount</th></tr>\r\n				<tr><td>109</td><td>Pramesh</td><td>Manikandan M</td><td>65000</td><td>2115642</td><td>50000.00</td></tr>\r\n			</table>', '2020-02-03 09:06:45'),
	(13, 'lenders', 'clearReturn', 'Clearing returns<br/><table class="table-striped" cellpadding=3>\r\n				<tr><th>#REFID</th><th>Lender</th><th>Borrower</th><th>Current Balance</th><th>Investment</th><th>Amount</th></tr>\r\n				<tr><td>111</td><td>Pramesh</td><td>Dhaya(Praba)</td><td>115000</td><td>2115642</td><td>30000.00</td></tr>\r\n			</table>', '2020-02-03 09:06:47'),
	(14, 'lenders', 'clearReturn', 'Clearing returns<br/><table class="table-striped" cellpadding=3>\r\n				<tr><th>#REFID</th><th>Lender</th><th>Borrower</th><th>Current Balance</th><th>Investment</th><th>Amount</th></tr>\r\n				<tr><td>122</td><td>Pramesh</td><td>Panneerselvam</td><td>145000</td><td>2115642</td><td>25000.00</td></tr>\r\n			</table>', '2020-02-03 09:06:48'),
	(15, 'lenders', 'clearReturn', 'Clearing returns<br/><table class="table-striped" cellpadding=3>\r\n				<tr><th>#REFID</th><th>Lender</th><th>Borrower</th><th>Current Balance</th><th>Investment</th><th>Amount</th></tr>\r\n				<tr><td>139</td><td>Pramesh</td><td>Panneerselvam</td><td>170000</td><td>2115642</td><td>11000.00</td></tr>\r\n			</table>', '2020-02-03 09:06:50'),
	(16, 'lenders', 'clearReturn', 'Clearing returns<br/><table class="table-striped" cellpadding=3>\r\n				<tr><th>#REFID</th><th>Lender</th><th>Borrower</th><th>Current Balance</th><th>Investment</th><th>Amount</th></tr>\r\n				<tr><td>156</td><td>Pramesh</td><td>Panneerselvam</td><td>181000</td><td>2115642</td><td>50000.00</td></tr>\r\n			</table>', '2020-02-03 09:06:51'),
	(17, 'lenders', 'clearReturn', 'Clearing returns<br/><table class="table-striped" cellpadding=3>\r\n				<tr><th>#REFID</th><th>Lender</th><th>Borrower</th><th>Current Balance</th><th>Investment</th><th>Amount</th></tr>\r\n				<tr><td>210</td><td>Pramesh</td><td>Panneerselvam</td><td>231000</td><td>2115642</td><td>100000.00</td></tr>\r\n			</table>', '2020-02-03 09:06:52'),
	(18, 'lenders', 'clearReturn', 'Clearing returns<br/><table class="table-striped" cellpadding=3>\r\n				<tr><th>#REFID</th><th>Lender</th><th>Borrower</th><th>Current Balance</th><th>Investment</th><th>Amount</th></tr>\r\n				<tr><td>128</td><td>Raam</td><td>Prem MRL</td><td></td><td>555207</td><td>100000.00</td></tr>\r\n			</table>', '2020-02-03 09:06:53'),
	(19, 'lenders', 'clearReturn', 'Clearing returns<br/><table class="table-striped" cellpadding=3>\r\n				<tr><th>#REFID</th><th>Lender</th><th>Borrower</th><th>Current Balance</th><th>Investment</th><th>Amount</th></tr>\r\n				<tr><td>128</td><td>Raam</td><td>Prem MRL</td><td>100000</td><td>555207</td><td>100000.00</td></tr>\r\n			</table>', '2020-02-03 09:06:58'),
	(20, 'lenders', 'clearReturn', 'Clearing returns<br/><table class="table-striped" cellpadding=3>\r\n				<tr><th>#REFID</th><th>Lender</th><th>Borrower</th><th>Current Balance</th><th>Investment</th><th>Amount</th></tr>\r\n				<tr><td>303</td><td>Pramesh</td><td>MHS</td><td>331000</td><td>2115642</td><td>30000.00</td></tr>\r\n			</table>', '2020-02-04 09:43:41'),
	(21, 'lenders', 'clearReturn', 'Clearing returns<br/><table class="table-striped" cellpadding=3>\r\n				<tr><th>#REFID</th><th>Lender</th><th>Borrower</th><th>Current Balance</th><th>Investment</th><th>Amount</th></tr>\r\n				<tr><td>306</td><td>Raam</td><td>Sadam</td><td>135000</td><td>455207</td><td>100000.00</td></tr>\r\n			</table>', '2020-02-04 09:43:44'),
	(22, 'lenders', 'clearReturn', 'Clearing returns<br/><table class="table-striped" cellpadding=3>\r\n				<tr><th>#REFID</th><th>Lender</th><th>Borrower</th><th>Current Balance</th><th>Investment</th><th>Amount</th></tr>\r\n				<tr><td>304</td><td>Raam</td><td>Kannan[Roommate]</td><td>235000</td><td>455207</td><td>90000.00</td></tr>\r\n			</table>', '2020-02-04 09:44:10'),
	(23, 'lenders', 'clearReturn', 'Clearing returns<br/><table class="table-striped" cellpadding=3>\r\n				<tr><th>#REFID</th><th>Lender</th><th>Borrower</th><th>Current Balance</th><th>Investment</th><th>Amount</th></tr>\r\n				<tr><td>360</td><td>Dhineshkumar</td><td>Ramesh MD</td><td>43500</td><td>73500</td><td>43500.00</td></tr>\r\n			</table>', '2020-02-17 10:00:59'),
	(24, 'lenders', 'clearReturn', 'Clearing returns<br/><table class="table-striped" cellpadding=3>\r\n				<tr><th>#REFID</th><th>Lender</th><th>Borrower</th><th>Current Balance</th><th>Investment</th><th>Amount</th></tr>\r\n				<tr><td>323</td><td>Innomac Capitals</td><td>Jyothi Prakash</td><td>9000</td><td>505000</td><td>30000.00</td></tr>\r\n			</table>', '2020-02-17 10:01:02'),
	(25, 'lenders', 'clearReturn', 'Clearing returns<br/><table class="table-striped" cellpadding=3>\r\n				<tr><th>#REFID</th><th>Lender</th><th>Borrower</th><th>Current Balance</th><th>Investment</th><th>Amount</th></tr>\r\n				<tr><td>322</td><td>Pramesh</td><td>Manimaran</td><td>361000</td><td>2069635</td><td>566.00</td></tr>\r\n			</table>', '2020-02-17 10:01:05'),
	(26, 'lenders', 'clearReturn', 'Clearing returns<br/><table class="table-striped" cellpadding=3>\r\n				<tr><th>#REFID</th><th>Lender</th><th>Borrower</th><th>Current Balance</th><th>Investment</th><th>Amount</th></tr>\r\n				<tr><td>361</td><td>Dhineshkumar</td><td>Ramesh MD</td><td>87000</td><td>73500</td><td>6500.00</td></tr>\r\n			</table>', '2020-02-17 10:01:08'),
	(27, 'lenders', 'clearReturn', 'Clearing returns<br/><table class="table-striped" cellpadding=3>\r\n				<tr><th>#REFID</th><th>Lender</th><th>Borrower</th><th>Current Balance</th><th>Investment</th><th>Amount</th></tr>\r\n				<tr><td>334</td><td>Pramesh</td><td>Saroja (Cook)</td><td>361566</td><td>2069635</td><td>10000.00</td></tr>\r\n			</table>', '2020-02-17 10:01:10'),
	(28, 'lenders', 'clearReturn', 'Clearing returns<br/><table class="table-striped" cellpadding=3>\r\n				<tr><th>#REFID</th><th>Lender</th><th>Borrower</th><th>Current Balance</th><th>Investment</th><th>Amount</th></tr>\r\n				<tr><td>365</td><td>Innomac Capitals</td><td>Panneerselvam</td><td>-11000</td><td>485000</td><td>50000.00</td></tr>\r\n			</table>', '2020-03-17 05:48:01'),
	(29, 'lenders', 'clearReturn', 'Clearing returns<br/><table class="table-striped" cellpadding=3>\r\n				<tr><th>#REFID</th><th>Lender</th><th>Borrower</th><th>Current Balance</th><th>Investment</th><th>Amount</th></tr>\r\n				<tr><td>367</td><td>Pramesh</td><td>Panneerselvam</td><td>326566</td><td>2069883</td><td>10000.00</td></tr>\r\n			</table>', '2020-03-17 05:48:02'),
	(30, 'lenders', 'clearReturn', 'Clearing returns<br/><table class="table-striped" cellpadding=3>\r\n				<tr><th>#REFID</th><th>Lender</th><th>Borrower</th><th>Current Balance</th><th>Investment</th><th>Amount</th></tr>\r\n				<tr><td>368</td><td>Tyrion</td><td>Panneerselvam</td><td>-52000</td><td>137163</td><td>20000.00</td></tr>\r\n			</table>', '2020-03-17 05:48:04'),
	(31, 'lenders', 'clearReturn', 'Clearing returns<br/><table class="table-striped" cellpadding=3>\r\n				<tr><th>#REFID</th><th>Lender</th><th>Borrower</th><th>Current Balance</th><th>Investment</th><th>Amount</th></tr>\r\n				<tr><td>442</td><td>Dhineshkumar</td><td>Raamrasi</td><td>-26500</td><td>173500</td><td>20000.00</td></tr>\r\n			</table>', '2020-05-01 08:17:23'),
	(32, 'lenders', 'clearReturn', 'Clearing returns<br/><table class="table-striped" cellpadding=3>\r\n				<tr><th>#REFID</th><th>Lender</th><th>Borrower</th><th>Current Balance</th><th>Investment</th><th>Amount</th></tr>\r\n				<tr><td>383</td><td>Raam</td><td>Prabakaran</td><td>145000</td><td>485000</td><td>50000.00</td></tr>\r\n			</table>', '2020-05-01 08:20:47'),
	(33, 'lenders', 'clearReturn', 'Clearing returns<br/><table class="table-striped" cellpadding=3>\r\n				<tr><th>#REFID</th><th>Lender</th><th>Borrower</th><th>Current Balance</th><th>Investment</th><th>Amount</th></tr>\r\n				<tr><td>450</td><td>Raam</td><td>Sadam</td><td>195000</td><td>435000</td><td>50000.00</td></tr>\r\n			</table>', '2020-05-01 08:25:14'),
	(34, 'lenders', 'clearReturn', 'Clearing returns<br/><table class="table-striped" cellpadding=3>\r\n				<tr><th>#REFID</th><th>Lender</th><th>Borrower</th><th>Current Balance</th><th>Investment</th><th>Amount</th></tr>\r\n				<tr><td>366</td><td>Innomac Capitals</td><td>Panneerselvam</td><td>-36000</td><td>535000</td><td>20000.00</td></tr>\r\n			</table>', '2020-05-01 08:25:34'),
	(35, 'lenders', 'clearReturn', 'Clearing returns<br/><table class="table-striped" cellpadding=3>\r\n				<tr><th>#REFID</th><th>Lender</th><th>Borrower</th><th>Current Balance</th><th>Investment</th><th>Amount</th></tr>\r\n				<tr><td>420</td><td>Innomac Capitals</td><td>Paramasivam</td><td>-16000</td><td>535000</td><td>5000.00</td></tr>\r\n			</table>', '2020-05-01 08:27:23'),
	(36, 'lenders', 'clearReturn', 'Clearing returns<br/><table class="table-striped" cellpadding=3>\r\n				<tr><th>#REFID</th><th>Lender</th><th>Borrower</th><th>Current Balance</th><th>Investment</th><th>Amount</th></tr>\r\n				<tr><td>454</td><td>Tyrion</td><td>Sadam</td><td>-62000</td><td>161382</td><td>10000.00</td></tr>\r\n			</table>', '2020-05-01 08:27:30'),
	(37, 'lenders', 'clearReturn', 'Clearing returns<br/><table class="table-striped" cellpadding=3>\r\n				<tr><th>#REFID</th><th>Lender</th><th>Borrower</th><th>Current Balance</th><th>Investment</th><th>Amount</th></tr>\r\n				<tr><td>396</td><td>Tyrion</td><td>Panneerselvam</td><td>-52000</td><td>161382</td><td>12000.00</td></tr>\r\n			</table>', '2020-05-01 08:27:31'),
	(38, 'lenders', 'clearReturn', 'Clearing returns<br/><table class="table-striped" cellpadding=3>\r\n				<tr><th>#REFID</th><th>Lender</th><th>Borrower</th><th>Current Balance</th><th>Investment</th><th>Amount</th></tr>\r\n				<tr><td>447</td><td>Pramesh</td><td>Kiran</td><td>291566</td><td>2090737</td><td>15000.00</td></tr>\r\n			</table>', '2020-05-01 08:27:36'),
	(39, 'lenders', 'clearReturn', 'Clearing returns<br/><table class="table-striped" cellpadding=3>\r\n				<tr><th>#REFID</th><th>Lender</th><th>Borrower</th><th>Current Balance</th><th>Investment</th><th>Amount</th></tr>\r\n				<tr><td>451</td><td>Innomac Capitals</td><td>Paramasivam</td><td>-21000</td><td>535000</td><td>10000.00</td></tr>\r\n			</table>', '2020-05-01 08:54:11'),
	(40, 'lenders', 'clearReturn', 'Clearing returns<br/><table class="table-striped" cellpadding=3>\r\n				<tr><th>#REFID</th><th>Lender</th><th>Borrower</th><th>Current Balance</th><th>Investment</th><th>Amount</th></tr>\r\n				<tr><td>449</td><td>Raam</td><td>Panneerselvam</td><td>225000</td><td>435000</td><td>20000.00</td></tr>\r\n			</table>', '2020-05-01 11:00:47'),
	(41, 'lenders', 'clearReturn', 'Clearing returns<br/><table class="table-striped" cellpadding=3>\r\n				<tr><th>#REFID</th><th>Lender</th><th>Borrower</th><th>Current Balance</th><th>Investment</th><th>Amount</th></tr>\r\n				<tr><td>452</td><td>Innomac Capitals</td><td>Jyothi Prakash</td><td>-31000</td><td>535000</td><td>50000.00</td></tr>\r\n			</table>', '2020-05-01 12:02:07'),
	(42, 'lenders', 'clearReturn', 'Clearing returns<br/><table class="table-striped" cellpadding=3>\r\n				<tr><th>#REFID</th><th>Lender</th><th>Borrower</th><th>Current Balance</th><th>Investment</th><th>Amount</th></tr>\r\n				<tr><td>502</td><td>Pramesh</td><td>Prabakaran</td><td>246566</td><td>2060251</td><td>35000.00</td></tr>\r\n			</table>', '2020-05-27 18:59:57'),
	(43, 'lenders', 'clearReturn', 'Clearing returns<br/><table class="table-striped" cellpadding=3>\r\n				<tr><th>#REFID</th><th>Lender</th><th>Borrower</th><th>Current Balance</th><th>Investment</th><th>Amount</th></tr>\r\n				<tr><td>503</td><td>Pramesh</td><td>Prabakaran</td><td>281566</td><td>2060251</td><td>19000.00</td></tr>\r\n			</table>', '2020-05-27 18:59:59'),
	(44, 'lenders', 'clearReturn', 'Clearing returns<br/><table class="table-striped" cellpadding=3>\r\n				<tr><th>#REFID</th><th>Lender</th><th>Borrower</th><th>Current Balance</th><th>Investment</th><th>Amount</th></tr>\r\n				<tr><td>550</td><td>Dhineshkumar</td><td>Ramesh MD</td><td>-6500</td><td>170000</td><td>3500.00</td></tr>\r\n			</table>', '2020-05-27 19:00:05'),
	(45, 'lenders', 'clearReturn', 'Clearing returns<br/><table class="table-striped" cellpadding=3>\r\n				<tr><th>#REFID</th><th>Lender</th><th>Borrower</th><th>Current Balance</th><th>Investment</th><th>Amount</th></tr>\r\n				<tr><td>629</td><td>Raam</td><td>Pazhani Udhayam</td><td>240000</td><td>335000</td><td>100000.00</td></tr>\r\n			</table>', '2020-07-12 11:39:07'),
	(46, 'lenders', 'clearReturn', 'Clearing returns<br/><table class="table-striped" cellpadding=3>\r\n				<tr><th>#REFID</th><th>Lender</th><th>Borrower</th><th>Current Balance</th><th>Investment</th><th>Amount</th></tr>\r\n				<tr><td>569</td><td>Tyrion</td><td>Dhaya(Praba)</td><td>-310000</td><td>391072</td><td>10000.00</td></tr>\r\n			</table>', '2020-07-16 12:13:20'),
	(47, 'lenders', 'clearReturn', 'Clearing returns<br/><table class="table-striped" cellpadding=3>\r\n				<tr><th>#REFID</th><th>Lender</th><th>Borrower</th><th>Current Balance</th><th>Investment</th><th>Amount</th></tr>\r\n				<tr><td>676</td><td>Tyrion</td><td>Ranjith Rangasamy</td><td>-300000</td><td>391072</td><td>30000.00</td></tr>\r\n			</table>', '2020-07-16 12:13:26'),
	(48, 'lenders', 'clearReturn', 'Clearing returns<br/><table class="table-striped" cellpadding=3>\r\n				<tr><th>#REFID</th><th>Lender</th><th>Borrower</th><th>Current Balance</th><th>Investment</th><th>Amount</th></tr>\r\n				<tr><td>700</td><td>Dhineshkumar</td><td>Selva Switch Team</td><td>-3000</td><td>496</td><td>10000.00</td></tr>\r\n			</table>', '2020-07-16 12:13:31'),
	(49, 'lenders', 'clearReturn', 'Clearing returns<br/><table class="table-striped" cellpadding=3>\r\n				<tr><th>#REFID</th><th>Lender</th><th>Borrower</th><th>Current Balance</th><th>Investment</th><th>Amount</th></tr>\r\n				<tr><td>702</td><td>Dhineshkumar</td><td>Selva Switch Team</td><td>7000</td><td>496</td><td>10000.00</td></tr>\r\n			</table>', '2020-07-16 12:13:34'),
	(50, 'lenders', 'clearReturn', 'Clearing returns<br/><table class="table-striped" cellpadding=3>\r\n				<tr><th>#REFID</th><th>Lender</th><th>Borrower</th><th>Current Balance</th><th>Investment</th><th>Amount</th></tr>\r\n				<tr><td>698</td><td>Dhineshkumar</td><td>MHS</td><td>17000</td><td>496</td><td>50000.00</td></tr>\r\n			</table>', '2020-07-16 12:13:38'),
	(51, 'lenders', 'clearReturn', 'Clearing returns<br/><table class="table-striped" cellpadding=3>\r\n				<tr><th>#REFID</th><th>Lender</th><th>Borrower</th><th>Current Balance</th><th>Investment</th><th>Amount</th></tr>\r\n				<tr><td>696</td><td>Dhineshkumar</td><td>Moorthi SRM</td><td>67000</td><td>496</td><td>100000.00</td></tr>\r\n			</table>', '2020-07-16 12:13:41'),
	(52, 'lenders', 'clearReturn', 'Clearing returns<br/><table class="table-striped" cellpadding=3>\r\n				<tr><th>#REFID</th><th>Lender</th><th>Borrower</th><th>Current Balance</th><th>Investment</th><th>Amount</th></tr>\r\n				<tr><td>547</td><td>Innomac Capitals</td><td>Kanagaraj</td><td>-101000</td><td>550120</td><td>20000.00</td></tr>\r\n			</table>', '2020-07-16 12:13:47'),
	(53, 'lenders', 'clearReturn', 'Clearing returns<br/><table class="table-striped" cellpadding=3>\r\n				<tr><th>#REFID</th><th>Lender</th><th>Borrower</th><th>Current Balance</th><th>Investment</th><th>Amount</th></tr>\r\n				<tr><td>677</td><td>Raam</td><td>MHS</td><td>340000</td><td>135194</td><td>50000.00</td></tr>\r\n			</table>', '2020-07-16 12:14:19'),
	(54, 'lenders', 'clearReturn', 'Clearing returns<br/><table class="table-striped" cellpadding=3>\r\n				<tr><th>#REFID</th><th>Lender</th><th>Borrower</th><th>Current Balance</th><th>Investment</th><th>Amount</th></tr>\r\n				<tr><td>683</td><td>Raam</td><td>Manikandan M</td><td>390000</td><td>135194</td><td>50000.00</td></tr>\r\n			</table>', '2020-07-16 12:14:23'),
	(55, 'lenders', 'clearReturn', 'Clearing returns<br/><table class="table-striped" cellpadding=3>\r\n				<tr><th>#REFID</th><th>Lender</th><th>Borrower</th><th>Current Balance</th><th>Investment</th><th>Amount</th></tr>\r\n				<tr><td>620</td><td>Pramesh</td><td>Jyothi Prakash</td><td>-501434</td><td>2782973</td><td>50000.00</td></tr>\r\n			</table>', '2020-07-16 12:14:26'),
	(56, 'lenders', 'clearReturn', 'Clearing returns<br/><table class="table-striped" cellpadding=3>\r\n				<tr><th>#REFID</th><th>Lender</th><th>Borrower</th><th>Current Balance</th><th>Investment</th><th>Amount</th></tr>\r\n				<tr><td>560</td><td>Pramesh</td><td>Gowtham</td><td>-451434</td><td>2782973</td><td>5000.00</td></tr>\r\n			</table>', '2020-07-16 12:14:28'),
	(57, 'lenders', 'clearReturn', 'Clearing returns<br/><table class="table-striped" cellpadding=3>\r\n				<tr><th>#REFID</th><th>Lender</th><th>Borrower</th><th>Current Balance</th><th>Investment</th><th>Amount</th></tr>\r\n				<tr><td>680</td><td>Thangavel Machan</td><td>Ramesh MD</td><td>-300000</td><td>250000</td><td>50000.00</td></tr>\r\n			</table>', '2020-07-16 12:14:33'),
	(58, 'lenders', 'clearReturn', 'Clearing returns<br/><table class="table-striped" cellpadding=3>\r\n				<tr><th>#REFID</th><th>Lender</th><th>Borrower</th><th>Current Balance</th><th>Investment</th><th>Amount</th></tr>\r\n				<tr><td>557</td><td>Muthukrishnan</td><td>Prabu Asset</td><td></td><td>0</td><td>50000.00</td></tr>\r\n			</table>', '2020-07-16 12:14:39'),
	(59, 'lenders', 'clearReturn', 'Clearing returns<br/><table class="table-striped" cellpadding=3>\r\n				<tr><th>#REFID</th><th>Lender</th><th>Borrower</th><th>Current Balance</th><th>Investment</th><th>Amount</th></tr>\r\n				<tr><td>572</td><td>Innomac Capitals</td><td>Ganesan Railway</td><td>-221000</td><td>585542.00</td><td>5000.00</td></tr>\r\n			</table>', '2020-09-18 07:53:55'),
	(60, 'lenders', 'clearReturn', 'Clearing returns<br/><table class="table-striped" cellpadding=3>\r\n				<tr><th>#REFID</th><th>Lender</th><th>Borrower</th><th>Current Balance</th><th>Investment</th><th>Amount</th></tr>\r\n				<tr><td>752</td><td>Innomac Capitals</td><td>Ganesan Railway</td><td>-216000</td><td>585542.00</td><td>1000.00</td></tr>\r\n			</table>', '2020-09-18 07:53:57'),
	(61, 'lenders', 'clearReturn', 'Clearing returns<br/><table class="table-striped" cellpadding=3>\r\n				<tr><th>#REFID</th><th>Lender</th><th>Borrower</th><th>Current Balance</th><th>Investment</th><th>Amount</th></tr>\r\n				<tr><td>844</td><td>Innomac Capitals</td><td>Ganesan Railway</td><td>-215000</td><td>585542.00</td><td>1000.00</td></tr>\r\n			</table>', '2020-09-18 07:53:57'),
	(62, 'lenders', 'clearReturn', 'Clearing returns<br/><table class="table-striped" cellpadding=3>\r\n				<tr><th>#REFID</th><th>Lender</th><th>Borrower</th><th>Current Balance</th><th>Investment</th><th>Amount</th></tr>\r\n				<tr><td>763</td><td>Pramesh</td><td>Kannan[Roommate]</td><td>-546434</td><td>2747181.40</td><td>2000.00</td></tr>\r\n			</table>', '2020-09-18 07:54:01'),
	(63, 'lenders', 'clearReturn', 'Clearing returns<br/><table class="table-striped" cellpadding=3>\r\n				<tr><th>#REFID</th><th>Lender</th><th>Borrower</th><th>Current Balance</th><th>Investment</th><th>Amount</th></tr>\r\n				<tr><td>828</td><td>Thangavel Machan</td><td>Kannan[Roommate]</td><td>-350000</td><td>190000.00</td><td>50000.00</td></tr>\r\n			</table>', '2020-09-18 07:54:04'),
	(64, 'lenders', 'clearReturn', 'Clearing returns<br/><table class="table-striped" cellpadding=3>\r\n				<tr><th>#REFID</th><th>Lender</th><th>Borrower</th><th>Current Balance</th><th>Investment</th><th>Amount</th></tr>\r\n				<tr><td>708</td><td>Innomac Capitals</td><td>Karthick Chithen</td><td>-214000</td><td>585542.00</td><td>20000.00</td></tr>\r\n			</table>', '2020-09-18 07:54:07'),
	(65, 'lenders', 'clearReturn', 'Clearing returns<br/><table class="table-striped" cellpadding=3>\r\n				<tr><th>#REFID</th><th>Lender</th><th>Borrower</th><th>Current Balance</th><th>Investment</th><th>Amount</th></tr>\r\n				<tr><td>868</td><td>Raam</td><td>Manikandan M</td><td>365000</td><td>155667.00</td><td>20000.00</td></tr>\r\n			</table>', '2020-09-18 07:54:11'),
	(66, 'lenders', 'clearReturn', 'Clearing returns<br/><table class="table-striped" cellpadding=3>\r\n				<tr><th>#REFID</th><th>Lender</th><th>Borrower</th><th>Current Balance</th><th>Investment</th><th>Amount</th></tr>\r\n				<tr><td>775</td><td>Prabakaran V</td><td>MHS</td><td>-150000</td><td>100000.00</td><td>50000.00</td></tr>\r\n			</table>', '2020-09-18 07:54:13'),
	(67, 'lenders', 'clearReturn', 'Clearing returns<br/><table class="table-striped" cellpadding=3>\r\n				<tr><th>#REFID</th><th>Lender</th><th>Borrower</th><th>Current Balance</th><th>Investment</th><th>Amount</th></tr>\r\n				<tr><td>815</td><td>Raam</td><td>MHS</td><td>385000</td><td>155667.00</td><td>25000.00</td></tr>\r\n			</table>', '2020-09-18 07:54:14'),
	(68, 'lenders', 'clearReturn', 'Clearing returns<br/><table class="table-striped" cellpadding=3>\r\n				<tr><th>#REFID</th><th>Lender</th><th>Borrower</th><th>Current Balance</th><th>Investment</th><th>Amount</th></tr>\r\n				<tr><td>805</td><td>Pramesh</td><td>Moorthy</td><td>-544434</td><td>2747181.40</td><td>43000.00</td></tr>\r\n			</table>', '2020-09-18 07:54:16'),
	(69, 'lenders', 'clearReturn', 'Clearing returns<br/><table class="table-striped" cellpadding=3>\r\n				<tr><th>#REFID</th><th>Lender</th><th>Borrower</th><th>Current Balance</th><th>Investment</th><th>Amount</th></tr>\r\n				<tr><td>801</td><td>Innomac Capitals</td><td>Panneerselvam</td><td>-194000</td><td>585542.00</td><td>65000.00</td></tr>\r\n			</table>', '2020-09-18 07:54:18'),
	(70, 'lenders', 'clearReturn', 'Clearing returns<br/><table class="table-striped" cellpadding=3>\r\n				<tr><th>#REFID</th><th>Lender</th><th>Borrower</th><th>Current Balance</th><th>Investment</th><th>Amount</th></tr>\r\n				<tr><td>799</td><td>Tyrion</td><td>Panneerselvam</td><td>-330000</td><td>400632.00</td><td>20000.00</td></tr>\r\n			</table>', '2020-09-18 07:54:19'),
	(71, 'lenders', 'clearReturn', 'Clearing returns<br/><table class="table-striped" cellpadding=3>\r\n				<tr><th>#REFID</th><th>Lender</th><th>Borrower</th><th>Current Balance</th><th>Investment</th><th>Amount</th></tr>\r\n				<tr><td>543</td><td>Raam</td><td>Panneerselvam</td><td>410000</td><td>155667.00</td><td>10000.00</td></tr>\r\n			</table>', '2020-09-18 07:54:19'),
	(72, 'lenders', 'clearReturn', 'Clearing returns<br/><table class="table-striped" cellpadding=3>\r\n				<tr><th>#REFID</th><th>Lender</th><th>Borrower</th><th>Current Balance</th><th>Investment</th><th>Amount</th></tr>\r\n				<tr><td>798</td><td>Pramesh</td><td>Panneerselvam</td><td>-501434</td><td>2747181.40</td><td>5000.00</td></tr>\r\n			</table>', '2020-09-18 07:54:20'),
	(73, 'lenders', 'clearReturn', 'Clearing returns<br/><table class="table-striped" cellpadding=3>\r\n				<tr><th>#REFID</th><th>Lender</th><th>Borrower</th><th>Current Balance</th><th>Investment</th><th>Amount</th></tr>\r\n				<tr><td>800</td><td>Prakash</td><td>Panneerselvam</td><td>-220000</td><td>150000.00</td><td>10000.00</td></tr>\r\n			</table>', '2020-09-18 07:54:21'),
	(74, 'lenders', 'clearReturn', 'Clearing returns<br/><table class="table-striped" cellpadding=3>\r\n				<tr><th>#REFID</th><th>Lender</th><th>Borrower</th><th>Current Balance</th><th>Investment</th><th>Amount</th></tr>\r\n				<tr><td>797</td><td>Pramesh</td><td>Panneerselvam</td><td>-496434</td><td>2747181.40</td><td>30000.00</td></tr>\r\n			</table>', '2020-09-18 07:54:21'),
	(75, 'lenders', 'clearReturn', 'Clearing returns<br/><table class="table-striped" cellpadding=3>\r\n				<tr><th>#REFID</th><th>Lender</th><th>Borrower</th><th>Current Balance</th><th>Investment</th><th>Amount</th></tr>\r\n				<tr><td>796</td><td>Tyrion</td><td>Panneerselvam</td><td>-310000</td><td>400632.00</td><td>50000.00</td></tr>\r\n			</table>', '2020-09-18 07:54:22'),
	(76, 'lenders', 'clearReturn', 'Clearing returns<br/><table class="table-striped" cellpadding=3>\r\n				<tr><th>#REFID</th><th>Lender</th><th>Borrower</th><th>Current Balance</th><th>Investment</th><th>Amount</th></tr>\r\n				<tr><td>795</td><td>Innomac Capitals</td><td>Panneerselvam</td><td>-129000</td><td>585542.00</td><td>10000.00</td></tr>\r\n			</table>', '2020-09-18 07:54:23'),
	(77, 'lenders', 'clearReturn', 'Clearing returns<br/><table class="table-striped" cellpadding=3>\r\n				<tr><th>#REFID</th><th>Lender</th><th>Borrower</th><th>Current Balance</th><th>Investment</th><th>Amount</th></tr>\r\n				<tr><td>704</td><td>Innomac Capitals</td><td>Paramasivam</td><td>-119000</td><td>585542.00</td><td>15000.00</td></tr>\r\n			</table>', '2020-09-18 07:54:29'),
	(78, 'lenders', 'clearReturn', 'Clearing returns<br/><table class="table-striped" cellpadding=3>\r\n				<tr><th>#REFID</th><th>Lender</th><th>Borrower</th><th>Current Balance</th><th>Investment</th><th>Amount</th></tr>\r\n				<tr><td>845</td><td>Prakash</td><td>Paramasivam</td><td>-210000</td><td>150000.00</td><td>60000.00</td></tr>\r\n			</table>', '2020-09-18 07:54:31'),
	(79, 'lenders', 'clearReturn', 'Clearing returns<br/><table class="table-striped" cellpadding=3>\r\n				<tr><th>#REFID</th><th>Lender</th><th>Borrower</th><th>Current Balance</th><th>Investment</th><th>Amount</th></tr>\r\n				<tr><td>681</td><td>Raam</td><td>Prabu Asset</td><td>420000</td><td>155667.00</td><td>100000.00</td></tr>\r\n			</table>', '2020-09-18 07:54:37'),
	(80, 'lenders', 'clearReturn', 'Clearing returns<br/><table class="table-striped" cellpadding=3>\r\n				<tr><th>#REFID</th><th>Lender</th><th>Borrower</th><th>Current Balance</th><th>Investment</th><th>Amount</th></tr>\r\n				<tr><td>771</td><td>Thangavel Machan</td><td>Ramakrishnan</td><td>-300000</td><td>190000.00</td><td>50000.00</td></tr>\r\n			</table>', '2020-09-18 07:54:38'),
	(81, 'lenders', 'clearReturn', 'Clearing returns<br/><table class="table-striped" cellpadding=3>\r\n				<tr><th>#REFID</th><th>Lender</th><th>Borrower</th><th>Current Balance</th><th>Investment</th><th>Amount</th></tr>\r\n				<tr><td>870</td><td>Thangavel Machan</td><td>Ramesh MD</td><td>-250000</td><td>190000.00</td><td>60000.00</td></tr>\r\n			</table>', '2020-09-18 07:54:39'),
	(82, 'lenders', 'clearReturn', 'Clearing returns<br/><table class="table-striped" cellpadding=3>\r\n				<tr><th>#REFID</th><th>Lender</th><th>Borrower</th><th>Current Balance</th><th>Investment</th><th>Amount</th></tr>\r\n				<tr><td>866</td><td>Pramesh</td><td>Ramkumar MRL</td><td>-466434</td><td>2747181.40</td><td>40000.00</td></tr>\r\n			</table>', '2020-09-18 07:54:40'),
	(83, 'lenders', 'clearReturn', 'Clearing returns<br/><table class="table-striped" cellpadding=3>\r\n				<tr><th>#REFID</th><th>Lender</th><th>Borrower</th><th>Current Balance</th><th>Investment</th><th>Amount</th></tr>\r\n				<tr><td>674</td><td>Innomac Capitals</td><td>Ranjith Rangasamy</td><td>-104000</td><td>585542.00</td><td>15000.00</td></tr>\r\n			</table>', '2020-09-18 07:54:41'),
	(84, 'lenders', 'clearReturn', 'Clearing returns<br/><table class="table-striped" cellpadding=3>\r\n				<tr><th>#REFID</th><th>Lender</th><th>Borrower</th><th>Current Balance</th><th>Investment</th><th>Amount</th></tr>\r\n				<tr><td>675</td><td>Raam</td><td>Ranjith Rangasamy</td><td>520000</td><td>155667.00</td><td>5000.00</td></tr>\r\n			</table>', '2020-09-18 07:54:41'),
	(85, 'lenders', 'clearReturn', 'Clearing returns<br/><table class="table-striped" cellpadding=3>\r\n				<tr><th>#REFID</th><th>Lender</th><th>Borrower</th><th>Current Balance</th><th>Investment</th><th>Amount</th></tr>\r\n				<tr><td>720</td><td>Pramesh</td><td>Selva Switch Team</td><td>-426434</td><td>2747181.40</td><td>20000.00</td></tr>\r\n			</table>', '2020-09-18 07:54:42'),
	(86, 'lenders', 'clearReturn', 'Clearing returns<br/><table class="table-striped" cellpadding=3>\r\n				<tr><th>#REFID</th><th>Lender</th><th>Borrower</th><th>Current Balance</th><th>Investment</th><th>Amount</th></tr>\r\n				<tr><td>965</td><td>Innomac Capitals</td><td>Dhanraj M</td><td>-159000</td><td>586000.00</td><td>25000.00</td></tr>\r\n			</table>', '2020-10-16 18:31:15'),
	(87, 'lenders', 'clearReturn', 'Clearing returns<br/><table class="table-striped" cellpadding=3>\r\n				<tr><th>#REFID</th><th>Lender</th><th>Borrower</th><th>Current Balance</th><th>Investment</th><th>Amount</th></tr>\r\n				<tr><td>889</td><td>Innomac Capitals</td><td>Ganesan Railway</td><td>-134000</td><td>586000.00</td><td>1000.00</td></tr>\r\n			</table>', '2020-10-16 18:31:17'),
	(88, 'lenders', 'clearReturn', 'Clearing returns<br/><table class="table-striped" cellpadding=3>\r\n				<tr><th>#REFID</th><th>Lender</th><th>Borrower</th><th>Current Balance</th><th>Investment</th><th>Amount</th></tr>\r\n				<tr><td>957</td><td>Innomac Capitals</td><td>Ganesan Railway</td><td>-133000</td><td>586000.00</td><td>600.00</td></tr>\r\n			</table>', '2020-10-16 18:31:18'),
	(89, 'lenders', 'clearReturn', 'Clearing returns<br/><table class="table-striped" cellpadding=3>\r\n				<tr><th>#REFID</th><th>Lender</th><th>Borrower</th><th>Current Balance</th><th>Investment</th><th>Amount</th></tr>\r\n				<tr><td>959</td><td>Innomac Capitals</td><td>Ganesan Railway</td><td>-132400</td><td>586000.00</td><td>400.00</td></tr>\r\n			</table>', '2020-10-16 18:31:19'),
	(90, 'lenders', 'clearReturn', 'Clearing returns<br/><table class="table-striped" cellpadding=3>\r\n				<tr><th>#REFID</th><th>Lender</th><th>Borrower</th><th>Current Balance</th><th>Investment</th><th>Amount</th></tr>\r\n				<tr><td>952</td><td>Innomac Capitals</td><td>Kannan[Roommate]</td><td>-132000</td><td>586000.00</td><td>5000.00</td></tr>\r\n			</table>', '2020-10-16 18:31:21'),
	(91, 'lenders', 'clearReturn', 'Clearing returns<br/><table class="table-striped" cellpadding=3>\r\n				<tr><th>#REFID</th><th>Lender</th><th>Borrower</th><th>Current Balance</th><th>Investment</th><th>Amount</th></tr>\r\n				<tr><td>951</td><td>Raam</td><td>Kannan[Roommate]</td><td>485000</td><td>155000.00</td><td>10000.00</td></tr>\r\n			</table>', '2020-10-16 18:31:23'),
	(92, 'lenders', 'clearReturn', 'Clearing returns<br/><table class="table-striped" cellpadding=3>\r\n				<tr><th>#REFID</th><th>Lender</th><th>Borrower</th><th>Current Balance</th><th>Investment</th><th>Amount</th></tr>\r\n				<tr><td>950</td><td>Pramesh</td><td>Kannan[Roommate]</td><td>-446434</td><td>2569037.70</td><td>25000.00</td></tr>\r\n			</table>', '2020-10-16 18:31:24'),
	(93, 'lenders', 'clearReturn', 'Clearing returns<br/><table class="table-striped" cellpadding=3>\r\n				<tr><th>#REFID</th><th>Lender</th><th>Borrower</th><th>Current Balance</th><th>Investment</th><th>Amount</th></tr>\r\n				<tr><td>949</td><td>Tyrion</td><td>Kannan[Roommate]</td><td>-365000</td><td>434343.00</td><td>20000.00</td></tr>\r\n			</table>', '2020-10-16 18:31:24'),
	(94, 'lenders', 'clearReturn', 'Clearing returns<br/><table class="table-striped" cellpadding=3>\r\n				<tr><th>#REFID</th><th>Lender</th><th>Borrower</th><th>Current Balance</th><th>Investment</th><th>Amount</th></tr>\r\n				<tr><td>932</td><td>Raam</td><td>Mahesh</td><td>495000</td><td>155000.00</td><td>30000.00</td></tr>\r\n			</table>', '2020-10-16 18:31:27'),
	(95, 'lenders', 'clearReturn', 'Clearing returns<br/><table class="table-striped" cellpadding=3>\r\n				<tr><th>#REFID</th><th>Lender</th><th>Borrower</th><th>Current Balance</th><th>Investment</th><th>Amount</th></tr>\r\n				<tr><td>926</td><td>Prabakaran V</td><td>Pazhani Udhayam</td><td>-100000</td><td>0.00</td><td>60000.00</td></tr>\r\n			</table>', '2020-10-16 18:31:30'),
	(96, 'lenders', 'clearReturn', 'Clearing returns<br/><table class="table-striped" cellpadding=3>\r\n				<tr><th>#REFID</th><th>Lender</th><th>Borrower</th><th>Current Balance</th><th>Investment</th><th>Amount</th></tr>\r\n				<tr><td>928</td><td>Prabakaran V</td><td>Pazhani Udhayam</td><td>-40000</td><td>0.00</td><td>10000.00</td></tr>\r\n			</table>', '2020-10-16 18:31:31'),
	(97, 'lenders', 'clearReturn', 'Clearing returns<br/><table class="table-striped" cellpadding=3>\r\n				<tr><th>#REFID</th><th>Lender</th><th>Borrower</th><th>Current Balance</th><th>Investment</th><th>Amount</th></tr>\r\n				<tr><td>930</td><td>Prabakaran V</td><td>Pazhani Udhayam</td><td>-30000</td><td>0.00</td><td>30000.00</td></tr>\r\n			</table>', '2020-10-16 18:31:32'),
	(98, 'lenders', 'clearReturn', 'Clearing returns<br/><table class="table-striped" cellpadding=3>\r\n				<tr><th>#REFID</th><th>Lender</th><th>Borrower</th><th>Current Balance</th><th>Investment</th><th>Amount</th></tr>\r\n				<tr><td>962</td><td>Pramesh</td><td>Prabu Asset</td><td>-421434</td><td>2569037.70</td><td>20000.00</td></tr>\r\n			</table>', '2020-10-16 18:31:35'),
	(99, 'lenders', 'clearReturn', 'Clearing returns<br/><table class="table-striped" cellpadding=3>\r\n				<tr><th>#REFID</th><th>Lender</th><th>Borrower</th><th>Current Balance</th><th>Investment</th><th>Amount</th></tr>\r\n				<tr><td>960</td><td>Pramesh</td><td>Praveen Kumar</td><td>-401434</td><td>2569037.70</td><td>150000.00</td></tr>\r\n			</table>', '2020-10-16 18:31:35'),
	(100, 'lenders', 'clearReturn', 'Clearing returns<br/><table class="table-striped" cellpadding=3>\r\n				<tr><th>#REFID</th><th>Lender</th><th>Borrower</th><th>Current Balance</th><th>Investment</th><th>Amount</th></tr>\r\n				<tr><td>924</td><td>Prakash</td><td>Ramakrishnan</td><td>-330000</td><td>320000.00</td><td>10000.00</td></tr>\r\n			</table>', '2020-10-16 18:31:37'),
	(101, 'lenders', 'clearReturn', 'Clearing returns<br/><table class="table-striped" cellpadding=3>\r\n				<tr><th>#REFID</th><th>Lender</th><th>Borrower</th><th>Current Balance</th><th>Investment</th><th>Amount</th></tr>\r\n				<tr><td>925</td><td>Pramesh</td><td>Ramakrishnan</td><td>-251434</td><td>2569037.70</td><td>80000.00</td></tr>\r\n			</table>', '2020-10-16 18:31:38'),
	(102, 'lenders', 'clearReturn', 'Clearing returns<br/><table class="table-striped" cellpadding=3>\r\n				<tr><th>#REFID</th><th>Lender</th><th>Borrower</th><th>Current Balance</th><th>Investment</th><th>Amount</th></tr>\r\n				<tr><td>923</td><td>Tyrion</td><td>Ramakrishnan</td><td>-345000</td><td>434343.00</td><td>10000.00</td></tr>\r\n			</table>', '2020-10-16 18:31:39'),
	(103, 'lenders', 'clearReturn', 'Clearing returns<br/><table class="table-striped" cellpadding=3>\r\n				<tr><th>#REFID</th><th>Lender</th><th>Borrower</th><th>Current Balance</th><th>Investment</th><th>Amount</th></tr>\r\n				<tr><td>922</td><td>Tyrion</td><td>Ramakrishnan</td><td>-335000</td><td>434343.00</td><td>50000.00</td></tr>\r\n			</table>', '2020-10-16 18:31:40'),
	(104, 'lenders', 'clearReturn', 'Clearing returns<br/><table class="table-striped" cellpadding=3>\r\n				<tr><th>#REFID</th><th>Lender</th><th>Borrower</th><th>Current Balance</th><th>Investment</th><th>Amount</th></tr>\r\n				<tr><td>964</td><td>Thangavel Machan</td><td>Ramesh MD</td><td>-190000</td><td>0.00</td><td>190000.00</td></tr>\r\n			</table>', '2020-10-16 18:31:42'),
	(105, 'lenders', 'clearReturn', 'Clearing returns<br/><table class="table-striped" cellpadding=3>\r\n				<tr><th>#REFID</th><th>Lender</th><th>Borrower</th><th>Current Balance</th><th>Investment</th><th>Amount</th></tr>\r\n				<tr><td>911</td><td>Innomac Capitals</td><td>Ramprabu</td><td>-127000</td><td>586000.00</td><td>15000.00</td></tr>\r\n			</table>', '2020-10-16 18:31:43'),
	(106, 'lenders', 'clearReturn', 'Clearing returns<br/><table class="table-striped" cellpadding=3>\r\n				<tr><th>#REFID</th><th>Lender</th><th>Borrower</th><th>Current Balance</th><th>Investment</th><th>Amount</th></tr>\r\n				<tr><td>953</td><td>Pramesh</td><td>Selva Raam</td><td>-171434</td><td>2569037.70</td><td>40000.00</td></tr>\r\n			</table>', '2020-10-16 18:31:47'),
	(107, 'lenders', 'clearReturn', 'Clearing returns<br/><table class="table-striped" cellpadding=3>\r\n				<tr><th>#REFID</th><th>Lender</th><th>Borrower</th><th>Current Balance</th><th>Investment</th><th>Amount</th></tr>\r\n				<tr><td>898</td><td>Tyrion</td><td>Vijayanand</td><td>-285000</td><td>434343.00</td><td>10000.00</td></tr>\r\n			</table>', '2020-10-16 18:31:49');
/*!40000 ALTER TABLE `comments` ENABLE KEYS */;

-- Dumping structure for table pramesh.comments_rel
CREATE TABLE IF NOT EXISTS `comments_rel` (
  `commentid` int(11) DEFAULT NULL,
  `tablename` varchar(50) DEFAULT NULL,
  `id` int(11) DEFAULT NULL
) ENGINE=InnoDB DEFAULT CHARSET=latin1;

-- Dumping data for table pramesh.comments_rel: ~189 rows (approximately)
/*!40000 ALTER TABLE `comments_rel` DISABLE KEYS */;
INSERT INTO `comments_rel` (`commentid`, `tablename`, `id`) VALUES
	(10, 'transactions', 159),
	(10, 'lenders', 6),
	(11, 'transactions', 105),
	(11, 'lenders', 2),
	(12, 'transactions', 109),
	(12, 'lenders', 2),
	(13, 'transactions', 111),
	(13, 'lenders', 2),
	(14, 'transactions', 122),
	(14, 'lenders', 2),
	(15, 'transactions', 139),
	(15, 'lenders', 2),
	(16, 'transactions', 156),
	(16, 'lenders', 2),
	(17, 'transactions', 210),
	(17, 'lenders', 2),
	(18, 'transactions', 128),
	(18, 'lenders', 7),
	(19, 'transactions', 128),
	(19, 'lenders', 7),
	(20, 'transactions', 303),
	(20, 'lenders', 2),
	(21, 'transactions', 306),
	(21, 'lenders', 7),
	(22, 'transactions', 304),
	(22, 'lenders', 7),
	(23, 'transactions', 360),
	(23, 'lenders', 6),
	(24, 'transactions', 323),
	(24, 'lenders', 8),
	(25, 'transactions', 322),
	(25, 'lenders', 2),
	(26, 'transactions', 361),
	(26, 'lenders', 6),
	(27, 'transactions', 334),
	(27, 'lenders', 2),
	(28, 'transactions', 365),
	(28, 'lenders', 8),
	(29, 'transactions', 367),
	(29, 'lenders', 2),
	(30, 'transactions', 368),
	(30, 'lenders', 1),
	(31, 'transactions', 442),
	(31, 'lenders', 6),
	(32, 'transactions', 383),
	(32, 'lenders', 7),
	(33, 'transactions', 450),
	(33, 'lenders', 7),
	(34, 'transactions', 366),
	(34, 'lenders', 8),
	(35, 'transactions', 420),
	(35, 'lenders', 8),
	(36, 'transactions', 454),
	(36, 'lenders', 1),
	(37, 'transactions', 396),
	(37, 'lenders', 1),
	(38, 'transactions', 447),
	(38, 'lenders', 2),
	(39, 'transactions', 451),
	(39, 'lenders', 8),
	(40, 'transactions', 449),
	(40, 'lenders', 7),
	(41, 'transactions', 452),
	(41, 'lenders', 8),
	(42, 'transactions', 502),
	(42, 'lenders', 2),
	(43, 'transactions', 503),
	(43, 'lenders', 2),
	(44, 'transactions', 550),
	(44, 'lenders', 6),
	(45, 'transactions', 629),
	(45, 'lenders', 7),
	(46, 'transactions', 569),
	(46, 'lenders', 1),
	(47, 'transactions', 676),
	(47, 'lenders', 1),
	(48, 'transactions', 700),
	(48, 'lenders', 6),
	(49, 'transactions', 702),
	(49, 'lenders', 6),
	(50, 'transactions', 698),
	(50, 'lenders', 6),
	(51, 'transactions', 696),
	(51, 'lenders', 6),
	(52, 'transactions', 547),
	(52, 'lenders', 8),
	(53, 'transactions', 677),
	(53, 'lenders', 7),
	(54, 'transactions', 683),
	(54, 'lenders', 7),
	(55, 'transactions', 620),
	(55, 'lenders', 2),
	(56, 'transactions', 560),
	(56, 'lenders', 2),
	(57, 'transactions', 680),
	(57, 'lenders', 11),
	(58, 'transactions', 557),
	(58, 'lenders', 4),
	(59, 'transactions', 572),
	(59, 'lenders', 8),
	(60, 'transactions', 752),
	(60, 'lenders', 8),
	(61, 'transactions', 844),
	(61, 'lenders', 8),
	(62, 'transactions', 763),
	(62, 'lenders', 2),
	(63, 'transactions', 828),
	(63, 'lenders', 11),
	(64, 'transactions', 708),
	(64, 'lenders', 8),
	(65, 'transactions', 868),
	(65, 'lenders', 7),
	(66, 'transactions', 775),
	(66, 'lenders', 10),
	(67, 'transactions', 815),
	(67, 'lenders', 7),
	(68, 'transactions', 805),
	(68, 'lenders', 2),
	(69, 'transactions', 801),
	(69, 'lenders', 8),
	(70, 'transactions', 799),
	(70, 'lenders', 1),
	(71, 'transactions', 543),
	(71, 'lenders', 7),
	(72, 'transactions', 798),
	(72, 'lenders', 2),
	(73, 'transactions', 800),
	(73, 'lenders', 9),
	(74, 'transactions', 797),
	(74, 'lenders', 2),
	(75, 'transactions', 796),
	(75, 'lenders', 1),
	(76, 'transactions', 795),
	(76, 'lenders', 8),
	(77, 'transactions', 704),
	(77, 'lenders', 8),
	(78, 'transactions', 845),
	(78, 'lenders', 9),
	(79, 'transactions', 681),
	(79, 'lenders', 7),
	(80, 'transactions', 771),
	(80, 'lenders', 11),
	(81, 'transactions', 870),
	(81, 'lenders', 11),
	(82, 'transactions', 866),
	(82, 'lenders', 2),
	(83, 'transactions', 674),
	(83, 'lenders', 8),
	(84, 'transactions', 675),
	(84, 'lenders', 7),
	(85, 'transactions', 720),
	(85, 'lenders', 2),
	(86, 'transactions', 965),
	(86, 'lenders', 8),
	(87, 'transactions', 889),
	(87, 'lenders', 8),
	(88, 'transactions', 957),
	(88, 'lenders', 8),
	(89, 'transactions', 959),
	(89, 'lenders', 8),
	(90, 'transactions', 952),
	(90, 'lenders', 8),
	(91, 'transactions', 951),
	(91, 'lenders', 7),
	(92, 'transactions', 950),
	(92, 'lenders', 2),
	(93, 'transactions', 949),
	(93, 'lenders', 1),
	(94, 'transactions', 932),
	(94, 'lenders', 7),
	(95, 'transactions', 926),
	(95, 'lenders', 10),
	(96, 'transactions', 928),
	(96, 'lenders', 10),
	(97, 'transactions', 930),
	(97, 'lenders', 10),
	(98, 'transactions', 962),
	(98, 'lenders', 2),
	(99, 'transactions', 960),
	(99, 'lenders', 2),
	(100, 'transactions', 924),
	(100, 'lenders', 9),
	(101, 'transactions', 925),
	(101, 'lenders', 2),
	(102, 'transactions', 923),
	(102, 'lenders', 1),
	(103, 'transactions', 922),
	(103, 'lenders', 1),
	(104, 'transactions', 964),
	(104, 'lenders', 11),
	(105, 'transactions', 911),
	(105, 'lenders', 8),
	(106, 'transactions', 953),
	(106, 'lenders', 2),
	(107, 'transactions', 898),
	(107, 'lenders', 1);
/*!40000 ALTER TABLE `comments_rel` ENABLE KEYS */;

-- Dumping structure for table pramesh.investments
CREATE TABLE IF NOT EXISTS `investments` (
  `id` int(11) NOT NULL AUTO_INCREMENT,
  `lenderid` int(11) NOT NULL DEFAULT '0',
  `txn_date` date NOT NULL,
  `bank_date` date NOT NULL,
  `amount` decimal(10,2) NOT NULL DEFAULT '0.00',
  `current_balance` decimal(10,2) NOT NULL DEFAULT '0.00',
  `transaction_type` enum('C','D') NOT NULL,
  `transaction_category` enum('Loan','Interest','Expense') NOT NULL,
  `description` varchar(100) NOT NULL,
  `created_on` datetime NOT NULL DEFAULT CURRENT_TIMESTAMP,
  `modified_on` timestamp NOT NULL DEFAULT CURRENT_TIMESTAMP ON UPDATE CURRENT_TIMESTAMP,
  PRIMARY KEY (`id`),
  KEY `FK_investments_lenders` (`lenderid`),
  CONSTRAINT `FK_investments_lenders` FOREIGN KEY (`lenderid`) REFERENCES `lenders` (`id`)
) ENGINE=InnoDB AUTO_INCREMENT=522 DEFAULT CHARSET=latin1;

-- Dumping data for table pramesh.investments: ~267 rows (approximately)
/*!40000 ALTER TABLE `investments` DISABLE KEYS */;
INSERT INTO `investments` (`id`, `lenderid`, `txn_date`, `bank_date`, `amount`, `current_balance`, `transaction_type`, `transaction_category`, `description`, `created_on`, `modified_on`) VALUES
	(56, 5, '2020-01-16', '0000-00-00', 18260.00, 0.00, 'C', 'Interest', 'Interest Capitalized for Jan-2020', '2020-01-16 08:50:13', '2020-01-16 08:50:13'),
	(57, 6, '2020-01-16', '0000-00-00', 9327.00, 0.00, 'C', 'Interest', 'Interest Capitalized for Jan-2020', '2020-01-16 08:50:13', '2020-01-16 08:50:13'),
	(58, 8, '2020-01-16', '0000-00-00', 39480.00, 0.00, 'C', 'Interest', 'Interest Capitalized for Jan-2020', '2020-01-16 08:50:14', '2020-01-16 08:50:14'),
	(59, 3, '2020-01-16', '0000-00-00', 5650.00, 0.00, 'C', 'Interest', 'Interest Capitalized for Jan-2020', '2020-01-16 08:50:14', '2020-01-16 12:39:37'),
	(60, 4, '2020-01-16', '0000-00-00', 2150.00, 0.00, 'C', 'Interest', 'Interest Capitalized for Jan-2020', '2020-01-16 08:50:14', '2020-01-16 08:50:14'),
	(61, 2, '2020-01-16', '0000-00-00', 227795.00, 0.00, 'C', 'Interest', 'Interest Capitalized for Jan-2020', '2020-01-16 08:50:14', '2020-01-16 08:50:14'),
	(62, 7, '2020-01-16', '0000-00-00', 10320.00, 0.00, 'C', 'Interest', 'Interest Capitalized for Jan-2020', '2020-01-16 08:50:14', '2020-01-16 12:48:33'),
	(63, 1, '2020-01-16', '0000-00-00', 680.00, 0.00, 'C', 'Interest', 'Interest Capitalized for Jan-2020', '2020-01-16 08:50:14', '2020-01-16 08:50:14'),
	(64, 1, '2020-01-16', '0000-00-00', 7201.00, 680.00, 'C', 'Interest', 'Commission Capitalized for Jan-2020', '2020-01-16 08:50:14', '2020-01-16 08:50:14'),
	(65, 4, '2019-12-15', '2019-12-15', 2150.00, 2150.00, 'D', 'Interest', 'Interest Settled', '2020-01-16 08:52:45', '2020-01-16 08:52:45'),
	(66, 3, '2019-12-12', '2019-12-15', 5650.00, 5650.00, 'D', 'Interest', 'Interest Settled', '2020-01-16 08:53:59', '2020-01-16 12:39:43'),
	(67, 5, '2019-12-15', '2019-12-15', 18260.00, 18260.00, 'D', 'Interest', 'Interest Settled', '2020-01-16 08:54:27', '2020-01-16 08:54:27'),
	(68, 6, '2019-12-15', '2019-12-15', 9237.00, 9327.00, 'D', 'Interest', 'Interest Settled', '2020-01-16 08:54:57', '2020-01-16 08:54:57'),
	(69, 6, '2019-12-15', '2019-12-15', 90.00, 90.00, 'D', 'Interest', 'Interest Settled', '2020-01-16 08:55:37', '2020-01-16 08:55:37'),
	(70, 7, '2019-12-15', '2019-12-15', 10320.00, 10320.00, 'D', 'Interest', 'Interest Settled', '2020-01-16 08:55:59', '2020-01-16 12:48:31'),
	(71, 8, '2019-12-15', '2019-12-15', 39480.00, 39480.00, 'D', 'Interest', 'Interest Settled', '2020-01-16 08:56:33', '2020-01-16 08:56:33'),
	(72, 5, '2020-01-16', '0000-00-00', 1900.00, 0.00, 'C', 'Interest', 'Interest Capitalized for Jan-2020', '2020-01-16 12:58:22', '2020-01-16 12:58:22'),
	(73, 6, '2020-01-16', '0000-00-00', 484.00, 0.00, 'C', 'Interest', 'Interest Capitalized for Jan-2020', '2020-01-16 12:58:22', '2020-01-16 12:58:22'),
	(74, 8, '2020-01-16', '0000-00-00', 3684.00, 0.00, 'C', 'Interest', 'Interest Capitalized for Jan-2020', '2020-01-16 12:58:22', '2020-01-16 12:58:22'),
	(75, 3, '2020-01-16', '0000-00-00', 1500.00, 0.00, 'C', 'Interest', 'Interest Capitalized for Jan-2020', '2020-01-16 12:58:22', '2020-01-16 12:58:22'),
	(76, 4, '2020-01-16', '0000-00-00', 775.00, 0.00, 'C', 'Interest', 'Interest Capitalized for Jan-2020', '2020-01-16 12:58:22', '2020-01-16 12:58:22'),
	(77, 2, '2020-01-16', '0000-00-00', 22418.00, 227795.00, 'C', 'Interest', 'Interest Capitalized for Jan-2020', '2020-01-16 12:58:22', '2020-01-16 12:58:22'),
	(78, 7, '2020-01-16', '0000-00-00', 6132.00, 0.00, 'C', 'Interest', 'Interest Capitalized for Jan-2020', '2020-01-16 12:58:22', '2020-01-16 12:58:22'),
	(79, 1, '2020-01-16', '0000-00-00', 1240.00, 7881.00, 'C', 'Interest', 'Interest Capitalized for Jan-2020', '2020-01-16 12:58:22', '2020-01-16 12:58:22'),
	(80, 1, '2020-01-16', '0000-00-00', 2433.00, 9121.00, 'C', 'Interest', 'Commission Capitalized for Jan-2020', '2020-01-16 12:58:22', '2020-01-16 12:58:22'),
	(81, 3, '2020-01-16', '2020-01-16', 1500.00, 1500.00, 'D', 'Interest', 'Interest Settled', '2020-01-16 13:00:12', '2020-01-16 13:00:12'),
	(82, 4, '2020-01-16', '2020-01-16', 775.00, 775.00, 'D', 'Interest', 'Interest Settled', '2020-01-16 13:01:30', '2020-01-16 13:01:30'),
	(83, 5, '2020-01-16', '2020-01-16', 1900.00, 1900.00, 'D', 'Interest', 'Interest Settled', '2020-01-16 13:01:48', '2020-01-16 13:01:48'),
	(84, 6, '2020-01-16', '2020-01-16', 484.00, 484.00, 'D', 'Interest', 'Interest Settled', '2020-01-16 13:04:04', '2020-01-16 13:04:04'),
	(85, 7, '2020-01-16', '2020-01-16', 6132.00, 6132.00, 'D', 'Interest', 'Interest Settled', '2020-01-16 13:05:34', '2020-01-16 13:05:34'),
	(86, 8, '2020-01-16', '2020-01-16', 3684.00, 3684.00, 'D', 'Interest', 'Interest Settled', '2020-01-16 13:07:21', '2020-01-16 13:07:21'),
	(87, 8, '2020-01-16', '0000-00-00', 468.00, 0.00, 'C', 'Interest', 'Interest Capitalized for Jan-2020', '2020-01-16 18:29:33', '2020-01-16 18:29:33'),
	(88, 2, '2020-01-16', '0000-00-00', 880.00, 250213.00, 'C', 'Interest', 'Interest Capitalized for Jan-2020', '2020-01-16 18:29:33', '2020-01-16 18:29:33'),
	(89, 7, '2020-01-16', '0000-00-00', 207.00, 0.00, 'C', 'Interest', 'Interest Capitalized for Jan-2020', '2020-01-16 18:29:33', '2020-01-16 18:29:33'),
	(90, 1, '2020-01-16', '0000-00-00', 744.00, 11554.00, 'C', 'Interest', 'Interest Capitalized for Jan-2020', '2020-01-16 18:29:33', '2020-01-16 18:29:33'),
	(91, 1, '2020-01-16', '0000-00-00', 41.00, 12298.00, 'C', 'Interest', 'Commission Capitalized for Jan-2020', '2020-01-16 18:29:33', '2020-01-16 18:29:33'),
	(92, 8, '2020-01-16', '2020-01-16', 468.00, 468.00, 'D', 'Interest', 'vijayanand interest tally', '2020-01-16 18:30:32', '2020-01-16 18:30:32'),
	(93, 7, '2019-08-12', '2019-08-12', 100000.00, 207.00, 'C', 'Loan', 'For Prabu Asset', '2020-01-31 08:54:10', '2020-01-31 08:59:59'),
	(94, 7, '2019-08-25', '2019-08-25', 100000.00, 100207.00, 'C', 'Loan', 'For Kannan ', '2020-01-31 09:04:14', '2020-01-31 09:04:14'),
	(95, 7, '2019-10-26', '2019-10-26', 10000.00, 200207.00, 'C', 'Loan', 'Vinayagam', '2020-01-31 09:12:10', '2020-01-31 09:12:10'),
	(96, 7, '2020-01-12', '2020-01-12', 100000.00, 210207.00, 'C', 'Loan', 'Pazhani Udhayam Hotel', '2020-01-31 09:12:53', '2020-01-31 09:12:53'),
	(97, 7, '2020-01-23', '2020-01-23', 50000.00, 310207.00, 'C', 'Loan', 'MHS', '2020-01-31 09:13:55', '2020-01-31 09:13:55'),
	(98, 7, '2020-01-23', '2020-01-23', 50000.00, 360207.00, 'C', 'Loan', 'Prabakaran', '2020-01-31 09:15:28', '2020-01-31 09:15:28'),
	(99, 7, '2020-01-25', '2020-01-25', 100000.00, 410207.00, 'C', 'Loan', 'Sadam', '2020-01-31 09:16:03', '2020-01-31 09:16:03'),
	(100, 7, '2020-01-25', '2020-01-25', 45000.00, 510207.00, 'C', 'Loan', 'Mahesh', '2020-01-31 09:16:25', '2020-01-31 09:16:25'),
	(101, 1, '2019-12-01', '2019-12-01', 30000.00, 12339.00, 'C', 'Loan', 'Vinayagam', '2020-02-02 11:34:51', '2020-02-02 11:36:31'),
	(102, 1, '2019-11-30', '2019-11-30', 20000.00, 42339.00, 'C', 'Loan', 'Manikandan M', '2020-02-02 11:36:02', '2020-02-02 11:36:02'),
	(103, 1, '2019-11-14', '2019-11-14', 50000.00, 62339.00, 'C', 'Loan', 'Murugesan', '2020-02-02 11:39:13', '2020-02-02 11:39:45'),
	(104, 2, '2020-02-02', '2020-02-02', 251093.00, 251093.00, 'D', 'Interest', 'Account Tally', '2020-02-02 11:49:08', '2020-02-02 11:49:08'),
	(105, 2, '2017-12-12', '2017-12-12', 10000.00, 0.00, 'C', 'Loan', 'Suganya[Prakash]', '2020-02-02 11:51:59', '2020-02-02 11:51:59'),
	(106, 2, '2017-12-12', '2017-12-12', 10000.00, 0.00, 'C', 'Loan', 'Suganya[Prakash]', '2020-02-02 11:52:23', '2020-02-02 11:52:23'),
	(107, 2, '2018-07-01', '2018-07-01', 83424.00, 10000.00, 'C', 'Loan', 'Manimaran', '2020-02-02 11:52:23', '2020-02-02 11:52:23'),
	(108, 2, '2018-08-01', '2018-08-01', 50000.00, 93424.00, 'C', 'Loan', 'Sathiaraj', '2020-02-02 11:52:23', '2020-02-02 11:52:23'),
	(109, 2, '2018-10-16', '2018-10-16', 10000.00, 143424.00, 'C', 'Loan', 'Saroja (Cook)', '2020-02-02 11:52:23', '2020-02-02 11:52:23'),
	(110, 2, '2018-11-21', '2018-11-21', 100000.00, 153424.00, 'C', 'Loan', 'MHS', '2020-02-02 11:52:23', '2020-02-02 11:52:23'),
	(111, 2, '2015-10-01', '2015-10-01', 43000.00, 253424.00, 'C', 'Loan', 'Moorthy', '2020-02-02 11:52:23', '2020-02-02 11:52:23'),
	(112, 2, '2018-12-12', '2018-12-12', 15000.00, 296424.00, 'C', 'Loan', 'Manikandan M', '2020-02-02 11:52:24', '2020-02-02 11:52:24'),
	(113, 2, '2019-01-26', '2019-01-26', 100000.00, 311424.00, 'C', 'Loan', 'Sarath[MHS Frd]', '2020-02-02 11:52:24', '2020-02-02 11:52:24'),
	(114, 2, '2019-02-06', '2019-02-06', 20000.00, 411424.00, 'C', 'Loan', 'Manikandan M', '2020-02-02 11:52:24', '2020-02-02 11:52:24'),
	(115, 2, '2019-03-01', '2019-03-01', 10000.00, 431424.00, 'C', 'Loan', 'Gowtham', '2020-02-02 11:52:24', '2020-02-02 11:52:24'),
	(116, 2, '2019-03-09', '2019-03-09', 30000.00, 441424.00, 'C', 'Loan', 'Manikandan M', '2020-02-02 11:52:24', '2020-02-02 11:52:24'),
	(117, 2, '2019-04-01', '2019-04-01', 10000.00, 471424.00, 'C', 'Loan', 'Saroja (Cook)', '2020-02-02 11:52:24', '2020-02-02 11:52:24'),
	(118, 2, '2019-04-01', '2019-04-01', 19000.00, 481424.00, 'C', 'Loan', 'Prabakaran', '2020-02-02 11:52:24', '2020-02-02 11:52:24'),
	(119, 2, '2019-05-01', '2019-05-01', 15218.00, 500424.00, 'C', 'Loan', 'Mohan VSB', '2020-02-02 11:52:24', '2020-02-02 11:52:24'),
	(120, 2, '2019-06-05', '2019-06-05', 15000.00, 515642.00, 'C', 'Loan', 'Pivin Beeman', '2020-02-02 11:52:24', '2020-02-02 11:52:24'),
	(121, 2, '2019-05-16', '2019-05-16', 20000.00, 530642.00, 'C', 'Loan', 'Saroja (Cook)', '2020-02-02 11:52:24', '2020-02-02 11:52:24'),
	(122, 2, '2019-05-20', '2019-05-20', 50000.00, 550642.00, 'C', 'Loan', 'Prabakaran', '2020-02-02 11:52:24', '2020-02-02 11:52:24'),
	(123, 2, '2019-10-01', '2019-10-01', 50000.00, 600642.00, 'C', 'Loan', 'Ramkumar MRL', '2020-02-02 11:52:24', '2020-02-02 11:52:24'),
	(124, 2, '2019-07-22', '2019-07-22', 50000.00, 650642.00, 'C', 'Loan', 'Praveen Jhon', '2020-02-02 11:52:24', '2020-02-02 11:52:24'),
	(125, 2, '2019-07-20', '2019-07-20', 35000.00, 700642.00, 'C', 'Loan', 'Panneerselvam', '2020-02-02 11:52:24', '2020-02-02 11:52:24'),
	(126, 2, '2019-08-01', '2019-08-01', 25000.00, 735642.00, 'C', 'Loan', 'Selva Switch Team', '2020-02-02 11:52:24', '2020-02-02 11:52:24'),
	(127, 2, '2019-04-25', '2019-04-25', 300000.00, 760642.00, 'C', 'Loan', 'Moorthy & Raam', '2020-02-02 11:52:24', '2020-02-02 11:52:24'),
	(128, 2, '2019-12-31', '2019-12-31', 100000.00, 1060642.00, 'C', 'Loan', 'Prem MRL', '2020-02-02 11:52:24', '2020-02-02 11:52:24'),
	(129, 2, '2019-10-01', '2019-10-01', 100000.00, 1160642.00, 'C', 'Loan', 'Ranjith Aravakurichi', '2020-02-02 11:52:24', '2020-02-02 11:52:24'),
	(130, 2, '2019-08-28', '2019-08-28', 50000.00, 1260642.00, 'C', 'Loan', 'Saroja (Cook)', '2020-02-02 11:52:25', '2020-02-02 11:52:25'),
	(131, 2, '2019-09-04', '2019-09-04', 40000.00, 1310642.00, 'C', 'Loan', 'Ramkumar MRL', '2020-02-02 11:52:25', '2020-02-02 11:52:25'),
	(132, 2, '2019-09-01', '2019-09-01', 10000.00, 1350642.00, 'C', 'Loan', 'Raamrasi', '2020-02-02 11:52:25', '2020-02-02 11:52:25'),
	(133, 2, '2019-09-06', '2019-09-06', 50000.00, 1360642.00, 'C', 'Loan', 'Prabu Asset', '2020-02-02 11:52:25', '2020-02-02 11:52:25'),
	(134, 2, '2019-09-11', '2019-09-11', 50000.00, 1410642.00, 'C', 'Loan', 'Murugesan', '2020-02-02 11:52:25', '2020-02-02 11:52:25'),
	(135, 2, '2019-09-16', '2019-09-16', 10000.00, 1460642.00, 'C', 'Loan', 'Praveen Kumar', '2020-02-02 11:52:25', '2020-02-02 11:52:25'),
	(136, 2, '2019-09-18', '2019-09-18', 20000.00, 1470642.00, 'C', 'Loan', 'Selva Switch Team', '2020-02-02 11:52:25', '2020-02-02 11:52:25'),
	(137, 2, '2019-07-12', '2019-07-12', 20000.00, 1490642.00, 'C', 'Loan', 'Raamrasi', '2020-02-02 11:52:25', '2020-02-02 11:52:25'),
	(138, 2, '2019-11-01', '2019-11-01', 200000.00, 1510642.00, 'C', 'Loan', 'Moorthi SRM', '2020-02-02 11:52:25', '2020-02-02 11:52:25'),
	(139, 2, '2019-11-14', '2019-11-14', 100000.00, 1710642.00, 'C', 'Loan', 'Selva Raam', '2020-02-02 11:52:25', '2020-02-02 11:52:25'),
	(140, 2, '2019-12-10', '2019-12-10', 50000.00, 1810642.00, 'C', 'Loan', 'Vinayagam', '2020-02-02 11:52:25', '2020-02-02 11:52:25'),
	(141, 2, '2019-12-11', '2019-12-11', 30000.00, 1860642.00, 'C', 'Loan', 'MHS', '2020-02-02 11:52:25', '2020-02-02 11:52:25'),
	(142, 2, '2019-12-13', '2019-12-13', 20000.00, 1890642.00, 'C', 'Loan', 'Selva Raam', '2020-02-02 11:52:25', '2020-02-02 11:52:25'),
	(143, 2, '2019-12-14', '2019-12-14', 10000.00, 1910642.00, 'C', 'Loan', 'Karthikeyan MRL', '2020-02-02 11:52:25', '2020-02-02 11:52:25'),
	(144, 2, '2019-12-20', '2019-12-20', 50000.00, 1920642.00, 'C', 'Loan', 'MHS', '2020-02-02 11:52:25', '2020-02-02 11:52:25'),
	(145, 2, '2019-12-28', '2019-12-28', 10000.00, 1970642.00, 'C', 'Loan', 'Kumar Tea-master', '2020-02-02 11:52:25', '2020-02-02 11:52:25'),
	(146, 2, '2020-01-04', '2020-01-04', 20000.00, 1980642.00, 'C', 'Loan', 'Prabu Asset', '2020-02-02 11:52:25', '2020-02-02 11:52:25'),
	(147, 2, '2020-01-01', '2020-01-01', 100000.00, 2000642.00, 'C', 'Loan', 'Saroja (Cook)', '2020-02-02 11:52:25', '2020-02-02 11:52:25'),
	(148, 2, '2020-01-10', '2020-01-10', 15000.00, 2100642.00, 'C', 'Loan', 'Jyothi Prakash', '2020-02-02 11:52:25', '2020-02-02 11:52:25'),
	(149, 3, '2019-12-24', '2019-12-24', 300000.00, 0.00, 'C', 'Loan', 'MHS', '2020-02-02 11:54:57', '2020-02-02 11:54:57'),
	(150, 4, '2019-09-06', '2019-09-06', 50000.00, 0.00, 'C', 'Loan', 'Prabu Asset', '2020-02-02 11:55:45', '2020-02-02 11:55:45'),
	(151, 5, '2017-09-01', '2017-09-01', 30000.00, 0.00, 'C', 'Loan', 'Bhupathy', '2020-02-02 11:56:39', '2020-02-02 11:56:39'),
	(152, 6, '2019-12-01', '2019-12-01', 43500.00, 0.00, 'C', 'Loan', 'Ramesh ', '2020-02-02 11:57:31', '2020-02-02 11:58:07'),
	(153, 6, '2019-09-18', '2019-09-18', 20000.00, 43500.00, 'C', 'Loan', 'Selva Switch Team', '2020-02-02 11:59:37', '2020-02-02 11:59:37'),
	(154, 8, '2017-11-07', '2017-11-07', 40000.00, 0.00, 'C', 'Loan', 'Suganya[Prakash]', '2020-02-02 12:00:57', '2020-02-02 12:00:57'),
	(155, 8, '2017-12-01', '2017-12-01', 5000.00, 40000.00, 'C', 'Loan', 'Kannan[Roommate]', '2020-02-02 12:00:58', '2020-02-02 12:00:58'),
	(156, 8, '2018-01-19', '2018-01-19', 20000.00, 45000.00, 'C', 'Loan', 'Kanagaraj', '2020-02-02 12:00:58', '2020-02-02 12:00:58'),
	(157, 8, '2018-07-01', '2018-07-01', 15000.00, 65000.00, 'C', 'Loan', 'Manimaran', '2020-02-02 12:00:58', '2020-02-02 12:00:58'),
	(158, 8, '2018-10-10', '2018-10-10', 35000.00, 80000.00, 'C', 'Loan', 'Manikandan M', '2020-02-02 12:00:58', '2020-02-02 12:00:58'),
	(159, 8, '2019-06-26', '2019-06-26', 10000.00, 115000.00, 'C', 'Loan', 'Ramkumar MRL', '2020-02-02 12:00:58', '2020-02-02 12:00:58'),
	(160, 8, '2019-10-17', '2019-10-17', 34000.00, 125000.00, 'C', 'Loan', 'Panneerselvam', '2020-02-02 12:00:58', '2020-02-02 12:00:58'),
	(161, 8, '2019-11-14', '2019-11-14', 50000.00, 159000.00, 'C', 'Loan', 'Selva Raam', '2020-02-02 12:00:58', '2020-02-02 12:00:58'),
	(162, 8, '2019-11-19', '2019-11-19', 15000.00, 209000.00, 'C', 'Loan', 'Ganesan Railway', '2020-02-02 12:00:58', '2020-02-02 12:00:58'),
	(163, 8, '2020-01-03', '2020-01-03', 30000.00, 224000.00, 'C', 'Loan', 'Jyothi Prakash', '2020-02-02 12:00:58', '2020-02-02 12:00:58'),
	(164, 8, '2020-01-10', '2020-01-10', 85000.00, 254000.00, 'C', 'Loan', 'Jyothi Prakash', '2020-02-02 12:00:58', '2020-02-02 12:00:58'),
	(165, 8, '2020-01-12', '2020-01-12', 100000.00, 339000.00, 'C', 'Loan', 'Pazhani Udhayam', '2020-02-02 12:00:58', '2020-02-02 12:00:58'),
	(166, 6, '2019-12-01', '2019-12-01', 10000.00, 63500.00, 'C', 'Loan', 'Ramesh', '2020-02-03 07:36:03', '2020-02-03 07:36:03'),
	(167, 8, '2019-12-30', '2019-12-30', 14000.00, 439000.00, 'D', 'Loan', 'Panneerselvam Returns', '2020-02-03 07:55:14', '2020-02-03 07:55:14'),
	(168, 1, '2020-02-04', '2020-02-04', 12339.00, 112339.00, 'D', 'Loan', 'Account Tally', '2020-02-04 08:08:48', '2020-02-04 08:08:48'),
	(169, 1, '2020-01-25', '2020-01-25', 32000.00, 100000.00, 'C', 'Loan', 'Panneerselvam', '2020-02-04 08:41:47', '2020-02-04 08:41:47'),
	(170, 8, '2020-01-14', '2020-01-14', 30000.00, 425000.00, 'C', 'Loan', 'Paramasivam', '2020-02-04 09:03:32', '2020-02-04 09:03:32'),
	(171, 8, '2020-01-20', '2020-01-20', 50000.00, 455000.00, 'C', 'Loan', 'Panneerselvam', '2020-02-04 09:05:27', '2020-02-04 09:05:27'),
	(172, 7, '2020-02-04', '2020-02-04', 100000.00, 555207.00, 'D', 'Loan', 'Sadam Amount returned', '2020-02-04 09:38:59', '2020-02-04 09:38:59'),
	(173, 2, '2020-02-04', '2020-02-04', 80000.00, 2115642.00, 'D', 'Loan', 'Account Tally', '2020-02-04 09:52:54', '2020-02-04 09:52:54'),
	(174, 5, '2020-02-17', '0000-00-00', 720.00, 30000.00, 'C', 'Interest', 'Interest Capitalized for Feb-2020', '2020-02-17 06:21:40', '2020-02-17 06:21:40'),
	(175, 6, '2020-02-17', '0000-00-00', 508.00, 73500.00, 'C', 'Interest', 'Interest Capitalized for Feb-2020', '2020-02-17 06:21:40', '2020-02-17 06:21:40'),
	(176, 8, '2020-02-17', '0000-00-00', 9340.00, 505000.00, 'C', 'Interest', 'Interest Capitalized for Feb-2020', '2020-02-17 06:21:40', '2020-02-17 06:21:40'),
	(177, 4, '2020-02-17', '0000-00-00', 775.00, 50000.00, 'C', 'Interest', 'Interest Capitalized for Feb-2020', '2020-02-17 06:21:40', '2020-02-17 06:21:40'),
	(178, 2, '2020-02-17', '0000-00-00', 33993.00, 2035642.00, 'C', 'Interest', 'Interest Capitalized for Feb-2020', '2020-02-17 06:21:40', '2020-02-17 06:21:40'),
	(179, 7, '2020-02-17', '0000-00-00', 6651.00, 455207.00, 'C', 'Interest', 'Interest Capitalized for Feb-2020', '2020-02-17 06:21:41', '2020-02-17 06:21:41'),
	(180, 1, '2020-02-17', '0000-00-00', 1931.00, 132000.00, 'C', 'Interest', 'Interest Capitalized for Feb-2020', '2020-02-17 06:21:41', '2020-02-17 06:21:41'),
	(181, 1, '2020-02-17', '0000-00-00', 1852.00, 133931.00, 'C', 'Interest', 'Commission Capitalized for Feb-2020', '2020-02-17 06:21:41', '2020-02-17 06:21:41'),
	(182, 1, '2020-02-17', '0000-00-00', 1380.00, 135783.00, 'C', 'Interest', 'Recovery Collected for Feb-2020', '2020-02-17 06:21:41', '2020-02-17 06:21:41'),
	(183, 6, '2020-02-17', '0000-00-00', 1240.00, 74008.00, 'C', 'Interest', 'Interest Capitalized for Feb-2020', '2020-02-17 09:48:09', '2020-02-17 09:48:09'),
	(184, 6, '2020-02-17', '2020-02-17', 1748.00, 75248.00, 'D', 'Interest', 'Interest Settled', '2020-02-17 09:51:47', '2020-02-17 09:51:47'),
	(185, 7, '2020-02-17', '2020-02-17', 6858.00, 461858.00, 'D', 'Interest', 'Interest Settled', '2020-02-17 09:52:55', '2020-02-17 09:52:55'),
	(186, 5, '2020-02-17', '2020-02-17', 720.00, 30720.00, 'D', 'Interest', 'Interest Settled', '2020-02-17 09:54:42', '2020-02-17 09:54:42'),
	(187, 8, '2020-02-17', '2020-02-17', 9340.00, 514340.00, 'D', 'Interest', 'Interest Settled. Actually sent 8540 sadam sent 800 direct to fin', '2020-02-17 09:59:13', '2020-02-17 09:59:13'),
	(188, 4, '2020-02-17', '2020-02-17', 775.00, 50775.00, 'D', 'Interest', 'Interest Settled', '2020-02-17 10:00:35', '2020-02-17 10:00:35'),
	(189, 8, '2020-02-17', '2020-02-17', 20000.00, 505000.00, 'D', 'Loan', 'Jyothi 30k return. given 10k to mani. bal tnfs to Innomac', '2020-02-17 10:09:42', '2020-02-17 10:09:42'),
	(190, 2, '2020-03-01', '0000-00-00', 248.00, 2069635.00, 'C', 'Interest', 'Interest Capitalized for Mar-2020', '2020-03-01 19:32:57', '2020-03-01 19:32:57'),
	(192, 7, '2020-03-11', '2020-03-11', 30000.00, 455000.00, 'C', 'Loan', 'Panneerselvam', '2020-03-17 06:07:13', '2020-03-18 07:06:14'),
	(193, 8, '2020-03-07', '2020-03-07', 45000.00, 485000.00, 'C', 'Loan', 'Panneerselvam', '2020-03-17 06:09:29', '2020-03-17 06:09:29'),
	(194, 7, '2020-03-10', '2020-03-10', 50000.00, 485000.00, 'D', 'Loan', 'Prabakaran Return', '2020-03-17 06:15:26', '2020-03-18 07:06:36'),
	(195, 7, '2020-03-13', '2020-03-13', 50000.00, 435000.00, 'C', 'Loan', 'Sadham', '2020-03-17 06:20:19', '2020-03-18 07:08:36'),
	(196, 9, '2020-03-07', '2020-03-07', 10000.00, 0.00, 'C', 'Loan', '1.6 lks got. 1.5 to moorthy. 10k invested here. panir', '2020-03-18 07:11:56', '2020-03-18 07:11:56'),
	(197, 5, '2020-03-18', '0000-00-00', 696.00, 30000.00, 'C', 'Interest', 'Interest Capitalized for Mar-2020', '2020-03-18 07:45:39', '2020-03-18 07:45:39'),
	(198, 6, '2020-03-18', '0000-00-00', 1224.00, 73500.00, 'C', 'Interest', 'Interest Capitalized for Mar-2020', '2020-03-18 07:45:39', '2020-03-18 07:45:39'),
	(199, 8, '2020-03-18', '0000-00-00', 7288.00, 530000.00, 'C', 'Interest', 'Interest Capitalized for Mar-2020', '2020-03-18 07:45:39', '2020-03-18 07:45:39'),
	(200, 4, '2020-03-18', '0000-00-00', 725.00, 50000.00, 'C', 'Interest', 'Interest Capitalized for Mar-2020', '2020-03-18 07:45:39', '2020-03-18 07:45:39'),
	(201, 2, '2020-03-18', '0000-00-00', 20854.00, 2069883.00, 'C', 'Interest', 'Interest Capitalized for Mar-2020', '2020-03-18 07:45:40', '2020-03-18 07:45:40'),
	(202, 7, '2020-03-18', '0000-00-00', 7443.00, 485000.00, 'C', 'Interest', 'Interest Capitalized for Mar-2020', '2020-03-18 07:45:40', '2020-03-18 07:45:40'),
	(203, 1, '2020-03-18', '0000-00-00', 2551.00, 137163.00, 'C', 'Interest', 'Interest Capitalized for Mar-2020', '2020-03-18 07:45:40', '2020-03-18 07:45:40'),
	(204, 1, '2020-03-18', '0000-00-00', 1286.00, 139714.00, 'C', 'Interest', 'Commission Capitalized for Mar-2020', '2020-03-18 07:45:40', '2020-03-18 07:45:40'),
	(205, 1, '2020-03-18', '0000-00-00', 382.00, 141000.00, 'C', 'Interest', 'Recovery Collected for Mar-2020', '2020-03-18 07:45:40', '2020-03-18 07:45:40'),
	(206, 4, '2020-03-18', '2020-03-18', 725.00, 50725.00, 'D', 'Interest', 'Interest Settled', '2020-03-18 08:01:55', '2020-03-18 08:01:55'),
	(207, 5, '2020-03-18', '2020-03-18', 696.00, 30696.00, 'D', 'Interest', 'Interest Settled', '2020-03-18 08:02:16', '2020-03-18 08:02:16'),
	(208, 6, '2020-03-18', '2020-03-18', 1224.00, 74724.00, 'D', 'Interest', 'Interest Settled', '2020-03-18 08:02:33', '2020-03-18 08:02:33'),
	(209, 7, '2020-03-18', '2020-03-18', 7443.00, 492443.00, 'D', 'Interest', 'Interest Settled', '2020-03-18 08:02:57', '2020-03-18 08:02:57'),
	(210, 8, '2020-03-18', '2020-03-18', 7288.00, 537288.00, 'D', 'Interest', 'Interest Settled', '2020-03-18 08:03:48', '2020-03-18 08:03:48'),
	(211, 8, '2020-03-18', '2020-03-18', 5000.00, 530000.00, 'D', 'Loan', 'Paramasivam', '2020-03-18 08:06:55', '2020-03-18 08:06:55'),
	(212, 6, '2020-03-19', '2020-03-19', 20000.00, 73500.00, 'C', 'Loan', 'Raamrasi', '2020-04-01 09:33:28', '2020-04-01 09:33:28'),
	(213, 6, '2020-03-20', '2020-03-20', 100000.00, 93500.00, 'C', 'Loan', 'Sangeetha amma borrowed through moorthy', '2020-04-01 09:33:57', '2020-04-01 09:33:57'),
	(214, 6, '2020-04-01', '2020-04-01', 20000.00, 193500.00, 'D', 'Loan', 'Raamrasi settled', '2020-04-01 09:34:35', '2020-04-01 09:34:35'),
	(215, 8, '2020-03-21', '2020-03-21', 10000.00, 525000.00, 'C', 'Loan', 'Kiran', '2020-04-01 09:37:33', '2020-04-01 09:37:33'),
	(216, 1, '2020-03-27', '2020-04-01', 20000.00, 141382.00, 'C', 'Loan', 'Moorthy sent on 27th i settled on 1st april', '2020-04-01 09:38:37', '2020-04-01 09:38:37'),
	(217, 7, '2020-05-01', '2020-05-01', 50000.00, 485000.00, 'D', 'Loan', 'Sadam Return', '2020-05-01 08:24:12', '2020-05-01 08:24:12'),
	(218, 1, '2020-04-29', '2020-05-01', 30000.00, 161382.00, 'C', 'Loan', 'Ranjith', '2020-05-01 10:55:25', '2020-05-01 10:55:25'),
	(219, 1, '2020-05-01', '2020-05-01', 1382.00, 191382.00, 'D', 'Interest', 'Interest Settled', '2020-05-01 10:57:10', '2020-05-01 10:57:10'),
	(220, 8, '2020-05-01', '2020-05-01', 30000.00, 535000.00, 'D', 'Loan', 'Jyothi 30k return. given 20k to karthick chithen. bal tnfs to Innomac', '2020-05-01 12:02:41', '2020-05-01 12:02:41'),
	(221, 6, '2020-05-11', '0000-00-00', 1149.00, 173500.00, 'C', 'Interest', 'Interest Capitalized for May-2020', '2020-05-11 06:49:33', '2020-05-11 06:49:33'),
	(222, 8, '2020-05-11', '0000-00-00', 12880.00, 505000.00, 'C', 'Interest', 'Interest Capitalized for May-2020', '2020-05-11 06:49:33', '2020-05-11 06:49:33'),
	(223, 4, '2020-05-11', '0000-00-00', 1525.00, 50000.00, 'C', 'Interest', 'Interest Capitalized for May-2020', '2020-05-11 06:49:33', '2020-05-11 06:49:33'),
	(224, 9, '2020-05-11', '0000-00-00', 275.00, 10000.00, 'C', 'Interest', 'Interest Capitalized for May-2020', '2020-05-11 06:49:33', '2020-05-11 06:49:33'),
	(225, 2, '2020-05-11', '0000-00-00', 51546.00, 2090737.00, 'C', 'Interest', 'Interest Capitalized for May-2020', '2020-05-11 06:49:33', '2020-05-11 06:49:33'),
	(226, 7, '2020-05-11', '0000-00-00', 7135.00, 435000.00, 'C', 'Interest', 'Interest Capitalized for May-2020', '2020-05-11 06:49:33', '2020-05-11 06:49:33'),
	(227, 1, '2020-05-11', '0000-00-00', 5720.00, 190000.00, 'C', 'Interest', 'Interest Capitalized for May-2020', '2020-05-11 06:49:33', '2020-05-11 06:49:33'),
	(228, 1, '2020-05-11', '0000-00-00', 2410.00, 195720.00, 'C', 'Interest', 'Commission Capitalized for May-2020', '2020-05-11 06:49:33', '2020-05-11 06:49:33'),
	(229, 4, '2020-05-11', '2020-05-11', 1525.00, 51525.00, 'D', 'Interest', 'For two months ', '2020-05-11 06:52:19', '2020-05-11 06:52:19'),
	(230, 6, '2020-05-11', '2020-05-11', 1149.00, 174649.00, 'D', 'Interest', 'For two months', '2020-05-11 06:57:11', '2020-05-11 06:57:11'),
	(231, 6, '2020-05-11', '2020-05-11', 3500.00, 173500.00, 'D', 'Loan', 'Return', '2020-05-11 06:57:53', '2020-05-11 06:57:53'),
	(232, 7, '2020-05-11', '2020-05-11', 7135.00, 442135.00, 'D', 'Interest', 'For two months. ', '2020-05-11 07:26:30', '2020-05-11 07:26:30'),
	(233, 8, '2020-05-11', '2020-05-11', 12880.00, 517880.00, 'D', 'Interest', 'For two months', '2020-05-11 07:29:10', '2020-05-11 07:29:10'),
	(234, 9, '2020-05-11', '2020-05-11', 275.00, 10275.00, 'D', 'Interest', 'For two months', '2020-05-11 07:32:20', '2020-05-11 07:32:20'),
	(235, 1, '2020-05-11', '2020-05-11', 8130.00, 198130.00, 'D', 'Interest', 'For two months int & Comm.', '2020-05-11 07:35:17', '2020-05-11 07:35:17'),
	(236, 2, '2020-05-11', '2020-05-11', 82032.00, 2142283.00, 'D', 'Expense', 'Account Tally', '2020-05-11 07:46:32', '2020-05-11 07:46:32'),
	(237, 2, '2020-03-01', '2020-03-01', 400000.00, 2060251.00, 'C', 'Loan', 'Moorthy 1lk Raam 1lk and Moorthy Raam 1lk. moorthy 1lk Late entry', '2020-05-27 21:22:50', '2020-05-27 21:25:17'),
	(238, 4, '2020-05-19', '2020-05-19', 50000.00, 50000.00, 'D', 'Loan', 'Return', '2020-06-04 07:12:30', '2020-06-04 07:12:30'),
	(239, 9, '2020-05-19', '2020-05-19', 50000.00, 10000.00, 'C', 'Loan', 'To muthukrishnan', '2020-06-04 07:17:29', '2020-06-04 07:17:29'),
	(240, 1, '2020-05-20', '2020-05-20', 50000.00, 190000.00, 'C', 'Loan', 'Panneerselvam', '2020-06-04 07:57:55', '2020-06-04 07:57:55'),
	(241, 8, '2020-05-22', '2020-05-22', 30000.00, 505000.00, 'C', 'Loan', 'Saro Brother Marriage', '2020-06-04 10:32:33', '2020-06-04 10:32:33'),
	(242, 8, '2020-05-24', '2020-05-24', 15000.00, 535000.00, 'C', 'Loan', 'Ranjith Sellandipalayam', '2020-06-04 10:34:50', '2020-06-04 10:34:50'),
	(244, 2, '2020-01-01', '2020-01-01', 40000.00, 2460251.00, 'C', 'Loan', 'Amma given few months back', '2020-06-04 11:21:24', '2020-06-04 12:04:31'),
	(245, 2, '2020-05-20', '2020-05-20', 15.00, 2500251.00, 'C', 'Interest', 'GPay Incentive', '2020-06-04 11:25:56', '2020-06-04 12:32:38'),
	(246, 2, '2020-05-24', '2020-05-24', 17.70, 2500266.00, 'D', 'Expense', 'IMPS Charges', '2020-06-04 12:17:45', '2020-06-04 12:18:37'),
	(247, 1, '2020-06-03', '2020-06-03', 20000.00, 240000.00, 'C', 'Loan', 'Ranjitha', '2020-06-04 12:27:35', '2020-06-04 12:27:35'),
	(248, 2, '2020-06-04', '2020-06-04', 11.80, 2500284.00, 'D', 'Expense', 'IMPS Charges', '2020-06-04 12:32:21', '2020-06-04 12:32:21'),
	(249, 2, '2020-06-06', '2020-06-06', 5.90, 2500272.00, 'D', 'Expense', 'UPI Charges for 05062020 015714176276', '2020-07-03 22:13:45', '2020-07-03 22:13:45'),
	(250, 2, '2020-06-13', '2020-06-13', 9.00, 2500266.00, 'C', 'Loan', 'UPI-CR-016512597826-GOOGLEPAY-UTIB-917020028084740-Rewarded for paying with Google Pay ', '2020-07-03 22:24:02', '2020-07-03 22:24:02'),
	(251, 2, '2020-06-30', '2020-06-30', 24000.00, 2500275.00, 'D', 'Expense', '17th 5lkhs chit', '2020-07-03 22:28:45', '2020-07-03 22:28:45'),
	(252, 2, '2020-06-30', '2020-06-30', 597.00, 2476275.00, 'C', 'Loan', 'Credit Interest Capitalised', '2020-07-03 22:36:19', '2020-07-03 22:36:19'),
	(253, 2, '2020-07-03', '2020-07-03', 120.00, 2476872.00, 'C', 'Loan', 'Extra Interest', '2020-07-03 22:44:35', '2020-07-03 22:44:35'),
	(254, 10, '2020-06-04', '2020-06-04', 100000.00, 0.00, 'C', 'Loan', 'Transfer to Raam. Pazhani Udhayam loan transfer from Raam', '2020-07-03 23:16:53', '2020-07-03 23:29:29'),
	(255, 3, '2020-06-06', '2020-06-06', 400000.00, 300000.00, 'C', 'Loan', 'MHS Appa House lease return', '2020-07-03 23:32:32', '2020-07-03 23:32:32'),
	(256, 2, '2020-07-11', '2020-07-11', 8000.00, 2476992.00, 'D', 'Expense', 'IMPS-019306732116-CNRB-xxxxxxxxx0565-i20 insurance', '2020-07-12 11:24:50', '2020-07-12 11:24:50'),
	(257, 2, '2020-07-11', '2020-07-11', 20000.00, 2468992.00, 'C', 'Loan', 'Velu repaid remaing 20k and 40k on account', '2020-07-12 11:31:10', '2020-07-12 11:31:10'),
	(258, 1, '2020-07-11', '2020-07-11', 20000.00, 260000.00, 'C', 'Loan', 'Investment', '2020-07-12 11:31:56', '2020-07-12 11:31:56'),
	(259, 2, '2020-07-12', '2020-07-12', 5.90, 2488992.00, 'D', 'Expense', 'IMPS Charges for 11072020 019306732116', '2020-07-12 11:32:28', '2020-07-12 11:32:28'),
	(260, 7, '2020-06-04', '2020-06-04', 100000.00, 435000.00, 'D', 'Loan', 'Prabakaran Investment', '2020-07-12 11:37:37', '2020-07-12 11:37:37'),
	(261, 10, '2020-07-01', '2020-07-01', 50000.00, 100000.00, 'C', 'Loan', 'MHS 50k transfer from Raam to Praba', '2020-07-12 11:42:23', '2020-07-12 11:42:23'),
	(262, 11, '2020-07-01', '2020-07-01', 300000.00, 0.00, 'C', 'Loan', 'For Raam and Praveen', '2020-07-12 11:53:36', '2020-07-12 11:53:36'),
	(263, 2, '2020-07-01', '2020-07-01', 300000.00, 2488986.00, 'C', 'Loan', 'Thangavel macha loan', '2020-07-12 11:58:46', '2020-07-12 11:58:46'),
	(264, 7, '2020-07-01', '2020-07-01', 200000.00, 335000.00, 'D', 'Loan', 'Praba 50k and Thangavel macha 150k', '2020-07-12 12:08:34', '2020-07-12 12:08:34'),
	(265, 11, '2020-07-10', '2020-07-11', 50000.00, 300000.00, 'D', 'Loan', 'On Hand', '2020-07-12 12:11:50', '2020-07-12 12:11:50'),
	(266, 5, '2020-07-12', '0000-00-00', 2184.00, 30000.00, 'C', 'Interest', 'Interest Capitalized for Jul-2020', '2020-07-12 12:32:04', '2020-07-12 12:32:04'),
	(267, 6, '2020-07-12', '0000-00-00', 496.00, 170000.00, 'C', 'Interest', 'Interest Capitalized for Jul-2020', '2020-07-12 12:32:04', '2020-07-12 12:32:04'),
	(268, 8, '2020-07-12', '0000-00-00', 14756.00, 550000.00, 'C', 'Interest', 'Interest Capitalized for Jul-2020', '2020-07-12 12:32:04', '2020-07-12 12:32:04'),
	(269, 4, '2020-07-12', '0000-00-00', 450.00, 0.00, 'C', 'Interest', 'Interest Capitalized for Jul-2020', '2020-07-12 12:32:04', '2020-07-12 12:32:04'),
	(270, 10, '2020-07-12', '0000-00-00', 1500.00, 150000.00, 'C', 'Interest', 'Interest Capitalized for Jul-2020', '2020-07-12 12:32:04', '2020-07-12 12:32:04'),
	(271, 9, '2020-07-12', '0000-00-00', 1380.00, 60000.00, 'C', 'Interest', 'Interest Capitalized for Jul-2020', '2020-07-12 12:32:04', '2020-07-12 12:32:04'),
	(272, 2, '2020-07-12', '0000-00-00', 41756.00, 2788986.00, 'C', 'Interest', 'Interest Capitalized for Jul-2020', '2020-07-12 12:32:04', '2020-07-12 12:32:04'),
	(273, 7, '2020-07-12', '0000-00-00', 12328.00, 135000.00, 'C', 'Interest', 'Interest Capitalized for Jul-2020', '2020-07-12 12:32:04', '2020-07-12 12:32:04'),
	(274, 1, '2020-07-12', '0000-00-00', 7044.00, 280000.00, 'C', 'Interest', 'Interest Capitalized for Jul-2020', '2020-07-12 12:32:04', '2020-07-12 12:32:04'),
	(275, 1, '2020-07-12', '0000-00-00', 3515.00, 287044.00, 'C', 'Interest', 'Commission Capitalized for Jul-2020', '2020-07-12 12:32:04', '2020-07-12 12:32:04'),
	(276, 1, '2020-07-12', '0000-00-00', 322.00, 290559.00, 'C', 'Interest', 'Recovery Collected for Jul-2020', '2020-07-12 12:32:04', '2020-07-12 12:32:04'),
	(278, 4, '2020-07-12', '2020-07-12', 450.00, 450.00, 'D', 'Loan', 'Interest Debit', '2020-07-12 12:44:17', '2020-07-12 12:44:17'),
	(279, 1, '2020-07-12', '2020-07-12', 450.00, 290881.00, 'C', 'Loan', 'Investment', '2020-07-12 12:45:06', '2020-07-12 12:45:06'),
	(280, 5, '2020-07-12', '2020-07-12', 2184.00, 32184.00, 'D', 'Interest', 'Interest Settled', '2020-07-12 12:47:22', '2020-07-12 12:47:22'),
	(281, 7, '2020-07-12', '2020-07-12', 12328.00, 147328.00, 'D', 'Interest', 'Interest Settled', '2020-07-12 12:49:37', '2020-07-12 12:49:37'),
	(282, 8, '2020-07-12', '2020-07-12', 14756.00, 564756.00, 'D', 'Interest', 'Interest Settled', '2020-07-12 12:58:21', '2020-07-12 12:58:21'),
	(283, 9, '2020-07-12', '2020-07-12', 1380.00, 61380.00, 'D', 'Interest', 'Interest Settled', '2020-07-12 12:59:32', '2020-07-12 12:59:32'),
	(284, 10, '2020-07-12', '2020-07-12', 1500.00, 151500.00, 'D', 'Interest', 'Interest Settled', '2020-07-12 17:58:07', '2020-07-12 17:58:07'),
	(285, 2, '2020-07-10', '2020-07-11', 50000.00, 2830742.00, 'D', 'Loan', 'Thangavel macha loan given to Raam', '2020-07-12 18:06:11', '2020-07-12 18:06:11'),
	(286, 8, '2020-07-12', '0000-00-00', 120.00, 550000.00, 'C', 'Interest', 'Interest Capitalized for Jul-2020', '2020-07-12 18:58:53', '2020-07-12 18:58:53'),
	(287, 2, '2020-07-12', '0000-00-00', 2649.00, 2780742.00, 'C', 'Interest', 'Interest Capitalized for Jul-2020', '2020-07-12 18:58:53', '2020-07-12 18:58:53'),
	(288, 7, '2020-07-12', '0000-00-00', 194.00, 135000.00, 'C', 'Interest', 'Interest Capitalized for Jul-2020', '2020-07-12 18:58:53', '2020-07-12 18:58:53'),
	(289, 1, '2020-07-12', '0000-00-00', 240.00, 291331.00, 'C', 'Interest', 'Interest Capitalized for Jul-2020', '2020-07-12 18:58:53', '2020-07-12 18:58:53'),
	(290, 1, '2020-07-12', '0000-00-00', 1007.00, 291571.00, 'C', 'Interest', 'Commission Capitalized for Jul-2020', '2020-07-12 18:58:53', '2020-07-12 18:58:53'),
	(292, 1, '2020-07-12', '2020-07-12', 1500.00, 292578.00, 'D', 'Loan', 'Interest sent behalf of Pazhani Udhayam to Prabakaran', '2020-07-14 09:49:14', '2020-07-14 09:49:14'),
	(293, 2, '2020-07-10', '2020-07-11', 400.00, 2783391.00, 'D', 'Loan', 'On Hand interest to Thangavel Machan', '2020-07-14 09:52:28', '2020-07-14 09:52:28'),
	(294, 2, '2020-07-13', '2020-07-13', 11.80, 2782991.00, 'D', 'Expense', 'IMPS Charges for 12072020 019413784083', '2020-07-14 11:12:47', '2020-07-14 11:12:47'),
	(295, 1, '2020-07-14', '2020-07-14', 5.90, 291078.00, 'D', 'Expense', 'IMPS Charges', '2020-07-14 11:51:16', '2020-07-14 11:51:16'),
	(296, 1, '2020-07-14', '2020-07-14', 40000.00, 291072.00, 'C', 'Loan', 'MPAY/UPI/FI Funds Trans-1143155000211303', '2020-07-16 09:35:12', '2020-07-16 09:35:12'),
	(297, 1, '2020-07-15', '2020-07-15', 60000.00, 331072.00, 'C', 'Loan', 'From HDFC to Dhineshkumar', '2020-07-16 09:36:12', '2020-07-16 09:36:12'),
	(298, 6, '2020-07-15', '2020-07-15', 170000.00, 170496.00, 'D', 'Loan', 'All investment settled', '2020-07-16 12:03:44', '2020-07-16 12:03:44'),
	(299, 2, '2020-07-15', '2020-07-15', 5.90, 2782979.00, 'D', 'Expense', 'IMPS Charges for 14072020 019611930445', '2020-07-16 12:10:34', '2020-07-16 12:10:34'),
	(300, 1, '2020-07-20', '2020-07-20', 12.00, 391072.00, 'C', 'Loan', 'Karthik Excess Amount', '2020-08-01 11:01:05', '2020-08-01 11:01:05'),
	(301, 2, '2020-07-21', '2020-07-21', 5.90, 2782973.00, 'D', 'Expense', 'UPI Charges for 20072020 020252833612', '2020-08-01 11:03:15', '2020-08-01 11:03:15'),
	(302, 2, '2020-07-23', '2020-07-23', 5.90, 2782967.00, 'D', 'Expense', 'IMPS Charges for 22072020 020410479723', '2020-08-01 11:06:25', '2020-08-01 11:06:25'),
	(303, 2, '2020-07-27', '2020-07-27', 207.00, 2782961.00, 'D', 'Expense', 'ATM_CARD_ANNUAL_CHG_JUL_20_G28', '2020-08-01 11:08:30', '2020-08-01 11:08:30'),
	(304, 2, '2020-07-31', '2020-07-31', 87.75, 2782754.00, 'D', 'Expense', 'SB FOLIO CHARGES NON RURAL', '2020-08-01 11:10:06', '2020-08-01 11:10:06'),
	(305, 8, '2020-06-01', '2020-06-01', 20000.00, 550120.00, 'C', 'Loan', 'Selva Amount wronly credited in pramesh. so credit back again to Innomac', '2020-08-03 12:30:57', '2020-08-03 12:30:57'),
	(306, 2, '2020-05-31', '2020-05-31', 20000.00, 2782666.00, 'D', 'Loan', 'Selva Amount wronly credited in pramesh. so credit back again to Innomac', '2020-08-03 12:36:03', '2020-08-03 12:36:03'),
	(307, 11, '2020-07-01', '2020-07-01', 50000.00, 250000.00, 'C', 'Loan', 'For Raam', '2020-08-06 14:22:43', '2020-08-06 14:22:43'),
	(354, 2, '2020-08-02', '2020-08-02', 5.90, 2762666.00, 'D', 'Expense', 'UPI Charges for 01082020 021412073667', '2020-08-27 19:29:59', '2020-08-27 19:29:59'),
	(355, 2, '2020-08-02', '2020-08-02', 5.90, 2762660.10, 'D', 'Expense', 'IMPS Charges for 01082020 021419031695', '2020-08-27 19:30:16', '2020-08-27 19:30:16'),
	(356, 2, '2020-08-04', '2020-08-04', 24250.00, 2762654.20, 'D', 'Expense', 'MPAY/UPI/FI Funds Trans-1710155000026942- 17th chit', '2020-08-27 19:35:54', '2020-08-27 19:35:54'),
	(357, 1, '2020-08-04', '2020-08-04', 400.00, 391084.00, 'D', 'Interest', 'Room shifting amount deducted from Karthi saro interest', '2020-08-27 19:39:58', '2020-08-27 19:39:58'),
	(358, 6, '2020-08-27', '0000-00-00', 480.00, 496.00, 'C', 'Interest', 'Interest Capitalized for Aug-2020', '2020-08-27 19:50:46', '2020-08-27 19:50:46'),
	(359, 8, '2020-08-27', '0000-00-00', 8179.00, 570120.00, 'C', 'Interest', 'Interest Capitalized for Aug-2020', '2020-08-27 19:50:46', '2020-08-27 19:50:46'),
	(360, 9, '2020-08-27', '0000-00-00', 155.00, 60000.00, 'C', 'Interest', 'Interest Capitalized for Aug-2020', '2020-08-27 19:50:47', '2020-08-27 19:50:47'),
	(361, 2, '2020-08-27', '0000-00-00', 30116.00, 2738404.20, 'C', 'Interest', 'Interest Capitalized for Aug-2020', '2020-08-27 19:50:47', '2020-08-27 19:50:47'),
	(362, 7, '2020-08-27', '0000-00-00', 1066.00, 135194.00, 'C', 'Interest', 'Interest Capitalized for Aug-2020', '2020-08-27 19:50:47', '2020-08-27 19:50:47'),
	(363, 1, '2020-08-27', '0000-00-00', 4368.00, 390684.00, 'C', 'Interest', 'Interest Capitalized for Aug-2020', '2020-08-27 19:50:47', '2020-08-27 19:50:47'),
	(364, 1, '2020-08-27', '0000-00-00', 175.00, 395052.00, 'C', 'Interest', 'Commission Capitalized for Aug-2020', '2020-08-27 19:50:47', '2020-08-27 19:50:47'),
	(365, 2, '2020-08-06', '2020-08-06', 5600.00, 2768520.20, 'D', 'Expense', 'Thangavel macha interest', '2020-08-27 20:01:38', '2020-08-27 20:01:38'),
	(366, 11, '2020-08-27', '0000-00-00', 6650.00, 300000.00, 'C', 'Interest', 'Interest Capitalized for Aug-2020', '2020-08-27 20:03:23', '2020-08-27 20:03:23'),
	(367, 11, '2020-08-06', '2020-08-06', 6650.00, 306650.00, 'D', 'Interest', 'UPI-DR-021942914984-THANGAVEL-KVBL-1191155000046969-Payment from PhonePe', '2020-08-27 20:04:05', '2020-08-27 20:04:05'),
	(368, 2, '2020-08-07', '2020-08-07', 5.90, 2762920.20, 'D', 'Expense', 'UPI Charges for 06082020 021914517996', '2020-08-27 20:09:20', '2020-08-27 20:09:20'),
	(369, 1, '2020-08-12', '2020-08-12', 1035.00, 395227.00, 'D', 'Interest', 'POS/E-POS/0102620707/NEW SRI NAVALADIY/KARUR', '2020-08-27 20:11:56', '2020-08-27 20:11:56'),
	(370, 2, '2020-08-14', '2020-08-14', 400.00, 2762914.30, 'C', 'Loan', 'UPI-CR-022722505015-R RAMAKRISHNAN-IBKL-0393104000085436-UPI', '2020-08-27 20:17:19', '2020-08-27 20:17:19'),
	(371, 9, '2020-08-11', '2020-08-11', 60000.00, 60155.00, 'C', 'Loan', 'Paramasivam', '2020-08-27 20:25:59', '2020-08-27 20:25:59'),
	(372, 2, '2020-08-20', '2020-08-20', 5.90, 2763314.30, 'D', 'Expense', 'IMPS Charges for 19082020 023220368253', '2020-08-27 20:30:32', '2020-08-27 20:30:32'),
	(373, 8, '2020-08-27', '0000-00-00', 1612.00, 578299.00, 'C', 'Interest', 'Interest Capitalized for Aug-2020', '2020-08-27 20:35:52', '2020-08-27 20:35:52'),
	(374, 10, '2020-08-27', '0000-00-00', 1550.00, 150000.00, 'C', 'Interest', 'Interest Capitalized for Aug-2020', '2020-08-27 20:35:52', '2020-08-27 20:35:52'),
	(375, 2, '2020-08-27', '0000-00-00', 2852.00, 2763308.40, 'C', 'Interest', 'Interest Capitalized for Aug-2020', '2020-08-27 20:35:52', '2020-08-27 20:35:52'),
	(376, 7, '2020-08-27', '0000-00-00', 5326.00, 136260.00, 'C', 'Interest', 'Interest Capitalized for Aug-2020', '2020-08-27 20:35:52', '2020-08-27 20:35:52'),
	(377, 1, '2020-08-27', '0000-00-00', 496.00, 394192.00, 'C', 'Interest', 'Interest Capitalized for Aug-2020', '2020-08-27 20:35:52', '2020-08-27 20:35:52'),
	(378, 1, '2020-08-27', '0000-00-00', 1872.00, 394688.00, 'C', 'Interest', 'Commission Capitalized for Aug-2020', '2020-08-27 20:35:52', '2020-08-27 20:35:52'),
	(379, 1, '2020-08-27', '0000-00-00', 1500.00, 396560.00, 'C', 'Interest', 'Recovery Collected for Aug-2020', '2020-08-27 20:35:52', '2020-08-27 20:35:52'),
	(380, 1, '2020-08-20', '2020-08-20', 7000.00, 398060.00, 'D', 'Interest', 'Yamaha bike service amount. credited from tyrion account', '2020-08-27 20:38:03', '2020-08-27 20:38:03'),
	(384, 7, '2020-08-22', '2020-08-22', 25000.00, 141586.00, 'C', 'Loan', 'Prabakaran', '2020-08-27 21:10:06', '2020-08-27 21:10:06'),
	(385, 7, '2020-08-23', '2020-08-23', 50000.00, 166586.00, 'C', 'Loan', 'Prabakaran 25k. MHS 25k', '2020-08-27 21:10:23', '2020-08-27 21:10:23'),
	(386, 9, '2020-08-21', '2020-08-21', 30000.00, 120155.00, 'C', 'Loan', 'Kannan', '2020-08-27 21:14:13', '2020-08-27 21:14:13'),
	(387, 1, '2020-08-11', '2020-08-11', 3000.00, 391060.00, 'D', 'Interest', 'Praveen interest.', '2020-08-27 21:18:19', '2020-08-27 21:18:19'),
	(388, 6, '2020-08-27', '0000-00-00', 6867.00, 976.00, 'C', 'Interest', 'Interest Capitalized for Aug-2020', '2020-08-27 21:21:07', '2020-08-27 21:21:07'),
	(389, 2, '2020-08-27', '0000-00-00', 27500.00, 2766160.40, 'C', 'Interest', 'Interest Capitalized for Aug-2020', '2020-08-27 21:21:07', '2020-08-27 21:21:07'),
	(390, 1, '2020-08-27', '0000-00-00', 1760.00, 388060.00, 'C', 'Interest', 'Interest Capitalized for Aug-2020', '2020-08-27 21:21:07', '2020-08-27 21:21:07'),
	(391, 1, '2020-08-27', '0000-00-00', 1373.00, 389820.00, 'C', 'Interest', 'Commission Capitalized for Aug-2020', '2020-08-27 21:21:07', '2020-08-27 21:21:07'),
	(392, 10, '2020-08-27', '0000-00-00', 775.00, 151550.00, 'C', 'Interest', 'Interest Capitalized for Aug-2020', '2020-08-27 21:25:08', '2020-08-27 21:25:08'),
	(393, 11, '2020-08-27', '0000-00-00', 665.00, 300000.00, 'C', 'Interest', 'Interest Capitalized for Aug-2020', '2020-08-27 21:25:08', '2020-08-27 21:25:08'),
	(394, 10, '2020-08-23', '2020-08-23', 2325.00, 152325.00, 'D', 'Interest', 'MPAY/UPI/FI Funds Trans-1285178000001588', '2020-08-27 21:29:07', '2020-08-27 21:29:07'),
	(395, 10, '2020-08-20', '2020-08-20', 25000.00, 150000.00, 'D', 'Loan', 'MPAY/UPI/FI Funds Trans-1285178000001588', '2020-08-27 21:29:37', '2020-08-27 21:29:37'),
	(396, 10, '2020-08-22', '2020-08-22', 25000.00, 125000.00, 'D', 'Loan', 'Raam', '2020-08-27 21:31:20', '2020-08-27 21:31:20'),
	(397, 2, '2020-08-22', '2020-08-22', 5.90, 2793660.40, 'D', 'Expense', 'IMPS Charges for 21082020 023413482126', '2020-08-27 21:32:03', '2020-08-27 21:32:03'),
	(398, 2, '2020-08-23', '2020-08-23', 24500.00, 2793654.50, 'D', 'Expense', '18th chit amount. Actally sent 14000. 10500 remaining moorthy given as interest', '2020-08-27 21:32:56', '2020-08-27 21:32:56'),
	(399, 1, '2020-08-23', '2020-08-23', 775.00, 391193.00, 'D', 'Loan', 'Interest sent behalf of MHS to Prabakaran V', '2020-08-27 21:37:00', '2020-08-27 21:37:00'),
	(400, 6, '2020-09-01', '2020-09-01', 7843.00, 7843.00, 'D', 'Interest', 'Interest Settled 3900. bal credited to tyrion 3943', '2020-09-01 19:00:54', '2020-09-01 19:00:54'),
	(401, 1, '2020-09-01', '2020-09-01', 3943.00, 390418.00, 'C', 'Loan', 'Dhinesh commission ', '2020-09-01 19:01:22', '2020-09-01 19:01:22'),
	(402, 7, '2020-09-01', '2020-09-01', 6586.00, 216586.00, 'D', 'Interest', 'Interest Settled', '2020-09-01 19:03:45', '2020-09-01 19:03:45'),
	(403, 2, '2020-09-06', '2020-09-06', 5250.00, 2769154.50, 'D', 'Interest', 'Thangavel macha interest', '2020-09-06 08:25:05', '2020-09-06 08:25:05'),
	(404, 2, '2020-08-28', '2020-08-28', 5.90, 2763904.50, 'D', 'Expense', 'UPI Charges for 28082020 024119232797', '2020-09-06 08:33:53', '2020-09-06 08:33:53'),
	(405, 2, '2020-09-01', '2020-09-01', 5.90, 2763898.60, 'D', 'Expense', 'IMPS Charges for 30082020 024318203719', '2020-09-06 08:44:06', '2020-09-06 08:44:06'),
	(406, 2, '2020-09-06', '2020-09-06', 150.00, 2763892.70, 'D', 'Interest', 'MHS Interest', '2020-09-06 08:59:53', '2020-09-06 08:59:53'),
	(407, 2, '2020-09-02', '2020-09-02', 11.80, 2763742.70, 'D', 'Expense', 'IMPS Charges for 01092020 024510549425', '2020-09-06 09:06:31', '2020-09-06 09:06:31'),
	(408, 11, '2020-08-31', '2020-09-02', 50000.00, 300665.00, 'D', 'Loan', 'Sent to raam.', '2020-09-07 09:42:06', '2020-09-07 09:42:06'),
	(409, 2, '2020-09-02', '2020-09-02', 5.90, 2763730.90, 'D', 'Expense', 'IMPS Charges for 02092020 024609618911', '2020-09-07 09:44:46', '2020-09-07 09:44:46'),
	(410, 1, '2020-09-06', '2020-09-06', 5.00, 394361.00, 'C', 'Loan', 'Kannan test txn', '2020-09-07 09:50:42', '2020-09-07 09:50:42'),
	(411, 1, '2020-09-07', '2020-09-07', 420.00, 394366.00, 'D', 'Loan', 'Interest sent behalf of Kannan[Roommate] to Thangavel Machan', '2020-09-07 09:57:59', '2020-09-07 10:15:58'),
	(412, 8, '2020-09-07', '0000-00-00', 4823.00, 579911.00, 'C', 'Interest', 'Interest Capitalized for Sep-2020', '2020-09-07 10:20:41', '2020-09-07 10:20:41'),
	(413, 9, '2020-09-07', '0000-00-00', 2480.00, 150155.00, 'C', 'Interest', 'Interest Capitalized for Sep-2020', '2020-09-07 10:20:41', '2020-09-07 10:20:41'),
	(414, 2, '2020-09-07', '0000-00-00', 19223.00, 2763725.00, 'C', 'Interest', 'Interest Capitalized for Sep-2020', '2020-09-07 10:20:41', '2020-09-07 10:20:41'),
	(415, 7, '2020-09-07', '0000-00-00', 878.00, 210000.00, 'C', 'Interest', 'Interest Capitalized for Sep-2020', '2020-09-07 10:20:41', '2020-09-07 10:20:41'),
	(416, 11, '2020-09-07', '0000-00-00', 5670.00, 250665.00, 'C', 'Interest', 'Interest Capitalized for Sep-2020', '2020-09-07 10:20:41', '2020-09-07 10:20:41'),
	(417, 1, '2020-09-07', '0000-00-00', 3248.00, 393946.00, 'C', 'Interest', 'Interest Capitalized for Sep-2020', '2020-09-07 10:20:41', '2020-09-07 10:20:41'),
	(418, 1, '2020-09-07', '0000-00-00', 1735.00, 397194.00, 'C', 'Interest', 'Commission Capitalized for Sep-2020', '2020-09-07 10:20:41', '2020-09-07 10:20:41'),
	(419, 9, '2020-09-07', '0000-00-00', 150.00, 152635.00, 'C', 'Interest', 'Interest Capitalized for Sep-2020', '2020-09-07 10:21:36', '2020-09-07 10:21:36'),
	(420, 1, '2020-09-07', '0000-00-00', 88.00, 398929.00, 'C', 'Interest', 'Commission Capitalized for Sep-2020', '2020-09-07 10:21:36', '2020-09-07 10:21:36'),
	(421, 11, '2020-09-07', '2020-09-07', 6335.00, 256335.00, 'D', 'Interest', 'UPI-DR-025120139206-THANGAVEL-KVBL-1191155000046969-Payment from PhonePe', '2020-09-12 17:02:31', '2020-09-12 17:02:31'),
	(422, 8, '2020-09-12', '0000-00-00', 808.00, 584734.00, 'C', 'Interest', 'Interest Capitalized for Sep-2020', '2020-09-12 17:11:44', '2020-09-12 17:11:44'),
	(423, 2, '2020-09-12', '0000-00-00', 19920.00, 2782948.00, 'C', 'Interest', 'Interest Capitalized for Sep-2020', '2020-09-12 17:11:44', '2020-09-12 17:11:44'),
	(424, 1, '2020-09-12', '0000-00-00', 992.00, 399017.00, 'C', 'Interest', 'Interest Capitalized for Sep-2020', '2020-09-12 17:11:44', '2020-09-12 17:11:44'),
	(425, 7, '2020-09-12', '0000-00-00', 3500.00, 210878.00, 'C', 'Interest', 'Interest Capitalized for Sep-2020', '2020-09-12 17:14:46', '2020-09-12 17:14:46'),
	(426, 1, '2020-09-12', '2020-09-12', 1550.00, 400009.00, 'D', 'Loan', 'Interest sent behalf of Pazhani Udhayam to Prabakaran V', '2020-09-12 17:30:27', '2020-09-12 17:30:27'),
	(427, 10, '2020-09-12', '0000-00-00', 1550.00, 100000.00, 'C', 'Interest', 'Interest Capitalized for Sep-2020', '2020-09-12 17:30:46', '2020-09-12 17:30:46'),
	(428, 7, '2020-09-12', '2020-09-12', 4378.00, 214378.00, 'D', 'Interest', 'MPAY/UPI/FI Funds Trans-1143153000012222', '2020-09-12 17:52:00', '2020-09-12 17:52:00'),
	(429, 7, '2020-09-12', '2020-09-12', 35000.00, 210000.00, 'D', 'Loan', 'MPAY/UPI/FI Funds Trans-1143153000012222', '2020-09-12 17:52:17', '2020-09-12 17:52:17'),
	(430, 7, '2020-09-12', '2020-09-12', 20000.00, 175000.00, 'D', 'Loan', 'MPAY/UPI/FI Funds Trans-1143153000012222', '2020-09-12 17:52:29', '2020-09-12 17:52:29'),
	(431, 9, '2020-09-12', '2020-09-12', 2785.00, 152785.00, 'D', 'Interest', 'IMPS-025617414398-IMPSP2A-CNRB-xxxxxxxxx0565-interest', '2020-09-12 17:55:10', '2020-09-12 17:55:10'),
	(432, 10, '2020-09-12', '2020-09-12', 1550.00, 101550.00, 'D', 'Interest', 'MPAY/UPI/FI Funds Trans-1285178000001588', '2020-09-12 17:55:29', '2020-09-12 17:55:29'),
	(433, 2, '2020-09-13', '2020-09-13', 5.90, 2802868.00, 'D', 'Expense', 'IMPS Charges for 12092020 025617414398', '2020-09-18 07:17:06', '2020-09-18 07:17:06'),
	(434, 2, '2020-09-13', '2020-09-13', 60000.00, 2802862.10, 'D', 'Loan', '30k debited from this ac. 30k send from HDFC. so 18th 30k return back to HDFC', '2020-09-18 07:18:24', '2020-09-18 07:18:24'),
	(435, 11, '2020-08-31', '2020-09-13', 60000.00, 250000.00, 'D', 'Loan', '30k debited from this ac. 30k send from HDFC. so 18th 30k return back to HDFC. balance 190k', '2020-09-18 07:19:36', '2020-09-18 07:19:36'),
	(436, 2, '2020-09-15', '2020-09-15', 17.70, 2742862.10, 'C', 'Loan', 'Reversal UPI Charges AUG-2020', '2020-09-18 07:42:37', '2020-09-18 07:42:37'),
	(437, 2, '2020-09-15', '2020-09-15', 11.80, 2742879.80, 'C', 'Loan', 'Reversal UPI Charges JUL-2020', '2020-09-18 07:42:59', '2020-09-18 07:42:59'),
	(438, 2, '2020-09-15', '2020-09-15', 11.80, 2742891.60, 'C', 'Loan', 'Reversal UPI Charges MAY-2020', '2020-09-18 07:43:23', '2020-09-18 07:43:23'),
	(439, 2, '2020-09-15', '2020-09-15', 29.50, 2742903.40, 'C', 'Loan', 'Reversal UPI Charges JAN-2020', '2020-09-18 07:43:42', '2020-09-18 07:43:42'),
	(440, 2, '2020-09-15', '2020-09-15', 29.50, 2742932.90, 'C', 'Loan', 'Reversal UPI Charges FEB-2020', '2020-09-18 07:43:57', '2020-09-18 07:43:57'),
	(441, 2, '2020-09-15', '2020-09-15', 35.40, 2742962.40, 'C', 'Loan', 'Reversal UPI Charges APR-2020', '2020-09-18 07:44:15', '2020-09-18 07:44:15'),
	(442, 2, '2020-09-15', '2020-09-15', 5.90, 2742997.80, 'C', 'Loan', 'Reversal UPI Charges JUN-2020', '2020-09-18 07:44:30', '2020-09-18 07:44:30'),
	(443, 2, '2020-09-15', '2020-09-15', 17.70, 2743003.70, 'C', 'Loan', 'Reversal UPI Charges MAR-2020', '2020-09-18 07:44:54', '2020-09-18 07:44:54'),
	(444, 2, '2020-09-18', '0000-00-00', 4160.00, 2743021.40, 'C', 'Interest', 'Interest Capitalized for Sep-2020', '2020-09-18 07:52:25', '2020-09-18 07:52:25'),
	(445, 7, '2020-09-18', '0000-00-00', 667.00, 155000.00, 'C', 'Interest', 'Interest Capitalized for Sep-2020', '2020-09-18 07:52:26', '2020-09-18 07:52:26'),
	(446, 1, '2020-09-18', '0000-00-00', 2028.00, 398459.00, 'C', 'Interest', 'Interest Capitalized for Sep-2020', '2020-09-18 07:52:26', '2020-09-18 07:52:26'),
	(447, 1, '2020-09-18', '0000-00-00', 145.00, 400487.00, 'C', 'Interest', 'Commission Capitalized for Sep-2020', '2020-09-18 07:52:26', '2020-09-18 07:52:26'),
	(448, 8, '2020-09-18', '2020-09-18', 15542.00, 585542.00, 'D', 'Interest', 'Innomac interest', '2020-09-18 08:46:19', '2020-09-18 08:46:19'),
	(449, 8, '2020-09-18', '2020-09-18', 7000.00, 570000.00, 'D', 'Loan', 'Settlement return', '2020-09-18 09:41:28', '2020-09-18 09:41:28'),
	(450, 2, '2020-09-18', '2020-09-18', 14500.00, 2747181.40, 'D', 'Expense', 'MPAY/UPI/FI Funds Trans-1710155000026942 - 20th chit 5lks', '2020-10-01 13:13:52', '2020-10-01 13:13:52'),
	(451, 2, '2020-09-19', '2020-09-19', 5.90, 2732681.40, 'D', 'Expense', 'IMPS Charges for 18092020 026207190979', '2020-10-01 13:15:10', '2020-10-01 13:15:10'),
	(452, 2, '2020-09-23', '2020-09-23', 5.90, 2732675.50, 'D', 'Expense', 'IMPS Charges for 23092020 026718689819', '2020-10-01 13:23:23', '2020-10-01 13:23:23'),
	(453, 2, '2020-10-01', '0000-00-00', 855.00, 2732669.60, 'C', 'Interest', 'Interest Capitalized for Oct-2020', '2020-10-01 13:25:59', '2020-10-01 13:25:59'),
	(454, 7, '2020-10-01', '0000-00-00', 414.00, 155667.00, 'C', 'Interest', 'Interest Capitalized for Oct-2020', '2020-10-01 13:26:00', '2020-10-01 13:26:00'),
	(455, 2, '2020-09-25', '2020-09-25', 5.90, 2733524.60, 'D', 'Expense', 'IMPS Charges for 24092020 026816768018', '2020-10-01 13:30:07', '2020-10-01 13:30:07'),
	(456, 2, '2020-10-01', '2020-10-01', 567.00, 2733518.70, 'C', 'Loan', 'Credit Interest Capitalised', '2020-10-01 13:31:31', '2020-10-01 13:31:31'),
	(457, 1, '2020-10-01', '2020-10-01', 6000.00, 400632.00, 'D', 'Interest', 'Room rent 3k for aug 3k for sep', '2020-10-01 13:43:35', '2020-10-01 13:43:35'),
	(458, 1, '2020-09-23', '2020-09-23', 1240.00, 394632.00, 'D', 'Interest', '1240 karthik saro brother interest . deducted from chit', '2020-10-01 14:23:10', '2020-10-01 14:23:10'),
	(459, 8, '2020-10-01', '2020-10-01', 40000.00, 563000.00, 'C', 'Loan', 'Prabakaran', '2020-10-01 15:36:27', '2020-10-01 15:36:27'),
	(460, 1, '2020-10-01', '2020-10-01', 30000.00, 393392.00, 'C', 'Loan', 'Prabakaran', '2020-10-01 15:37:05', '2020-10-01 15:37:05'),
	(461, 1, '2020-10-01', '2020-10-01', 5000.00, 423392.00, 'C', 'Loan', 'Prabakaran', '2020-10-01 15:38:14', '2020-10-01 15:38:14'),
	(462, 1, '2020-10-05', '2020-10-05', 2199.00, 428392.00, 'D', 'Interest', 'POS/E-POS/0102620707/FLIPKART PAYMENTS/Bangalo - trimmer ', '2020-10-07 19:25:05', '2020-10-07 19:25:05'),
	(463, 1, '2020-10-07', '2020-10-07', 40.00, 426193.00, 'C', 'Loan', 'Ramkumar excess interest', '2020-10-07 19:30:34', '2020-10-07 19:30:34'),
	(464, 10, '2020-09-30', '2020-10-02', 100000.00, 100000.00, 'D', 'Loan', 'Raam sent 52k and 48k sent by me', '2020-10-07 21:26:39', '2020-10-07 21:26:39'),
	(465, 2, '2020-10-07', '2020-10-07', 3990.00, 2734085.70, 'D', 'Interest', 'UPI-DR-028110679790-THANGAVEL-KVBL-1191155000046969-Payment from PhonePe', '2020-10-08 15:06:17', '2020-10-08 15:06:17'),
	(466, 8, '2020-10-09', '0000-00-00', 10016.00, 603000.00, 'C', 'Interest', 'Interest Capitalized for Oct-2020', '2020-10-09 07:15:24', '2020-10-09 07:15:24'),
	(467, 10, '2020-10-09', '0000-00-00', 1500.00, 0.00, 'C', 'Interest', 'Interest Capitalized for Oct-2020', '2020-10-09 07:15:24', '2020-10-09 07:15:24'),
	(468, 9, '2020-10-09', '0000-00-00', 1960.00, 150000.00, 'C', 'Interest', 'Interest Capitalized for Oct-2020', '2020-10-09 07:15:25', '2020-10-09 07:15:25'),
	(469, 2, '2020-10-09', '0000-00-00', 23122.00, 2730095.70, 'C', 'Interest', 'Interest Capitalized for Oct-2020', '2020-10-09 07:15:25', '2020-10-09 07:15:25'),
	(470, 7, '2020-10-09', '0000-00-00', 2037.00, 156081.00, 'C', 'Interest', 'Interest Capitalized for Oct-2020', '2020-10-09 07:15:25', '2020-10-09 07:15:25'),
	(471, 11, '2020-10-09', '0000-00-00', 3990.00, 190000.00, 'C', 'Interest', 'Interest Capitalized for Oct-2020', '2020-10-09 07:15:25', '2020-10-09 07:15:25'),
	(472, 1, '2020-10-09', '0000-00-00', 4170.00, 426233.00, 'C', 'Interest', 'Interest Capitalized for Oct-2020', '2020-10-09 07:15:25', '2020-10-09 07:15:25'),
	(473, 1, '2020-10-09', '0000-00-00', 4402.00, 430403.00, 'C', 'Interest', 'Commission Capitalized for Oct-2020', '2020-10-09 07:15:25', '2020-10-09 07:15:25'),
	(474, 1, '2020-10-09', '0000-00-00', 2038.00, 434805.00, 'C', 'Interest', 'Recovery Collected for Oct-2020', '2020-10-09 07:15:25', '2020-10-09 07:15:25'),
	(475, 11, '2020-10-07', '2020-10-07', 3990.00, 193990.00, 'D', 'Interest', 'UPI-DR-028110679790-THANGAVEL-KVBL-1191155000046969-Payment from PhonePe', '2020-10-09 07:16:18', '2020-10-09 07:16:18'),
	(476, 10, '2020-10-09', '2020-10-09', 1500.00, 1500.00, 'D', 'Interest', 'MB-XFER KVB AC-XXX1588-315373332331-interest', '2020-10-16 08:48:56', '2020-10-16 08:48:56'),
	(477, 7, '2020-10-09', '2020-10-09', 3118.00, 158118.00, 'D', 'Interest', 'MB-XFER KVB AC-XXX2222-315373568146-interest', '2020-10-16 08:49:40', '2020-10-16 08:49:40'),
	(478, 1, '2020-10-11', '2020-10-11', 2500.00, 436843.00, 'D', 'Expense', 'UPI-DR-028517337413-SETHUPATHY T-IOBA-269901000004673-Tracter', '2020-10-16 08:53:00', '2020-10-16 08:53:00'),
	(479, 9, '2020-10-16', '2020-10-16', 165000.00, 151960.00, 'C', 'Loan', 'Chit amount. ', '2020-10-16 09:03:13', '2020-10-16 09:03:13'),
	(480, 9, '2020-10-16', '2020-10-16', 1960.00, 316960.00, 'D', 'Interest', 'Converted as Investment', '2020-10-16 09:03:41', '2020-10-16 09:03:41'),
	(481, 9, '2020-10-16', '2020-10-16', 1960.00, 315000.00, 'C', 'Loan', 'Interest credited to Investment', '2020-10-16 09:04:07', '2020-10-16 09:04:07'),
	(482, 9, '2020-10-16', '2020-10-16', 1500.00, 316960.00, 'C', 'Loan', 'Act chit 172500-6000 = 166500. previously credited 165000.', '2020-10-16 09:06:24', '2020-10-16 09:06:24'),
	(483, 2, '2020-10-16', '2020-10-16', 1540.00, 2753217.70, 'D', 'Interest', 'To settle thangavel macha prakash acc needs 1540. this will be recredit to pramesh when prakash inte', '2020-10-16 09:10:29', '2020-10-16 09:10:29'),
	(484, 9, '2020-10-16', '2020-10-16', 1540.00, 318460.00, 'C', 'Loan', 'Acc tns from pramesh', '2020-10-16 09:11:03', '2020-10-16 09:11:03'),
	(485, 11, '2020-09-30', '2020-10-10', 190000.00, 190000.00, 'D', 'Loan', 'Prakash chit amount + pramesh 2k', '2020-10-16 09:18:24', '2020-10-16 09:18:24'),
	(486, 2, '2020-09-30', '2020-10-10', 190000.00, 2751677.70, 'D', 'Loan', 'Thangavel macha loan settlement', '2020-10-16 09:21:31', '2020-10-16 09:21:31'),
	(487, 5, '2020-10-16', '2020-10-16', 30000.00, 30000.00, 'D', 'Loan', 'Bhupathi acc tnfs to Innomac', '2020-10-16 09:42:54', '2020-10-16 09:42:54'),
	(488, 8, '2020-10-16', '0000-00-00', 1716.00, 613016.00, 'C', 'Interest', 'Interest Capitalized for Oct-2020', '2020-10-16 09:49:55', '2020-10-16 09:49:55'),
	(489, 2, '2020-10-16', '0000-00-00', 7360.00, 2561677.70, 'C', 'Interest', 'Interest Capitalized for Oct-2020', '2020-10-16 09:49:55', '2020-10-16 09:49:55'),
	(490, 8, '2020-10-16', '2020-10-16', 11732.00, 614732.00, 'D', 'Interest', 'Interest Settled', '2020-10-16 18:28:08', '2020-10-16 18:28:08'),
	(491, 8, '2020-10-16', '2020-10-16', 17000.00, 603000.00, 'D', 'Loan', 'Ramprabu 15k ganesh 2k', '2020-10-16 18:30:31', '2020-10-16 18:30:31'),
	(492, 1, '2020-10-14', '2020-10-14', 3500.00, 434343.00, 'D', 'Interest', 'On hand praveen', '2020-10-16 18:41:18', '2020-10-16 18:41:18'),
	(493, 2, '2020-10-16', '0000-00-00', 3500.00, 2569037.70, 'C', 'Interest', 'Interest Capitalized for Oct-2020', '2020-10-16 18:42:43', '2020-10-16 18:42:43'),
	(494, 1, '2020-10-16', '2020-10-16', 366.00, 430843.00, 'D', 'Interest', 'Vijayanad 10k - 8k kannan room rent - 1165 karthi chit amt', '2020-10-16 19:14:46', '2020-10-16 19:19:58'),
	(495, 3, '2020-11-01', '0000-00-00', 60000.00, 700000.00, 'C', 'Interest', 'Interest Capitalized for Nov-2020', '2020-11-01 17:18:35', '2020-11-01 17:18:35'),
	(496, 3, '2020-10-12', '2020-10-12', 60000.00, 760000.00, 'D', 'Interest', 'Prakash chit amount 60k sent from dhanraj acc as interest to krishna. ', '2020-11-01 17:19:46', '2020-11-01 17:19:46'),
	(497, 2, '2020-10-19', '2020-10-19', 5.90, 2572537.70, 'D', 'Expense', 'IMPS Charges for 18102020 029209609401', '2020-11-01 18:51:28', '2020-11-01 18:51:28'),
	(498, 1, '2020-10-19', '2020-10-19', 400.00, 430477.00, 'D', 'Interest', 'Dhivya - Oil and Fish', '2020-11-01 18:52:38', '2020-11-01 18:52:38'),
	(499, 1, '2020-10-20', '2020-10-20', 100.00, 430077.00, 'D', 'Interest', 'UPI-DR-029413212885-AMBIGAI FUELSS-YESB-002261100000025-Petrol thanasi', '2020-11-01 18:58:03', '2020-11-01 18:58:03'),
	(500, 2, '2020-10-25', '2020-10-25', 9.00, 2572531.80, 'C', 'Loan', 'UPI-CR-029922701686-GOOGLEPAY-UTIB-917020028084740-Rewarded for paying with Google Pay', '2020-11-01 19:11:46', '2020-11-01 19:11:46'),
	(501, 8, '2020-11-01', '0000-00-00', 992.00, 586000.00, 'C', 'Interest', 'Interest Capitalized for Nov-2020', '2020-11-01 19:59:53', '2020-11-01 19:59:53'),
	(502, 9, '2020-11-01', '0000-00-00', 480.00, 320000.00, 'C', 'Interest', 'Interest Capitalized for Nov-2020', '2020-11-01 19:59:53', '2020-11-01 19:59:53'),
	(503, 2, '2020-11-01', '0000-00-00', 16340.00, 2572540.80, 'C', 'Interest', 'Interest Capitalized for Nov-2020', '2020-11-01 19:59:53', '2020-11-01 19:59:53'),
	(504, 1, '2020-11-01', '0000-00-00', 1348.00, 429977.00, 'C', 'Interest', 'Interest Capitalized for Nov-2020', '2020-11-01 19:59:53', '2020-11-01 19:59:53'),
	(505, 1, '2020-10-25', '2020-10-25', 1000.00, 431325.00, 'D', 'Interest', 'Poongodi chiti', '2020-11-01 20:01:10', '2020-11-01 20:01:10'),
	(506, 12, '2020-10-25', '2020-10-25', 60000.00, 0.00, 'C', 'Loan', 'Collected as cash to given loan to Parthipan', '2020-11-01 20:03:16', '2020-11-01 20:03:16'),
	(507, 1, '2020-11-01', '2020-11-01', 1200.00, 430325.00, 'D', 'Interest', '1200 karthik saro brother interest . deducted from chit', '2020-11-01 21:59:51', '2020-11-01 21:59:51'),
	(508, 1, '2020-11-01', '2020-11-01', 1500.00, 429125.00, 'D', 'Interest', 'Room rent ', '2020-11-01 22:13:10', '2020-11-01 22:13:10'),
	(509, 1, '2020-11-02', '2020-11-02', 598.00, 427625.00, 'D', 'Interest', 'UPI-DR-030767292563-Paytm Airtel Recharge-PYTM-19744201000007-Oid12100939131@Paytm Airtel Recharge', '2020-11-09 16:31:33', '2020-11-09 16:31:33'),
	(510, 1, '2020-11-02', '2020-11-02', 500.00, 427027.00, 'D', 'Expense', 'IMPS-030717877937-IMPSP2A-SBIN-xxxxxxx4879-mani gift', '2020-11-09 16:38:17', '2020-11-09 16:38:17'),
	(511, 1, '2020-11-03', '2020-11-03', 1000.00, 426527.00, 'C', 'Loan', 'Dhivya - Savings', '2020-11-09 16:39:07', '2020-11-09 16:39:07'),
	(512, 1, '2020-11-05', '2020-11-05', 100.00, 427527.00, 'D', 'Interest', 'IMPS-031011128583-Jayakumar P-IOBA-xxxxxxxxxxx8978-ranjith', '2020-11-09 16:43:20', '2020-11-09 16:43:20'),
	(513, 2, '2020-11-06', '2020-11-06', 5.90, 2588880.80, 'D', 'Expense', 'IMPS Charges for 05112020 031011132166', '2020-11-09 16:46:23', '2020-11-09 16:46:23'),
	(514, 1, '2020-11-06', '2020-11-06', 3300.00, 427427.00, 'D', 'Interest', 'UPI-DR-031119172917-RAJ KUMAR DRAVIDA MANI-KKBK-7112378911-Crackers', '2020-11-09 16:50:08', '2020-11-09 16:50:08'),
	(515, 8, '2020-11-09', '0000-00-00', 7304.00, 586992.00, 'C', 'Interest', 'Interest Capitalized for Nov-2020', '2020-11-09 17:39:28', '2020-11-09 17:39:28'),
	(516, 9, '2020-11-09', '0000-00-00', 1085.00, 320480.00, 'C', 'Interest', 'Interest Capitalized for Nov-2020', '2020-11-09 17:39:28', '2020-11-09 17:39:28'),
	(517, 2, '2020-11-09', '0000-00-00', 19496.00, 2588874.90, 'C', 'Interest', 'Interest Capitalized for Nov-2020', '2020-11-09 17:39:28', '2020-11-09 17:39:28'),
	(518, 7, '2020-11-09', '0000-00-00', 413.00, 155000.00, 'C', 'Interest', 'Interest Capitalized for Nov-2020', '2020-11-09 17:39:28', '2020-11-09 17:39:28'),
	(519, 1, '2020-11-09', '0000-00-00', 972.00, 424127.00, 'C', 'Interest', 'Interest Capitalized for Nov-2020', '2020-11-09 17:39:28', '2020-11-09 17:39:28'),
	(520, 1, '2020-11-09', '0000-00-00', 734.00, 425099.00, 'C', 'Interest', 'Commission Capitalized for Nov-2020', '2020-11-09 17:39:29', '2020-11-09 17:39:29'),
	(521, 1, '2020-11-09', '2020-11-09', 284.00, 425833.00, 'C', 'Loan', 'Boopathy excess interest', '2020-11-09 17:40:24', '2020-11-09 17:40:24');
/*!40000 ALTER TABLE `investments` ENABLE KEYS */;

-- Dumping structure for table pramesh.lenders
CREATE TABLE IF NOT EXISTS `lenders` (
  `id` int(11) NOT NULL AUTO_INCREMENT,
  `name` varchar(50) NOT NULL,
  `address` varchar(500) DEFAULT NULL,
  `primary_contact_no` varchar(10) NOT NULL,
  `secondary_contact_no` varchar(10) DEFAULT NULL,
  `net_investment` decimal(10,2) DEFAULT NULL,
  `current_balance` decimal(10,0) DEFAULT NULL,
  `owner` tinyint(1) DEFAULT NULL,
  `createdon` datetime NOT NULL DEFAULT CURRENT_TIMESTAMP,
  `updatedon` datetime DEFAULT CURRENT_TIMESTAMP ON UPDATE CURRENT_TIMESTAMP,
  PRIMARY KEY (`id`),
  UNIQUE KEY `name` (`name`)
) ENGINE=InnoDB AUTO_INCREMENT=13 DEFAULT CHARSET=latin1 ROW_FORMAT=COMPACT;

-- Dumping data for table pramesh.lenders: ~12 rows (approximately)
/*!40000 ALTER TABLE `lenders` DISABLE KEYS */;
INSERT INTO `lenders` (`id`, `name`, `address`, `primary_contact_no`, `secondary_contact_no`, `net_investment`, `current_balance`, `owner`, `createdon`, `updatedon`) VALUES
	(1, 'Tyrion', 'Karur', '9942551808', '', 426117.00, -313000, 1, '2020-01-15 09:04:03', '2020-11-09 17:40:24'),
	(2, 'Pramesh', 'Karur', '9942551808', NULL, 2608370.90, -455434, 0, '2019-12-15 20:09:39', '2020-11-09 17:39:28'),
	(3, 'Krishna MRL\r\n', 'Chrompet, Chennai', '9445275888', NULL, 700000.00, -400000, 0, '2019-12-15 20:47:38', '2020-11-01 17:19:46'),
	(4, 'Muthukrishnan', 'Namakkal', '8072819284', NULL, 0.00, 50000, 0, '2019-12-16 14:38:38', '2020-07-16 12:14:39'),
	(5, 'Dhanraj M', 'Karur', '9943276412', '', 0.00, NULL, 0, '2020-01-15 09:02:16', '2020-10-16 09:42:54'),
	(6, 'Dhineshkumar', 'Velayuthampalayam', '9944238533', '', 0.00, 167000, 0, '2020-01-15 09:03:08', '2020-09-01 19:00:54'),
	(7, 'Raam', 'Vangal', '9600332211', '', 155413.00, 475000, 0, '2020-01-15 09:03:41', '2020-11-09 17:39:28'),
	(8, 'Innomac Capitals', 'Karur', '9600332211', NULL, 594296.00, -112000, 0, '2020-01-15 09:39:54', '2020-11-09 17:39:28'),
	(9, 'Prakash', 'Karur', '9677788624', '737373384', 321565.00, -490000, NULL, '2020-03-18 07:11:05', '2020-11-09 17:39:28'),
	(10, 'Prabakaran V', 'Muthupet, Thiruvarur', '9944193082', '', 0.00, 0, NULL, '2020-07-03 23:16:17', '2020-10-16 18:31:32'),
	(11, 'Thangavel Machan', 'Raam china macha, Thanjur', '9787201201', '', 0.00, 0, NULL, '2020-07-12 11:52:54', '2020-10-16 18:31:42'),
	(12, 'Poongodi', 'Vennamalai', '8778616622', '', 60000.00, -60000, NULL, '2020-11-01 20:02:00', '2020-11-01 21:23:24');
/*!40000 ALTER TABLE `lenders` ENABLE KEYS */;

-- Dumping structure for table pramesh.loans
CREATE TABLE IF NOT EXISTS `loans` (
  `id` int(11) NOT NULL AUTO_INCREMENT,
  `lenderid` int(11) NOT NULL DEFAULT '0',
  `borrowerid` int(11) NOT NULL DEFAULT '0',
  `amount` decimal(10,2) NOT NULL DEFAULT '0.00',
  `opening_date` date NOT NULL,
  `closing_date` date DEFAULT NULL,
  `agreed_closing_date` date NOT NULL,
  `interest_type` set('F','P') DEFAULT NULL,
  `interest_value` decimal(10,2) NOT NULL DEFAULT '0.00',
  `commission` decimal(10,2) NOT NULL DEFAULT '0.00',
  `description` varchar(500) DEFAULT NULL,
  `status` tinyint(10) DEFAULT '1',
  `createdon` datetime NOT NULL DEFAULT CURRENT_TIMESTAMP,
  `updatedon` datetime NOT NULL DEFAULT CURRENT_TIMESTAMP ON UPDATE CURRENT_TIMESTAMP,
  `created_by` int(11) NOT NULL,
  `updated_by` int(11) DEFAULT NULL,
  PRIMARY KEY (`id`),
  KEY `FK_loans_accounts_2` (`borrowerid`),
  KEY `FK_loans_users` (`created_by`),
  KEY `FK_loans_users_2` (`updated_by`),
  KEY `FK_loans_accounts` (`lenderid`),
  CONSTRAINT `FK_loans_accounts_2` FOREIGN KEY (`borrowerid`) REFERENCES `borrowers` (`id`)
) ENGINE=InnoDB AUTO_INCREMENT=209 DEFAULT CHARSET=latin1;

-- Dumping data for table pramesh.loans: ~179 rows (approximately)
/*!40000 ALTER TABLE `loans` DISABLE KEYS */;
INSERT INTO `loans` (`id`, `lenderid`, `borrowerid`, `amount`, `opening_date`, `closing_date`, `agreed_closing_date`, `interest_type`, `interest_value`, `commission`, `description`, `status`, `createdon`, `updatedon`, `created_by`, `updated_by`) VALUES
	(16, 8, 3, 40000.00, '2017-11-07', NULL, '2018-11-07', 'P', 2.40, 0.00, 'For her marriage', 1, '2020-01-15 09:42:31', '2020-01-15 09:42:31', 0, NULL),
	(17, 2, 3, 10000.00, '2017-12-12', NULL, '2018-12-12', 'P', 2.40, 0.00, 'For her Marriage', 1, '2020-01-15 10:00:25', '2020-01-15 10:00:25', 0, NULL),
	(18, 5, 4, 30000.00, '2017-09-01', '2020-06-30', '2018-09-01', 'F', 2.40, 0.00, 'Farming', 1, '2020-01-15 11:43:40', '2020-10-16 09:38:34', 0, NULL),
	(19, 8, 5, 5000.00, '2017-12-01', '2020-09-30', '2018-12-01', 'P', 2.40, 0.00, 'Room expenses', 1, '2020-01-15 11:46:28', '2020-10-09 07:02:39', 0, NULL),
	(20, 8, 6, 20000.00, '2018-01-19', '2020-04-30', '2019-01-19', 'P', 2.40, 0.00, 'Personal', 1, '2020-01-15 11:47:19', '2020-05-10 11:09:49', 0, NULL),
	(21, 8, 7, 15000.00, '2018-07-01', NULL, '2019-07-01', 'P', 2.40, 0.00, 'Shop opening', 1, '2020-01-15 11:48:40', '2020-01-15 11:48:40', 0, NULL),
	(22, 2, 7, 83424.00, '2018-07-01', NULL, '2019-07-01', 'P', 2.40, 0.00, 'Shop opening', 1, '2020-01-15 11:49:30', '2020-01-15 11:49:30', 0, NULL),
	(23, 2, 8, 50000.00, '2018-08-01', NULL, '2019-08-01', 'P', 2.40, 0.00, 'Cow Farming', 1, '2020-01-15 11:50:27', '2020-01-15 11:50:27', 0, NULL),
	(24, 2, 9, 10000.00, '2018-10-16', '2020-01-31', '2019-10-16', 'P', 2.40, 0.00, 'Personal', 1, '2020-01-15 11:51:37', '2020-02-17 05:14:41', 0, NULL),
	(25, 8, 10, 35000.00, '2018-10-10', NULL, '2019-10-10', 'P', 2.40, 0.00, 'For his Marriage', 1, '2020-01-15 11:52:57', '2020-01-15 11:52:57', 0, NULL),
	(26, 2, 11, 100000.00, '2018-11-21', NULL, '2019-11-21', 'P', 2.40, 0.00, 'Personal', 1, '2020-01-15 11:54:35', '2020-01-15 11:54:35', 0, NULL),
	(27, 2, 12, 43000.00, '2015-10-01', '2020-08-30', '2016-10-01', 'P', 0.00, 0.00, 'Personal', 1, '2020-01-15 11:55:44', '2020-09-01 17:07:35', 0, NULL),
	(28, 2, 10, 15000.00, '2018-12-12', NULL, '2019-12-12', 'P', 2.40, 0.00, 'Personal', 1, '2020-01-15 11:56:46', '2020-01-15 11:56:46', 0, NULL),
	(29, 2, 13, 100000.00, '2019-01-26', NULL, '2020-01-26', 'P', 2.40, 0.00, 'House construction', 1, '2020-01-15 11:57:43', '2020-01-15 11:57:43', 0, NULL),
	(30, 2, 10, 20000.00, '2019-02-06', NULL, '2020-02-06', 'P', 2.40, 0.00, 'Personal', 1, '2020-01-15 11:59:53', '2020-01-15 11:59:53', 0, NULL),
	(31, 2, 14, 10000.00, '2019-03-01', NULL, '2020-03-01', 'P', 2.40, 0.00, 'Personal', 1, '2020-01-15 12:00:33', '2020-01-15 12:00:33', 0, NULL),
	(32, 2, 10, 30000.00, '2019-03-09', NULL, '2020-03-09', 'P', 2.40, 0.00, 'Personal', 1, '2020-01-15 12:02:48', '2020-01-15 12:02:48', 0, NULL),
	(33, 2, 10, 50000.00, '2019-04-04', '2019-08-31', '2020-04-04', 'P', 2.40, 0.00, 'Personal', 1, '2020-01-15 12:03:21', '2020-01-16 07:27:55', 0, NULL),
	(34, 2, 9, 10000.00, '2019-04-01', NULL, '2020-04-01', 'P', 2.40, 0.00, 'Personal', 1, '2020-01-15 12:06:56', '2020-01-15 12:06:56', 0, NULL),
	(35, 2, 15, 19000.00, '2019-04-01', '2020-04-30', '2020-04-01', 'P', 2.40, 0.00, 'Personal', 1, '2020-01-15 12:07:33', '2020-05-10 07:26:48', 0, NULL),
	(36, 2, 10, 50000.00, '2019-04-11', '2019-08-31', '2020-04-11', 'P', 2.40, 0.00, 'Personal', 1, '2020-01-15 12:14:21', '2020-01-16 07:27:55', 0, NULL),
	(37, 2, 16, 30000.00, '2019-04-01', '2019-10-25', '2020-04-01', 'P', 2.40, 0.00, 'Personal', 1, '2020-01-15 12:18:51', '2020-01-16 07:27:55', 0, NULL),
	(38, 6, 17, 43500.00, '2019-04-11', '2019-11-30', '2020-04-11', 'P', 2.40, 0.00, 'Investment', 1, '2020-01-15 12:38:28', '2020-01-16 07:27:55', 0, NULL),
	(39, 2, 18, 15218.00, '2019-05-01', NULL, '2020-05-01', 'P', 2.40, 0.00, 'Personal', 1, '2020-01-15 12:39:04', '2020-01-15 12:39:04', 0, NULL),
	(40, 2, 19, 15000.00, '2019-06-05', NULL, '2020-06-05', 'P', 2.40, 0.00, 'Personal', 1, '2020-01-15 12:39:42', '2020-01-16 07:40:55', 0, NULL),
	(41, 2, 9, 20000.00, '2019-05-16', NULL, '2020-05-16', 'P', 2.40, 0.00, 'Personal', 1, '2020-01-15 12:40:32', '2020-01-15 12:40:32', 0, NULL),
	(42, 2, 15, 50000.00, '2019-05-20', '2020-04-30', '2020-05-20', 'P', 2.40, 0.00, 'Personal', 1, '2020-01-15 12:41:17', '2020-05-10 07:26:21', 0, NULL),
	(43, 8, 20, 10000.00, '2019-06-26', NULL, '2020-06-26', 'P', 2.40, 0.00, 'Personal', 1, '2020-01-15 12:42:22', '2020-01-15 12:42:22', 0, NULL),
	(44, 2, 20, 50000.00, '2019-10-01', NULL, '2020-10-01', 'P', 2.40, 0.00, 'Personal', 1, '2020-01-15 12:43:10', '2020-01-15 12:43:10', 0, NULL),
	(45, 2, 21, 50000.00, '2019-07-22', NULL, '2020-07-22', 'P', 2.40, 0.00, 'Personal', 1, '2020-01-15 12:43:56', '2020-01-15 12:43:56', 0, NULL),
	(46, 2, 22, 35000.00, '2019-07-20', '2020-02-21', '2020-07-20', 'P', 2.40, 0.00, 'Personal', 1, '2020-01-15 12:45:28', '2020-03-01 11:50:50', 0, NULL),
	(47, 3, 22, 100000.00, '2019-08-10', '2019-12-30', '2020-08-10', 'P', 2.40, 0.90, 'Personal', 1, '2020-01-15 12:46:29', '2020-01-16 07:21:47', 0, NULL),
	(48, 7, 23, 100000.00, '2019-10-01', '2020-06-30', '2020-10-01', 'P', 2.40, 0.40, 'Personal', 1, '2020-01-15 12:49:48', '2020-07-12 12:02:30', 0, NULL),
	(49, 2, 24, 25000.00, '2019-08-01', NULL, '2020-08-01', 'P', 2.40, 0.00, 'Personal', 1, '2020-01-15 12:50:30', '2020-01-15 12:50:30', 0, NULL),
	(50, 2, 25, 300000.00, '2019-04-25', NULL, '2020-04-25', 'F', 1.50, 0.00, 'Personal', 1, '2020-01-15 12:52:24', '2020-01-15 12:52:24', 0, NULL),
	(51, 7, 26, 100000.00, '2019-10-01', '2019-12-30', '2020-10-01', 'P', 2.40, 0.40, 'Personal', 1, '2020-01-15 12:55:02', '2020-01-16 12:44:40', 0, NULL),
	(52, 2, 26, 100000.00, '2019-12-31', NULL, '2020-12-31', 'P', 2.40, 0.00, 'Transferred from Raam', 1, '2020-01-15 12:56:41', '2020-01-15 12:57:02', 0, NULL),
	(53, 7, 5, 100000.00, '2019-10-01', '2020-09-30', '2020-10-01', 'P', 2.40, 0.40, 'Personal', 1, '2020-01-15 12:58:04', '2020-10-09 07:02:24', 0, NULL),
	(54, 2, 27, 100000.00, '2019-10-01', NULL, '2020-10-01', 'P', 2.40, 0.00, 'Personal', 1, '2020-01-15 12:58:53', '2020-01-15 12:58:53', 0, NULL),
	(55, 2, 9, 50000.00, '2019-08-28', NULL, '2020-08-28', 'P', 2.40, 0.00, 'Personal', 1, '2020-01-15 13:00:25', '2020-01-15 13:00:25', 0, NULL),
	(56, 2, 20, 40000.00, '2019-09-04', '2020-08-31', '2020-09-04', 'P', 2.40, 0.00, 'Personal', 1, '2020-01-15 13:02:25', '2020-09-12 17:44:17', 0, NULL),
	(57, 2, 28, 10000.00, '2019-09-01', NULL, '2020-09-01', 'P', 2.40, 0.00, 'Personal', 1, '2020-01-15 13:03:22', '2020-01-15 13:03:22', 0, NULL),
	(58, 4, 23, 50000.00, '2019-09-06', '2020-05-18', '2020-09-06', 'P', 2.40, 0.90, 'Personal', 1, '2020-01-15 13:04:06', '2020-06-04 07:10:26', 0, NULL),
	(59, 2, 23, 50000.00, '2019-09-06', '2020-10-30', '2020-09-06', 'P', 2.40, 0.00, 'Personal', 1, '2020-01-15 13:04:49', '2020-11-01 19:14:43', 0, NULL),
	(60, 2, 29, 50000.00, '2019-09-11', NULL, '2020-09-11', 'P', 2.40, 0.00, 'Personal', 1, '2020-01-15 13:05:53', '2020-01-15 13:05:53', 0, NULL),
	(61, 2, 22, 11000.00, '2019-09-13', '2019-12-30', '2020-09-13', 'P', 2.40, 0.00, 'Personal', 1, '2020-01-15 13:06:38', '2020-01-16 07:27:55', 0, NULL),
	(62, 2, 30, 10000.00, '2019-09-16', NULL, '2020-09-16', 'P', 2.40, 0.00, 'Personal', 1, '2020-01-15 13:07:41', '2020-01-15 13:07:41', 0, NULL),
	(63, 2, 24, 20000.00, '2019-09-18', '2020-05-31', '2020-09-18', 'P', 2.40, 0.00, 'Personal', 1, '2020-01-15 13:08:20', '2020-08-03 12:31:36', 0, NULL),
	(64, 6, 24, 20000.00, '2019-09-18', '2020-06-30', '2020-09-18', 'P', 2.40, 0.00, 'Personal', 1, '2020-01-15 13:08:40', '2020-07-16 12:01:35', 0, NULL),
	(65, 2, 28, 20000.00, '2019-07-12', NULL, '2020-07-12', 'P', 2.40, 0.00, 'Personal', 1, '2020-01-15 13:09:20', '2020-01-15 13:09:20', 0, NULL),
	(66, 8, 15, 85000.00, '2019-10-11', '2019-12-31', '2020-10-11', 'P', 2.40, 0.00, 'Personal', 1, '2020-01-15 13:10:12', '2020-01-16 07:27:55', 0, NULL),
	(67, 8, 22, 34000.00, '2019-10-17', '2020-02-21', '2020-10-17', 'P', 2.40, 0.00, 'Personal', 1, '2020-01-15 13:11:32', '2020-03-01 11:49:48', 0, NULL),
	(68, 7, 32, 10000.00, '2019-11-08', '2020-10-31', '2020-11-08', 'P', 2.40, 0.40, 'Personal', 1, '2020-01-15 13:14:38', '2020-11-01 22:08:35', 0, NULL),
	(69, 2, 31, 200000.00, '2019-11-01', NULL, '2020-11-01', 'F', 2.00, 0.00, 'Personal', 1, '2020-01-15 13:15:26', '2020-01-15 13:15:26', 0, NULL),
	(70, 1, 29, 50000.00, '2019-11-14', NULL, '2020-11-14', 'P', 2.40, 0.00, 'Personal', 1, '2020-01-15 13:18:03', '2020-01-15 13:18:03', 0, NULL),
	(71, 8, 33, 50000.00, '2019-11-14', NULL, '2020-11-14', 'P', 2.40, 0.00, 'Personal', 1, '2020-01-15 13:18:45', '2020-01-15 13:18:45', 0, NULL),
	(72, 8, 34, 15000.00, '2019-11-19', NULL, '2020-11-19', 'P', 2.40, 0.00, 'Personal', 1, '2020-01-15 13:19:21', '2020-01-15 13:19:21', 0, NULL),
	(73, 1, 10, 20000.00, '2019-11-30', NULL, '2020-11-30', 'P', 2.40, 0.00, 'Personal', 1, '2020-01-15 13:20:22', '2020-01-15 13:20:22', 0, NULL),
	(74, 1, 32, 30000.00, '2019-12-01', NULL, '2020-12-01', 'P', 2.40, 0.00, 'Personal', 1, '2020-01-15 13:21:45', '2020-01-15 13:21:45', 0, NULL),
	(75, 2, 33, 100000.00, '2019-11-14', NULL, '2020-11-14', 'P', 2.40, 0.00, 'Personal', 1, '2020-01-15 13:22:22', '2020-01-15 13:22:22', 0, NULL),
	(76, 2, 22, 50000.00, '2019-12-07', '2019-12-30', '2020-12-07', 'P', 2.40, 0.00, 'Personal', 1, '2020-01-15 13:23:05', '2020-01-16 07:27:55', 0, NULL),
	(77, 2, 32, 50000.00, '2019-12-10', NULL, '2020-12-10', 'P', 2.40, 0.00, 'Personal', 1, '2020-01-15 13:26:01', '2020-01-15 13:26:01', 0, NULL),
	(78, 6, 17, 10000.00, '2019-12-01', '2020-05-11', '2020-12-01', 'P', 0.00, 0.00, 'Investment', 1, '2020-01-15 13:26:36', '2020-05-11 07:00:36', 0, NULL),
	(79, 6, 17, 43500.00, '2019-12-01', '2020-01-23', '2020-12-01', 'P', 0.00, 0.00, 'Investment', 1, '2020-01-15 13:31:47', '2020-02-17 09:41:35', 0, NULL),
	(80, 2, 11, 30000.00, '2019-12-11', '2020-01-23', '2020-12-11', 'P', 0.00, 0.00, 'Personal', 1, '2020-01-15 13:33:08', '2020-02-04 09:23:32', 0, NULL),
	(81, 2, 33, 20000.00, '2019-12-13', NULL, '2020-12-13', 'P', 2.40, 0.00, 'Personal', 1, '2020-01-15 13:33:42', '2020-01-15 13:33:42', 0, NULL),
	(82, 2, 35, 10000.00, '2019-12-14', NULL, '2020-12-14', 'P', 2.40, 0.00, 'Personal', 1, '2020-01-15 13:34:15', '2020-01-15 13:34:15', 0, NULL),
	(83, 6, 11, 50000.00, '2020-01-01', '2020-06-30', '2021-01-01', 'P', 2.40, 0.40, 'Hospital', 1, '2020-01-15 13:35:17', '2020-07-16 11:43:15', 0, NULL),
	(84, 3, 11, 300000.00, '2019-12-24', NULL, '2020-12-24', 'P', 2.10, 0.60, 'Hospital', 1, '2020-01-15 13:35:45', '2020-09-09 19:26:16', 0, NULL),
	(85, 2, 36, 10000.00, '2019-12-28', NULL, '2020-12-28', 'P', 2.40, 0.00, 'Personal', 1, '2020-01-15 13:36:20', '2020-01-15 13:36:20', 0, NULL),
	(86, 8, 37, 30000.00, '2020-01-03', '2020-01-31', '2021-01-03', 'P', 2.40, 0.00, 'Personal', 1, '2020-01-15 13:37:02', '2020-02-07 08:01:24', 0, NULL),
	(87, 2, 23, 20000.00, '2020-01-04', '2020-09-30', '2021-01-04', 'P', 2.40, 0.00, 'Personal', 1, '2020-01-15 13:37:53', '2020-10-16 09:15:44', 0, NULL),
	(88, 2, 9, 100000.00, '2020-01-01', NULL, '2021-01-01', 'P', 2.40, 0.00, 'Personal', 1, '2020-01-15 13:38:24', '2020-01-15 13:38:24', 0, NULL),
	(89, 2, 37, 15000.00, '2020-01-10', NULL, '2021-01-10', 'P', 2.40, 0.00, 'Personal', 1, '2020-01-16 06:28:06', '2020-01-16 06:28:06', 0, NULL),
	(90, 8, 37, 85000.00, '2020-01-10', NULL, '2021-01-10', 'P', 2.40, 0.00, 'Personal', 1, '2020-01-16 06:28:31', '2020-01-16 06:28:31', 0, NULL),
	(91, 7, 39, 100000.00, '2020-01-12', '2020-05-31', '2021-01-12', 'P', 2.40, 0.40, 'Personal', 1, '2020-01-16 06:29:18', '2020-07-03 23:15:33', 0, NULL),
	(92, 8, 39, 100000.00, '2020-01-12', NULL, '2021-01-12', 'P', 2.40, 0.00, 'Personal', 1, '2020-01-16 06:29:52', '2020-02-17 05:57:59', 0, NULL),
	(93, 2, 22, 100000.00, '2019-11-21', '2019-12-30', '2020-11-21', 'P', 2.40, 0.00, 'Personal', 1, '2020-01-16 07:46:34', '2020-01-16 08:23:54', 0, NULL),
	(94, 7, 11, 50000.00, '2020-01-23', '2020-06-30', '2021-01-23', 'P', 2.40, 0.40, 'Mother hospital ', 1, '2020-02-02 15:22:53', '2020-07-12 11:43:13', 0, NULL),
	(95, 7, 15, 50000.00, '2020-01-23', '2020-03-10', '2021-01-23', 'P', 0.00, 0.00, 'Personal', 1, '2020-02-02 15:23:58', '2020-03-17 07:49:18', 0, NULL),
	(96, 7, 40, 100000.00, '2020-01-25', '2020-01-31', '2021-01-25', 'P', 2.40, 0.40, 'His child education', 1, '2020-02-02 15:25:52', '2020-02-04 09:38:16', 0, NULL),
	(97, 7, 40, 45000.00, '2020-01-25', NULL, '2021-01-25', 'P', 2.40, 0.40, 'Course', 0, '2020-02-02 15:26:29', '2020-02-04 08:17:12', 0, NULL),
	(98, 7, 41, 45000.00, '2020-01-25', NULL, '2021-01-25', 'P', 1.50, 0.00, 'Course', 1, '2020-02-04 08:18:50', '2020-09-12 17:12:53', 0, NULL),
	(99, 1, 22, 32000.00, '2020-01-25', '2020-02-29', '2021-01-25', 'P', 2.40, 0.00, 'Father in Law Hospital expense', 1, '2020-02-04 08:43:16', '2020-03-17 07:59:43', 0, NULL),
	(100, 8, 38, 30000.00, '2020-01-14', '2020-07-14', '2021-01-14', 'P', 2.40, 0.00, 'Personal', 1, '2020-02-04 09:04:05', '2020-07-16 12:06:35', 0, NULL),
	(101, 8, 22, 50000.00, '2020-01-20', '2020-02-21', '2021-01-20', 'P', 2.40, 0.00, 'Father in Law Hospital expense', 1, '2020-02-04 09:06:16', '2020-03-01 11:48:44', 0, NULL),
	(102, 7, 42, 20000.00, '2020-02-02', '2020-10-31', '2021-02-02', 'P', 2.00, 0.00, 'Personal', 1, '2020-02-04 09:35:23', '2020-11-01 22:07:55', 0, NULL),
	(103, 7, 10, 70000.00, '2020-02-09', '2020-08-31', '2021-02-09', 'P', 2.40, 0.40, 'sent 100k then returned 20k. instead of chit. 70k raam 10k innomac', 1, '2020-02-17 06:49:54', '2020-09-12 17:46:50', 0, NULL),
	(104, 8, 10, 10000.00, '2020-02-09', NULL, '2021-02-09', 'P', 2.40, 0.00, 'borrowed 100k. 70k raam 10k innomac', 1, '2020-02-17 06:50:53', '2020-02-17 06:50:53', 0, NULL),
	(105, 2, 5, 25000.00, '2020-02-12', '2020-09-30', '2021-02-12', 'P', 2.40, 0.00, 'Borrowed 25k. sent 18k after deducting interest and room rent', 1, '2020-02-17 10:12:00', '2020-10-09 07:02:06', 0, NULL),
	(106, 2, 43, 15000.00, '2020-02-21', '2020-03-05', '2021-02-21', 'P', 2.40, 0.00, 'Loan', 1, '2020-03-01 10:14:45', '2020-04-13 17:29:32', 0, NULL),
	(107, 8, 37, 50000.00, '2020-02-28', '2020-03-31', '2021-02-28', 'P', 2.40, 0.00, 'Behalf his friend', 1, '2020-03-01 22:08:55', '2020-05-01 08:04:57', 0, NULL),
	(108, 1, 16, 20000.00, '2020-02-29', NULL, '2021-03-01', 'P', 2.40, 0.00, 'Borrowed 25k. 20k from tyrion and 5k from pramesh', 1, '2020-03-01 22:15:57', '2020-03-01 22:15:57', 0, NULL),
	(109, 2, 16, 5000.00, '2020-02-29', NULL, '2021-03-01', 'P', 2.40, 0.00, 'Borrowed 25k. 20k from tyrion and 5k from pramesh', 1, '2020-03-01 22:16:26', '2020-03-01 22:16:26', 0, NULL),
	(110, 8, 22, 65000.00, '2020-03-07', '2020-08-27', '2021-03-07', 'P', 2.40, 0.00, 'Borrowed for his uncle medical ', 1, '2020-03-17 05:55:25', '2020-08-27 17:45:48', 0, NULL),
	(111, 1, 22, 20000.00, '2020-03-07', '2020-08-27', '2021-03-07', 'P', 2.40, 0.00, 'Borrowed for his uncle medical', 1, '2020-03-17 05:58:44', '2020-08-27 17:45:28', 0, NULL),
	(112, 7, 22, 30000.00, '2020-03-11', '2020-04-30', '2021-03-11', 'P', 2.40, 0.40, 'Borrowed for his uncle medical', 1, '2020-03-17 06:02:56', '2020-05-10 10:38:41', 0, NULL),
	(113, 2, 22, 5000.00, '2020-03-07', '2020-08-27', '2021-03-07', 'P', 2.40, 0.00, 'Borrowed for his uncle medical', 1, '2020-03-17 06:03:41', '2020-08-27 17:45:17', 0, NULL),
	(114, 7, 40, 50000.00, '2020-03-13', '2020-04-30', '2021-03-13', 'P', 2.40, 0.40, 'Personal', 1, '2020-03-17 06:21:01', '2020-05-01 07:59:27', 0, NULL),
	(115, 9, 22, 10000.00, '2020-03-07', '2020-08-27', '2021-03-07', 'P', 2.40, 0.90, 'Personal', 1, '2020-03-18 07:12:44', '2020-08-27 17:45:37', 0, NULL),
	(116, 2, 22, 30000.00, '2020-03-18', '2020-08-27', '2021-03-18', 'P', 2.40, 0.00, 'home advance', 1, '2020-03-18 08:13:47', '2020-08-27 17:45:06', 0, NULL),
	(117, 6, 28, 20000.00, '2020-03-19', '2020-03-31', '2021-03-19', 'P', 2.40, 0.40, 'Personal', 1, '2020-04-01 09:20:20', '2020-04-01 09:20:43', 0, NULL),
	(118, 6, 31, 100000.00, '2020-03-20', '2020-06-30', '2021-03-20', 'P', 2.40, 0.40, 'Sangeetha amma borrowed', 1, '2020-04-01 09:22:08', '2020-07-16 11:41:38', 0, NULL),
	(119, 8, 43, 10000.00, '2020-03-21', NULL, '2021-03-21', 'P', 2.40, 0.00, 'Personal', 1, '2020-04-01 09:23:23', '2020-04-01 09:23:23', 0, NULL),
	(120, 1, 5, 20000.00, '2020-03-27', '2020-09-30', '2021-03-27', 'P', 2.40, 0.00, 'Father medical expence', 1, '2020-04-01 09:24:50', '2020-10-09 07:01:51', 0, NULL),
	(121, 2, 43, 10000.00, '2020-04-13', NULL, '2021-04-13', 'P', 2.40, 0.00, 'Personal', 1, '2020-04-13 17:33:06', '2020-05-01 08:53:18', 0, NULL),
	(122, 1, 40, 10000.00, '2020-04-08', '2020-04-10', '2021-04-08', 'P', 2.40, 0.00, 'Personal', 1, '2020-05-01 08:12:16', '2020-05-01 08:13:08', 0, NULL),
	(123, 8, 43, 10000.00, '2020-04-13', NULL, '2021-04-13', 'P', 2.40, 0.00, 'Personal', 1, '2020-05-01 08:53:50', '2020-05-01 08:53:50', 0, NULL),
	(124, 8, 44, 20000.00, '2020-04-29', '2020-07-18', '2021-04-29', 'P', 2.40, 0.00, 'Personal', 1, '2020-05-01 09:05:28', '2020-08-01 10:59:40', 0, NULL),
	(125, 1, 45, 30000.00, '2020-04-29', '2020-07-10', '2021-04-29', 'P', 2.40, 0.00, 'Personal', 1, '2020-05-01 10:52:08', '2020-07-12 11:28:41', 0, NULL),
	(126, 7, 43, 20000.00, '2020-04-28', '2020-10-31', '2021-04-28', 'P', 2.40, 0.40, 'Personal', 1, '2020-05-01 10:59:49', '2020-11-01 22:06:59', 0, NULL),
	(127, 2, 37, 50000.00, '2020-05-03', '2020-06-30', '2021-05-03', 'P', 2.40, 0.00, 'For his friend', 1, '2020-05-10 07:28:13', '2020-07-03 22:39:50', 0, NULL),
	(128, 2, 32, 10000.00, '2020-05-05', NULL, '2021-05-05', 'P', 2.40, 0.00, 'Personal', 1, '2020-05-10 07:28:53', '2020-05-10 07:28:53', 0, NULL),
	(129, 2, 12, 100000.00, '2020-03-01', NULL, '2021-03-01', 'F', 1.50, 0.00, '2/16/2018 given 1 lk. then 7/1/19 given 1lk extra and reduced interest rate to 1.5 ', 1, '2020-05-27 21:01:49', '2020-05-27 21:02:13', 0, NULL),
	(130, 2, 12, 100000.00, '2020-03-01', NULL, '2021-03-01', 'F', 1.50, 0.00, 'Given after prakash marriage. ', 1, '2020-05-27 21:12:51', '2020-05-27 21:12:51', 0, NULL),
	(131, 2, 25, 100000.00, '2020-03-01', NULL, '2021-03-01', 'F', 1.50, 0.00, 'Given on 07/01/2018. ', 1, '2020-05-27 21:13:54', '2020-05-27 21:14:02', 0, NULL),
	(132, 2, 25, 100000.00, '2020-03-01', NULL, '2021-03-01', 'F', 1.50, 0.00, 'Given on 29th Oct 2019 from prakash', 1, '2020-05-27 21:15:07', '2020-05-27 21:15:07', 0, NULL),
	(133, 2, 12, 20000.00, '2020-05-19', NULL, '2021-05-19', 'P', 0.00, 0.00, 'Corona ', 0, '2020-06-04 07:07:06', '2020-06-04 10:39:58', 0, NULL),
	(134, 9, 23, 50000.00, '2020-05-19', '2020-10-30', '2021-05-19', 'P', 2.40, 0.90, 'Account transfer from Muthukrishnan', 1, '2020-06-04 07:11:08', '2020-11-01 19:14:21', 0, NULL),
	(135, 1, 22, 50000.00, '2020-05-20', '2020-08-27', '2021-05-20', 'P', 2.40, 0.00, 'Personal', 1, '2020-06-04 07:58:32', '2020-08-27 17:44:53', 0, NULL),
	(137, 8, 45, 15000.00, '2020-05-24', '2020-07-10', '2021-05-24', 'P', 2.40, 0.00, 'Personal', 1, '2020-06-04 10:35:30', '2020-07-12 11:27:55', 0, NULL),
	(138, 2, 12, 20000.00, '2020-05-19', NULL, '2021-05-19', 'P', 0.00, 0.00, 'Corona kaimathu', 1, '2020-06-04 11:09:28', '2020-06-04 11:09:28', 0, NULL),
	(139, 2, 47, 40000.00, '2020-01-01', NULL, '2021-01-01', 'F', 1.00, 0.00, 'Amma given from Vote Amount', 1, '2020-06-04 11:23:45', '2020-06-04 11:23:45', 0, NULL),
	(140, 8, 46, 50000.00, '2020-05-22', NULL, '2021-05-22', 'P', 2.40, 0.00, 'Saro Brother Marriage', 1, '2020-06-04 12:06:50', '2020-06-04 12:06:50', 0, NULL),
	(141, 7, 45, 5000.00, '2020-05-24', '2020-07-10', '2021-05-24', 'P', 2.40, 0.40, 'Personal', 1, '2020-06-04 12:12:22', '2020-07-12 11:28:21', 0, NULL),
	(142, 1, 27, 30000.00, '2020-06-03', NULL, '2021-06-03', 'P', 2.40, 0.00, 'Ranjitha for ranjith bail', 1, '2020-06-04 12:29:48', '2020-06-04 12:29:48', 0, NULL),
	(143, 8, 27, 5000.00, '2020-06-03', NULL, '2021-06-03', 'P', 2.40, 0.00, 'Ranjitha for ranjith bail', 1, '2020-06-04 12:30:17', '2020-06-04 12:30:17', 0, NULL),
	(144, 10, 39, 100000.00, '2020-06-01', '2020-09-30', '2021-06-01', 'P', 2.40, 0.90, 'Loan transfer from Raam', 1, '2020-07-03 23:31:03', '2020-10-07 21:24:55', 0, NULL),
	(145, 3, 11, 400000.00, '2020-06-06', NULL, '2021-06-06', 'P', 2.00, 0.50, 'MHS Appa House lease return', 1, '2020-07-03 23:33:40', '2020-09-09 19:27:25', 0, NULL),
	(146, 10, 11, 50000.00, '2020-07-01', '2020-08-19', '2021-07-01', 'P', 2.40, 0.90, 'Loan transfer from Raam', 1, '2020-07-12 11:44:17', '2020-08-23 12:24:05', 0, NULL),
	(147, 11, 17, 300000.00, '2020-07-01', '2020-09-30', '2021-07-01', 'F', 2.10, 0.00, 'For Raam 150k and Praveen 150k', 1, '2020-07-12 11:55:00', '2020-10-16 09:17:20', 0, NULL),
	(148, 2, 23, 100000.00, '2020-07-01', '2020-10-31', '2021-07-01', 'P', 2.40, 0.00, 'Loan transfer from Raam', 1, '2020-07-12 12:02:58', '2020-11-01 19:13:35', 0, NULL),
	(149, 2, 10, 50000.00, '2020-07-01', NULL, '2021-07-01', 'P', 2.40, 0.00, 'Loan transfer from Raam', 1, '2020-07-12 12:05:35', '2020-07-12 12:05:35', 0, NULL),
	(150, 2, 30, 150000.00, '2020-07-06', '2020-09-30', '2021-07-06', 'P', 2.10, 0.00, 'Thangavel Macha', 1, '2020-07-12 12:10:40', '2020-10-16 09:12:45', 0, NULL),
	(151, 2, 5, 2000.00, '2020-07-13', '2020-08-08', '2021-07-13', 'F', 0.00, 0.00, 'Kaimathu', 1, '2020-07-14 11:10:56', '2020-08-23 11:20:17', 0, NULL),
	(152, 1, 31, 100000.00, '2020-07-01', NULL, '2021-07-01', 'P', 2.40, 0.00, 'Loan transferred from Moorthi SRM', 1, '2020-07-16 11:41:38', '2020-07-16 11:41:38', 0, NULL),
	(153, 1, 11, 50000.00, '2020-07-01', NULL, '2021-07-01', 'P', 2.40, 0.00, 'Loan transferred from MHS', 1, '2020-07-16 11:43:15', '2020-07-16 11:43:15', 0, NULL),
	(154, 1, 24, 10000.00, '2020-07-01', NULL, '2021-07-01', 'P', 2.40, 0.00, 'Loan transferred from Selva Switch Team', 1, '2020-07-16 11:59:56', '2020-07-16 11:59:56', 0, NULL),
	(155, 2, 24, 10000.00, '2020-07-01', NULL, '2021-07-01', 'P', 2.40, 0.00, 'Loan transferred from Selva Switch Team', 1, '2020-07-16 12:01:35', '2020-07-16 12:01:35', 0, NULL),
	(156, 8, 48, 25000.00, '2020-07-01', '2020-07-01', '2021-07-01', 'P', 2.40, 0.00, 'Transfered by Ramesh to Raam', 1, '2020-08-01 10:53:10', '2020-10-16 09:25:56', 0, NULL),
	(157, 8, 22, 10000.00, '2020-07-21', '2020-08-27', '2021-07-21', 'P', 2.40, 0.00, 'MPAY/UPI/FI Funds Trans-1285166000013581', 1, '2020-08-01 11:04:45', '2020-08-27 17:44:29', 0, NULL),
	(158, 8, 24, 20000.00, '2020-06-01', NULL, '2021-06-01', 'P', 2.40, 0.00, 'Loan transferred from Selva Switch Team', 1, '2020-08-03 12:31:36', '2020-08-03 12:31:36', 0, NULL),
	(159, 11, 49, 50000.00, '2020-07-01', '2020-08-19', '2021-07-01', 'F', 2.10, 0.00, 'Personal', 1, '2020-08-06 14:23:33', '2020-08-23 11:44:24', 0, NULL),
	(160, 8, 50, 15000.00, '2020-08-01', '2020-09-30', '2020-11-01', 'P', 2.40, 0.00, 'UPI-DR-021412073667-20025635739SBIN0000001ifscnpci-SBIN-20025635739-Bhf Ramprabhu', 1, '2020-08-23 10:14:33', '2020-10-07 19:22:27', 0, NULL),
	(161, 2, 40, 20000.00, '2020-08-05', NULL, '2021-08-05', 'P', 2.40, 0.00, 'MPAY/UPI/FI Funds Trans-1285166000004206', 1, '2020-08-23 10:46:49', '2020-08-27 19:52:05', 0, NULL),
	(162, 9, 38, 60000.00, '2020-08-11', '2020-09-05', '2020-10-11', 'P', 2.40, 0.90, 'Borrowed for patta loan repay ', 1, '2020-08-23 11:52:27', '2020-09-07 09:48:51', 0, NULL),
	(163, 7, 11, 50000.00, '2020-08-20', NULL, '2021-08-20', 'P', 2.40, 0.40, 'Loan transferred from MHS', 1, '2020-08-23 12:24:05', '2020-08-27 20:58:30', 0, NULL),
	(164, 11, 5, 50000.00, '2020-08-19', '2020-08-31', '2021-08-19', 'F', 2.40, 0.30, 'IMPS-023217351323-SBIN-xxxxxxx1973-kannan', 1, '2020-08-23 12:31:25', '2020-09-07 09:41:15', 0, NULL),
	(165, 9, 16, 30000.00, '2020-08-21', '2020-10-31', '2021-02-28', 'P', 2.40, 0.90, 'IMPS-023413482126-SBIN-xxxxxxx5739-dhaya', 1, '2020-08-23 12:36:08', '2020-11-01 19:51:12', 0, NULL),
	(166, 7, 11, 25000.00, '2020-08-23', '2020-09-01', '2020-08-31', 'F', 2.00, 0.00, 'Urgent purpose', 1, '2020-08-24 10:22:05', '2020-09-06 08:57:02', 0, NULL),
	(167, 9, 49, 10000.00, '2020-08-30', '2020-09-30', '2020-09-10', 'P', 2.10, 0.60, 'Personal', 1, '2020-09-01 18:08:58', '2020-10-07 21:19:57', 0, NULL),
	(168, 2, 49, 80000.00, '2020-08-30', '2020-09-30', '2020-08-30', 'P', 2.10, 0.00, 'Personal', 1, '2020-09-01 18:10:45', '2020-10-07 21:20:18', 0, NULL),
	(169, 1, 49, 10000.00, '2020-08-30', '2020-09-30', '2020-08-30', 'P', 2.10, 0.00, 'Personal', 1, '2020-09-01 18:11:38', '2020-10-07 21:19:13', 0, NULL),
	(170, 8, 22, 70000.00, '2020-09-01', NULL, '2021-09-01', 'P', 2.40, 0.00, 'For his brother', 1, '2020-09-01 18:51:15', '2020-09-01 18:51:15', 0, NULL),
	(171, 1, 49, 50000.00, '2020-09-01', '2020-09-30', '2021-09-01', 'P', 2.10, 0.00, 'Personal', 1, '2020-09-01 18:52:54', '2020-10-07 21:18:50', 0, NULL),
	(172, 9, 20, 40000.00, '2020-09-01', '2020-10-31', '2021-09-01', 'P', 2.40, 0.90, 'Loan transferred from Ramkumar MRL', 1, '2020-09-12 17:44:17', '2020-11-01 19:52:11', 0, NULL),
	(173, 9, 10, 20000.00, '2020-09-01', '2020-10-31', '2021-09-01', 'P', 2.40, 0.90, 'Loan transferred from Manikandan M', 1, '2020-09-12 17:46:50', '2020-11-01 19:52:51', 0, NULL),
	(174, 1, 51, 10000.00, '2020-09-18', '2020-10-01', '2021-09-18', 'P', 0.00, 0.00, 'MPAY/UPI/FI Funds Trans-1143155000159764 - Personal', 1, '2020-10-01 13:09:28', '2020-10-07 12:46:05', 0, NULL),
	(175, 2, 47, 10000.00, '2020-10-01', NULL, '2021-10-01', 'F', 1.00, 0.00, 'He got from ranjith. ', 1, '2020-10-01 13:27:24', '2020-10-01 13:28:04', 0, NULL),
	(176, 1, 15, 35000.00, '2020-10-01', '2020-10-31', '2021-01-01', 'P', 2.40, 0.00, 'Personal', 1, '2020-10-01 15:39:12', '2020-11-09 16:40:54', 0, NULL),
	(177, 8, 15, 40000.00, '2020-10-01', '2020-10-31', '2021-01-01', 'P', 2.40, 0.00, 'Personal', 1, '2020-10-01 15:39:42', '2020-11-09 16:41:16', 0, NULL),
	(178, 1, 39, 60000.00, '2020-10-01', NULL, '2021-10-01', 'P', 2.40, 0.00, 'Loan transferred from Pazhani Udhayam', 1, '2020-10-07 21:23:47', '2020-10-07 21:23:47', 0, NULL),
	(179, 9, 39, 10000.00, '2020-10-01', '2020-10-31', '2021-10-01', 'P', 2.40, 0.90, 'Loan transferred from Pazhani Udhayam', 1, '2020-10-07 21:24:35', '2020-11-01 19:53:34', 0, NULL),
	(180, 2, 39, 30000.00, '2020-10-01', NULL, '2021-10-01', 'P', 2.40, 0.00, 'Loan transferred from Pazhani Udhayam', 1, '2020-10-07 21:24:55', '2020-10-07 21:24:55', 0, NULL),
	(181, 7, 33, 40000.00, '2020-10-01', NULL, '2021-10-01', 'P', 2.40, 0.40, 'Loan transferred from Selva Raam', 1, '2020-10-09 07:10:08', '2020-10-09 07:10:08', 0, NULL),
	(182, 9, 30, 150000.00, '2020-10-01', NULL, '2021-10-01', 'P', 2.10, 0.00, 'Loan transferred from Praveen Kumar', 1, '2020-10-16 09:12:45', '2020-10-16 09:12:45', 0, NULL),
	(183, 9, 23, 20000.00, '2020-10-01', '2020-10-31', '2021-10-01', 'P', 2.40, 0.30, 'Loan transferred from Prabu Asset', 1, '2020-10-16 09:15:44', '2020-11-01 19:49:35', 0, NULL),
	(184, 8, 4, 30000.00, '2020-07-01', '2020-10-31', '2021-07-01', 'P', 2.40, 0.00, 'Loan transferred from Bhupathy', 1, '2020-10-16 09:27:39', '2020-11-09 16:56:30', 0, NULL),
	(185, 2, 11, 60000.00, '2020-11-01', NULL, '2021-11-01', 'P', 1.50, 0.00, 'Prakash chit amount 60k sent from dhanraj acc as interest to krishna. but he didnt give. so converted to loan', 1, '2020-11-01 17:11:45', '2020-11-01 17:11:45', 0, NULL),
	(186, 2, 52, 20000.00, '2020-10-17', NULL, '2021-10-17', 'P', 0.00, 0.00, 'MB-XFER KVB AC-XXX0995-315373712538-parthiban', 1, '2020-11-01 18:49:20', '2020-11-01 18:49:20', 0, NULL),
	(187, 2, 34, 10000.00, '2020-10-18', NULL, '2021-10-18', 'P', 2.40, 0.00, 'IMPS-029209609401-IMPSP2A-SBIN-xxxxxxx7324-ganesh', 1, '2020-11-01 18:50:49', '2020-11-01 18:50:49', 0, NULL),
	(188, 2, 43, 30000.00, '2020-10-20', NULL, '2021-10-20', 'P', 2.40, 0.00, 'UPI-DR-029441078262-1285166000009429KVBL0000001ifscnpci-KVBL-1285166000009429-Kiran', 1, '2020-11-01 18:59:03', '2020-11-01 18:59:03', 0, NULL),
	(189, 2, 32, 3000.00, '2020-10-20', NULL, '2021-10-20', 'P', 0.00, 0.00, 'MB-XFER KVB AC-XXX4406-315373481589-vinayagam. Kaimathu', 1, '2020-11-01 19:02:49', '2020-11-01 19:02:49', 0, NULL),
	(190, 1, 53, 10000.00, '2020-10-25', NULL, '2021-10-25', 'P', 0.00, 0.00, 'UPI-DR-029912363711-MANIKANDAN P-BKID-830910110002928-Mani', 1, '2020-11-01 19:10:29', '2020-11-01 19:10:29', 0, NULL),
	(191, 1, 53, 10000.00, '2020-10-26', '2020-11-01', '2021-10-26', 'P', 0.00, 0.00, 'UPI-DR-030016361382-MANIKANDAN P-BKID-830910110002928-Mani', 1, '2020-11-01 19:12:06', '2020-11-01 19:38:05', 0, NULL),
	(192, 1, 44, 5000.00, '2020-10-30', NULL, '2020-11-02', 'P', 0.00, 0.00, 'UPI-DR-030415085113-KARTHI M-ICIC-353401502915-Karthi-Kaimathu', 1, '2020-11-01 19:16:20', '2020-11-01 19:16:20', 0, NULL),
	(193, 1, 5, 3000.00, '2020-11-01', '2020-11-08', '2020-11-07', 'P', 0.00, 0.00, 'UPI-DR-030608445032-KANNAN G-HDFC-50100208155997-Urgent-Kaimathu', 1, '2020-11-01 19:20:37', '2020-11-09 16:55:33', 0, NULL),
	(194, 9, 23, 20000.00, '2020-11-01', NULL, '2021-11-01', 'P', 2.40, 0.00, 'Loan transferred from Prabu Asset', 1, '2020-11-01 19:49:35', '2020-11-01 19:49:35', 0, NULL),
	(195, 9, 16, 30000.00, '2020-11-01', NULL, '2021-11-01', 'P', 2.40, 0.00, 'Loan transferred from Dhaya(Praba)', 1, '2020-11-01 19:51:12', '2020-11-01 19:51:12', 0, NULL),
	(196, 9, 20, 40000.00, '2020-11-01', NULL, '2021-11-01', 'P', 2.40, 0.00, 'Loan transferred from Ramkumar MRL', 1, '2020-11-01 19:52:11', '2020-11-01 19:52:11', 0, NULL),
	(197, 9, 10, 20000.00, '2020-11-01', NULL, '2021-11-01', 'P', 2.40, 0.00, 'Loan transferred from Manikandan M', 1, '2020-11-01 19:52:51', '2020-11-01 19:52:51', 0, NULL),
	(198, 9, 39, 10000.00, '2020-11-01', NULL, '2021-11-01', 'P', 2.40, 0.00, 'Loan transferred from Pazhani Udhayam', 1, '2020-11-01 19:53:34', '2020-11-01 19:53:34', 0, NULL),
	(199, 12, 52, 60000.00, '2020-11-01', NULL, '2021-11-01', 'F', 1.50, 0.00, 'from Poongodi chiti', 1, '2020-11-01 21:23:24', '2020-11-01 21:23:24', 0, NULL),
	(200, 2, 52, 20000.00, '2020-11-01', NULL, '2021-11-01', 'P', 1.50, 0.00, 'Personal', 1, '2020-11-01 21:23:56', '2020-11-01 21:23:56', 0, NULL),
	(201, 9, 43, 20000.00, '2020-11-01', NULL, '2021-11-01', 'P', 2.40, 0.40, 'Loan transferred from Kiran', 1, '2020-11-01 22:06:59', '2020-11-01 22:06:59', 0, NULL),
	(202, 9, 42, 20000.00, '2020-11-01', NULL, '2021-11-01', 'P', 2.00, 0.00, 'Loan transferred from Beeman', 1, '2020-11-01 22:07:55', '2020-11-01 22:07:55', 0, NULL),
	(203, 9, 32, 10000.00, '2020-11-01', NULL, '2021-11-01', 'P', 2.40, 0.40, 'Loan transferred from Vinayagam', 1, '2020-11-01 22:08:35', '2020-11-01 22:08:35', 0, NULL),
	(204, 7, 33, 50000.00, '2020-11-01', NULL, '2021-11-01', 'P', 2.40, 0.40, 'Loan transferred from Selva Raam', 1, '2020-11-01 22:17:20', '2020-11-01 22:17:20', 0, NULL),
	(205, 2, 16, 6000.00, '2020-11-05', NULL, '2021-11-05', 'P', 2.40, 0.00, 'UPI-DR-031009082454-SRIDHAYABHARAN  VR-SBIN-00000020025635739-Daya', 1, '2020-11-09 16:42:28', '2020-11-09 16:42:28', 0, NULL),
	(206, 2, 45, 150000.00, '2020-11-05', NULL, '2021-11-05', 'P', 2.40, 0.00, 'IMPS-031011132166-Jayakumar P-IOBA-xxxxxxxxxxx8978-ranjith', 1, '2020-11-09 16:43:57', '2020-11-09 16:43:57', 0, NULL),
	(207, 1, 15, 10000.00, '2020-11-06', NULL, '2021-11-06', 'P', 0.00, 0.00, 'MB-XFER KVB AC-XXX1588-315373795741-prabakaran', 1, '2020-11-09 16:47:55', '2020-11-09 16:47:55', 0, NULL),
	(208, 2, 44, 25000.00, '2020-11-07', NULL, '2021-11-07', 'P', 2.40, 0.00, 'UPI-DR-031214172843-KARTHI M-ICIC-353401502915-Karthi', 1, '2020-11-09 16:54:49', '2020-11-09 16:54:49', 0, NULL);
/*!40000 ALTER TABLE `loans` ENABLE KEYS */;

-- Dumping structure for table pramesh.recoverables
CREATE TABLE IF NOT EXISTS `recoverables` (
  `id` int(11) NOT NULL AUTO_INCREMENT,
  `loanid` int(11) NOT NULL,
  `recovery_amount` decimal(10,2) NOT NULL DEFAULT '0.00',
  `collected_amount` decimal(10,2) NOT NULL DEFAULT '0.00',
  `balance_amount` decimal(10,2) NOT NULL DEFAULT '0.00',
  `collected_date` date DEFAULT NULL,
  `createdon` datetime NOT NULL DEFAULT CURRENT_TIMESTAMP,
  `updatedon` timestamp NOT NULL DEFAULT CURRENT_TIMESTAMP ON UPDATE CURRENT_TIMESTAMP,
  PRIMARY KEY (`id`)
) ENGINE=InnoDB AUTO_INCREMENT=9 DEFAULT CHARSET=latin1;

-- Dumping data for table pramesh.recoverables: ~6 rows (approximately)
/*!40000 ALTER TABLE `recoverables` DISABLE KEYS */;
INSERT INTO `recoverables` (`id`, `loanid`, `recovery_amount`, `collected_amount`, `balance_amount`, `collected_date`, `createdon`, `updatedon`) VALUES
	(1, 18, 1900.00, 1900.00, 0.00, NULL, '2020-01-16 10:34:22', '2020-07-12 19:22:32'),
	(2, 72, 468.00, 8.00, 460.00, NULL, '2020-01-16 18:27:37', '2020-10-09 07:15:22'),
	(3, 98, 210.00, 0.00, 210.00, NULL, '2020-02-17 06:05:54', '2020-02-17 06:05:54'),
	(4, 83, 1240.00, 0.00, 1240.00, NULL, '2020-02-17 09:47:50', '2020-02-17 09:47:50'),
	(5, 98, 870.00, 0.00, 870.00, NULL, '2020-03-18 07:26:58', '2020-03-18 07:26:58'),
	(6, 144, 1500.00, 1500.00, 0.00, NULL, '2020-07-12 12:25:55', '2020-08-27 20:35:51'),
	(7, 164, 480.00, 480.00, 0.00, NULL, '2020-09-07 09:57:59', '2020-10-09 07:15:24'),
	(8, 144, 1550.00, 1550.00, 0.00, NULL, '2020-09-12 17:30:27', '2020-10-09 07:15:23');
/*!40000 ALTER TABLE `recoverables` ENABLE KEYS */;

-- Dumping structure for table pramesh.recovery
CREATE TABLE IF NOT EXISTS `recovery` (
  `recoveryid` int(11) NOT NULL AUTO_INCREMENT,
  `loanid` int(11) NOT NULL,
  `recovery_amount` decimal(10,2) NOT NULL DEFAULT '0.00',
  `collected_amount` decimal(10,2) NOT NULL DEFAULT '0.00',
  `balance_amount` decimal(10,2) NOT NULL DEFAULT '0.00',
  `transaction_id` int(11) NOT NULL DEFAULT '0',
  `created_on` timestamp NOT NULL DEFAULT CURRENT_TIMESTAMP,
  PRIMARY KEY (`recoveryid`)
) ENGINE=InnoDB DEFAULT CHARSET=latin1;

-- Dumping data for table pramesh.recovery: ~0 rows (approximately)
/*!40000 ALTER TABLE `recovery` DISABLE KEYS */;
/*!40000 ALTER TABLE `recovery` ENABLE KEYS */;

-- Dumping structure for table pramesh.settlement
CREATE TABLE IF NOT EXISTS `settlement` (
  `id` int(11) NOT NULL AUTO_INCREMENT,
  `loanid` int(11) NOT NULL,
  `lender_interest` decimal(10,2) NOT NULL DEFAULT '0.00',
  `recovery` decimal(10,2) NOT NULL DEFAULT '0.00',
  `commission` decimal(10,2) NOT NULL DEFAULT '0.00',
  `excess` decimal(10,2) NOT NULL DEFAULT '0.00',
  `settlement_date` date NOT NULL,
  `description` varchar(250) NOT NULL,
  `created_on` timestamp NOT NULL DEFAULT CURRENT_TIMESTAMP,
  PRIMARY KEY (`id`)
) ENGINE=InnoDB AUTO_INCREMENT=658 DEFAULT CHARSET=latin1;

-- Dumping data for table pramesh.settlement: ~502 rows (approximately)
/*!40000 ALTER TABLE `settlement` DISABLE KEYS */;
INSERT INTO `settlement` (`id`, `loanid`, `lender_interest`, `recovery`, `commission`, `excess`, `settlement_date`, `description`, `created_on`) VALUES
	(36, 18, 18260.00, 0.00, 0.00, 0.00, '2020-01-16', '', '2020-01-16 08:50:10'),
	(37, 38, 8143.00, 0.00, 0.00, 0.00, '2020-01-16', '', '2020-01-16 08:50:10'),
	(38, 64, 1184.00, 0.00, 0.00, 0.00, '2020-01-16', '', '2020-01-16 08:50:11'),
	(39, 20, 4080.00, 0.00, 0.00, 0.00, '2020-01-16', '', '2020-01-16 08:50:11'),
	(40, 19, 2920.00, 0.00, 0.00, 0.00, '2020-01-16', '', '2020-01-16 08:50:11'),
	(41, 25, 11676.00, 0.00, 0.00, 0.00, '2020-01-16', '', '2020-01-16 08:50:11'),
	(42, 21, 6216.00, 0.00, 0.00, 0.00, '2020-01-16', '', '2020-01-16 08:50:11'),
	(43, 67, 1224.00, 0.00, 0.00, 0.00, '2020-01-16', '', '2020-01-16 08:50:11'),
	(44, 66, 3468.00, 0.00, 0.00, 0.00, '2020-01-16', '', '2020-01-16 08:50:11'),
	(45, 43, 1264.00, 0.00, 0.00, 0.00, '2020-01-16', '', '2020-01-16 08:50:11'),
	(46, 71, 2040.00, 0.00, 0.00, 0.00, '2020-01-16', '', '2020-01-16 08:50:11'),
	(47, 16, 6592.00, 0.00, 0.00, 0.00, '2020-01-16', '', '2020-01-16 08:50:12'),
	(48, 47, 5650.00, 0.00, 3390.00, 0.00, '2020-01-16', '', '2020-01-16 08:50:12'),
	(49, 58, 2150.00, 0.00, 1290.00, 0.00, '2020-01-16', '', '2020-01-16 08:50:12'),
	(50, 37, 4344.00, 0.00, 0.00, 0.00, '2020-01-16', '', '2020-01-16 08:50:12'),
	(51, 31, 2200.00, 0.00, 0.00, 0.00, '2020-01-16', '', '2020-01-16 08:50:12'),
	(52, 28, 4248.00, 0.00, 0.00, 0.00, '2020-01-16', '', '2020-01-16 08:50:12'),
	(53, 36, 4480.00, 0.00, 0.00, 0.00, '2020-01-16', '', '2020-01-16 08:50:12'),
	(54, 33, 5808.00, 0.00, 0.00, 0.00, '2020-01-16', '', '2020-01-16 08:50:12'),
	(55, 32, 3480.00, 0.00, 0.00, 0.00, '2020-01-16', '', '2020-01-16 08:50:12'),
	(56, 30, 4768.00, 0.00, 0.00, 0.00, '2020-01-16', '', '2020-01-16 08:50:12'),
	(57, 22, 31969.00, 0.00, 0.00, 0.00, '2020-01-16', '', '2020-01-16 08:50:12'),
	(58, 26, 27600.00, 0.00, 0.00, 0.00, '2020-01-16', '', '2020-01-16 08:50:12'),
	(59, 39, 2150.00, 0.00, 0.00, 0.00, '2020-01-16', '', '2020-01-16 08:50:12'),
	(60, 69, 4000.00, 0.00, 0.00, 0.00, '2020-01-16', '', '2020-01-16 08:50:12'),
	(61, 50, 32400.00, 0.00, 0.00, 0.00, '2020-01-16', '', '2020-01-16 08:50:12'),
	(62, 60, 3240.00, 0.00, 0.00, 0.00, '2020-01-16', '', '2020-01-16 08:50:12'),
	(63, 61, 695.00, 0.00, 0.00, 0.00, '2020-01-16', '', '2020-01-16 08:50:12'),
	(64, 93, 800.00, 0.00, 0.00, 0.00, '2020-01-16', '', '2020-01-16 08:50:12'),
	(65, 46, 3752.00, 0.00, 0.00, 0.00, '2020-01-16', '', '2020-01-16 08:50:12'),
	(66, 40, 1800.00, 0.00, 0.00, 0.00, '2020-01-16', '', '2020-01-16 08:50:12'),
	(67, 35, 3709.00, 0.00, 0.00, 0.00, '2020-01-16', '', '2020-01-16 08:50:12'),
	(68, 42, 7800.00, 0.00, 0.00, 0.00, '2020-01-16', '', '2020-01-16 08:50:12'),
	(69, 59, 3440.00, 0.00, 0.00, 0.00, '2020-01-16', '', '2020-01-16 08:50:12'),
	(70, 45, 5280.00, 0.00, 0.00, 0.00, '2020-01-16', '', '2020-01-16 08:50:12'),
	(71, 57, 728.00, 0.00, 0.00, 0.00, '2020-01-16', '', '2020-01-16 08:50:12'),
	(72, 65, 2272.00, 0.00, 0.00, 0.00, '2020-01-16', '', '2020-01-16 08:50:12'),
	(73, 44, 2440.00, 0.00, 0.00, 0.00, '2020-01-16', '', '2020-01-16 08:50:13'),
	(74, 56, 2816.00, 0.00, 0.00, 0.00, '2020-01-16', '', '2020-01-16 08:50:13'),
	(75, 54, 4880.00, 0.00, 0.00, 0.00, '2020-01-16', '', '2020-01-16 08:50:13'),
	(76, 29, 22320.00, 0.00, 0.00, 0.00, '2020-01-16', '', '2020-01-16 08:50:13'),
	(77, 34, 1952.00, 0.00, 0.00, 0.00, '2020-01-16', '', '2020-01-16 08:50:13'),
	(78, 41, 3184.00, 0.00, 0.00, 0.00, '2020-01-16', '', '2020-01-16 08:50:13'),
	(79, 24, 3288.00, 0.00, 0.00, 0.00, '2020-01-16', '', '2020-01-16 08:50:13'),
	(80, 55, 3800.00, 0.00, 0.00, 0.00, '2020-01-16', '', '2020-01-16 08:50:13'),
	(81, 23, 17160.00, 0.00, 0.00, 0.00, '2020-01-16', '', '2020-01-16 08:50:13'),
	(82, 49, 2440.00, 0.00, 0.00, 0.00, '2020-01-16', '', '2020-01-16 08:50:13'),
	(83, 63, 1184.00, 0.00, 0.00, 0.00, '2020-01-16', '', '2020-01-16 08:50:13'),
	(84, 17, 1368.00, 0.00, 0.00, 0.00, '2020-01-16', '', '2020-01-16 08:50:13'),
	(85, 53, 4067.00, 0.00, 1830.00, 813.00, '2020-01-16', '', '2020-01-16 08:50:13'),
	(86, 48, 4067.00, 0.00, 1830.00, 813.00, '2020-01-16', '', '2020-01-16 08:50:13'),
	(87, 51, 4067.00, 0.00, 813.00, 0.00, '2020-01-16', '', '2020-01-16 08:50:13'),
	(88, 68, 153.00, 0.00, 31.00, 0.00, '2020-01-16', '', '2020-01-16 08:50:13'),
	(89, 70, 680.00, 0.00, 0.00, 0.00, '2020-01-16', '', '2020-01-16 08:50:13'),
	(90, 18, 1900.00, 0.00, 0.00, 0.00, '2020-01-16', '', '2020-01-16 12:58:20'),
	(91, 64, 484.00, 0.00, 0.00, 0.00, '2020-01-16', '', '2020-01-16 12:58:20'),
	(92, 19, 124.00, 0.00, 0.00, 0.00, '2020-01-16', '', '2020-01-16 12:58:20'),
	(93, 21, 372.00, 0.00, 0.00, 0.00, '2020-01-16', '', '2020-01-16 12:58:20'),
	(94, 67, 832.00, 0.00, 0.00, 0.00, '2020-01-16', '', '2020-01-16 12:58:20'),
	(95, 66, 2108.00, 0.00, 0.00, 0.00, '2020-01-16', '', '2020-01-16 12:58:20'),
	(96, 43, 248.00, 0.00, 0.00, 0.00, '2020-01-16', '', '2020-01-16 12:58:20'),
	(97, 47, 1500.00, 0.00, 900.00, 0.00, '2020-01-16', '', '2020-01-16 12:58:20'),
	(98, 58, 775.00, 0.00, 465.00, 0.00, '2020-01-16', '', '2020-01-16 12:58:21'),
	(99, 37, 648.00, 0.00, 0.00, 0.00, '2020-01-16', '', '2020-01-16 12:58:21'),
	(100, 31, 248.00, 0.00, 0.00, 0.00, '2020-01-16', '', '2020-01-16 12:58:21'),
	(101, 82, 144.00, 0.00, 0.00, 0.00, '2020-01-16', '', '2020-01-16 12:58:21'),
	(102, 22, 4671.00, 0.00, 0.00, 7.00, '2020-01-16', '', '2020-01-16 12:58:21'),
	(103, 60, 1240.00, 0.00, 0.00, 0.00, '2020-01-16', '', '2020-01-16 12:58:21'),
	(104, 93, 2400.00, 0.00, 0.00, 0.00, '2020-01-16', '', '2020-01-16 12:58:21'),
	(105, 46, 848.00, 0.00, 0.00, 0.00, '2020-01-16', '', '2020-01-16 12:58:21'),
	(106, 61, 264.00, 0.00, 0.00, 0.00, '2020-01-16', '', '2020-01-16 12:58:21'),
	(107, 76, 960.00, 0.00, 0.00, 0.00, '2020-01-16', '', '2020-01-16 12:58:21'),
	(108, 40, 400.00, 0.00, 0.00, 0.00, '2020-01-16', '', '2020-01-16 12:58:21'),
	(109, 35, 471.00, 0.00, 0.00, 0.00, '2020-01-16', '', '2020-01-16 12:58:21'),
	(110, 42, 1240.00, 0.00, 0.00, 0.00, '2020-01-16', '', '2020-01-16 12:58:21'),
	(111, 59, 1240.00, 0.00, 0.00, 0.00, '2020-01-16', '', '2020-01-16 12:58:21'),
	(112, 45, 1240.00, 0.00, 0.00, 0.00, '2020-01-16', '', '2020-01-16 12:58:21'),
	(113, 52, 80.00, 0.00, 0.00, 0.00, '2020-01-16', '', '2020-01-16 12:58:21'),
	(114, 57, 248.00, 0.00, 0.00, 0.00, '2020-01-16', '', '2020-01-16 12:58:21'),
	(115, 65, 496.00, 0.00, 0.00, 0.00, '2020-01-16', '', '2020-01-16 12:58:21'),
	(116, 44, 1240.00, 0.00, 0.00, 0.00, '2020-01-16', '', '2020-01-16 12:58:21'),
	(117, 56, 992.00, 0.00, 0.00, 0.00, '2020-01-16', '', '2020-01-16 12:58:21'),
	(118, 55, 1240.00, 0.00, 0.00, 0.00, '2020-01-16', '', '2020-01-16 12:58:21'),
	(119, 34, 248.00, 0.00, 0.00, 0.00, '2020-01-16', '', '2020-01-16 12:58:21'),
	(120, 41, 496.00, 0.00, 0.00, 0.00, '2020-01-16', '', '2020-01-16 12:58:21'),
	(121, 24, 248.00, 0.00, 0.00, 0.00, '2020-01-16', '', '2020-01-16 12:58:21'),
	(122, 63, 496.00, 0.00, 0.00, 0.00, '2020-01-16', '', '2020-01-16 12:58:21'),
	(123, 49, 620.00, 0.00, 0.00, 0.00, '2020-01-16', '', '2020-01-16 12:58:21'),
	(124, 53, 2066.00, 0.00, 414.00, 0.00, '2020-01-16', '', '2020-01-16 12:58:21'),
	(125, 48, 2066.00, 0.00, 254.00, 0.00, '2020-01-16', '', '2020-01-16 12:58:21'),
	(126, 51, 2000.00, 0.00, 400.00, 0.00, '2020-01-16', '', '2020-01-16 12:58:21'),
	(127, 70, 1240.00, 0.00, 0.00, 0.00, '2020-01-16', '', '2020-01-16 12:58:22'),
	(128, 72, 468.00, 0.00, 0.00, 0.00, '2020-01-16', '', '2020-01-16 18:29:33'),
	(129, 77, 880.00, 0.00, 0.00, 28.00, '2020-01-16', '', '2020-01-16 18:29:33'),
	(130, 68, 207.00, 0.00, 41.00, 0.00, '2020-01-16', '', '2020-01-16 18:29:33'),
	(131, 74, 744.00, 0.00, 0.00, 0.00, '2020-01-16', '', '2020-01-16 18:29:33'),
	(132, 18, 720.00, 1280.00, 0.00, 0.00, '2020-02-17', '', '2020-02-17 06:21:38'),
	(133, 64, 508.00, 0.00, 0.00, 0.00, '2020-02-17', '', '2020-02-17 06:21:38'),
	(134, 72, 420.00, 100.00, 0.00, 0.00, '2020-02-17', '', '2020-02-17 06:21:38'),
	(135, 86, 696.00, 0.00, 0.00, 0.00, '2020-02-17', '', '2020-02-17 06:21:38'),
	(136, 90, 1496.00, 0.00, 0.00, 0.00, '2020-02-17', '', '2020-02-17 06:21:38'),
	(137, 19, 124.00, 0.00, 0.00, 0.00, '2020-02-17', '', '2020-02-17 06:21:38'),
	(138, 25, 1736.00, 0.00, 0.00, 0.00, '2020-02-17', '', '2020-02-17 06:21:38'),
	(139, 21, 372.00, 0.00, 0.00, 0.00, '2020-02-17', '', '2020-02-17 06:21:38'),
	(140, 101, 480.00, 0.00, 0.00, 0.00, '2020-02-17', '', '2020-02-17 06:21:38'),
	(141, 67, 496.00, 0.00, 0.00, 0.00, '2020-02-17', '', '2020-02-17 06:21:38'),
	(142, 100, 432.00, 0.00, 0.00, 0.00, '2020-02-17', '', '2020-02-17 06:21:38'),
	(143, 92, 1600.00, 0.00, 0.00, 0.00, '2020-02-17', '', '2020-02-17 06:21:38'),
	(144, 43, 248.00, 0.00, 0.00, 0.00, '2020-02-17', '', '2020-02-17 06:21:38'),
	(145, 16, 1240.00, 0.00, 0.00, 0.00, '2020-02-17', '', '2020-02-17 06:21:39'),
	(146, 58, 775.00, 0.00, 465.00, 0.00, '2020-02-17', '', '2020-02-17 06:21:39'),
	(147, 89, 264.00, 0.00, 0.00, 0.00, '2020-02-17', '', '2020-02-17 06:21:39'),
	(148, 82, 248.00, 0.00, 0.00, 0.00, '2020-02-17', '', '2020-02-17 06:21:39'),
	(149, 85, 280.00, 0.00, 0.00, 0.00, '2020-02-17', '', '2020-02-17 06:21:39'),
	(150, 30, 992.00, 0.00, 0.00, 0.00, '2020-02-17', '', '2020-02-17 06:21:39'),
	(151, 28, 744.00, 0.00, 0.00, 0.00, '2020-02-17', '', '2020-02-17 06:21:39'),
	(152, 36, 1240.00, 0.00, 0.00, 0.00, '2020-02-17', '', '2020-02-17 06:21:39'),
	(153, 33, 192.00, 0.00, 0.00, 0.00, '2020-02-17', '', '2020-02-17 06:21:39'),
	(154, 32, 416.00, 0.00, 0.00, 0.00, '2020-02-17', '', '2020-02-17 06:21:39'),
	(155, 22, 2062.00, 0.00, 0.00, 0.00, '2020-02-17', '', '2020-02-17 06:21:39'),
	(156, 69, 6000.00, 0.00, 0.00, 0.00, '2020-02-17', '', '2020-02-17 06:21:39'),
	(157, 46, 248.00, 0.00, 0.00, 0.00, '2020-02-17', '', '2020-02-17 06:21:39'),
	(158, 35, 471.00, 0.00, 0.00, 0.00, '2020-02-17', '', '2020-02-17 06:21:39'),
	(159, 42, 868.00, 0.00, 0.00, 0.00, '2020-02-17', '', '2020-02-17 06:21:39'),
	(160, 87, 448.00, 0.00, 0.00, 0.00, '2020-02-17', '', '2020-02-17 06:21:39'),
	(161, 59, 1240.00, 0.00, 0.00, 0.00, '2020-02-17', '', '2020-02-17 06:21:39'),
	(162, 45, 1240.00, 0.00, 0.00, 0.00, '2020-02-17', '', '2020-02-17 06:21:39'),
	(163, 52, 2480.00, 0.00, 0.00, 0.00, '2020-02-17', '', '2020-02-17 06:21:39'),
	(164, 57, 248.00, 0.00, 0.00, 0.00, '2020-02-17', '', '2020-02-17 06:21:39'),
	(165, 65, 496.00, 0.00, 0.00, 0.00, '2020-02-17', '', '2020-02-17 06:21:39'),
	(166, 44, 1240.00, 0.00, 0.00, 0.00, '2020-02-17', '', '2020-02-17 06:21:39'),
	(167, 56, 992.00, 0.00, 0.00, 0.00, '2020-02-17', '', '2020-02-17 06:21:39'),
	(168, 54, 4960.00, 0.00, 0.00, 0.00, '2020-02-17', '', '2020-02-17 06:21:39'),
	(169, 55, 1240.00, 0.00, 0.00, 0.00, '2020-02-17', '', '2020-02-17 06:21:39'),
	(170, 34, 248.00, 0.00, 0.00, 0.00, '2020-02-17', '', '2020-02-17 06:21:39'),
	(171, 41, 496.00, 0.00, 0.00, 0.00, '2020-02-17', '', '2020-02-17 06:21:40'),
	(172, 24, 248.00, 0.00, 0.00, 0.00, '2020-02-17', '', '2020-02-17 06:21:40'),
	(173, 88, 2268.00, 0.00, 0.00, 0.00, '2020-02-17', '', '2020-02-17 06:21:40'),
	(174, 63, 496.00, 0.00, 0.00, 0.00, '2020-02-17', '', '2020-02-17 06:21:40'),
	(175, 49, 620.00, 0.00, 0.00, 0.00, '2020-02-17', '', '2020-02-17 06:21:40'),
	(176, 77, 1008.00, 0.00, 0.00, 0.00, '2020-02-17', '', '2020-02-17 06:21:40'),
	(177, 53, 2067.00, 0.00, 413.00, 0.00, '2020-02-17', '', '2020-02-17 06:21:40'),
	(178, 98, 210.00, 0.00, 0.00, 0.00, '2020-02-17', '', '2020-02-17 06:21:40'),
	(179, 94, 300.00, 0.00, 0.00, 0.00, '2020-02-17', '', '2020-02-17 06:21:40'),
	(180, 91, 1333.00, 0.00, 267.00, 0.00, '2020-02-17', '', '2020-02-17 06:21:40'),
	(181, 48, 2067.00, 0.00, 573.00, 0.00, '2020-02-17', '', '2020-02-17 06:21:40'),
	(182, 96, 467.00, 0.00, 93.00, 0.00, '2020-02-17', '', '2020-02-17 06:21:40'),
	(183, 68, 207.00, 0.00, 41.00, 0.00, '2020-02-17', '', '2020-02-17 06:21:40'),
	(184, 73, 1008.00, 0.00, 0.00, 0.00, '2020-02-17', '', '2020-02-17 06:21:40'),
	(185, 99, 179.00, 0.00, 0.00, 0.00, '2020-02-17', '', '2020-02-17 06:21:40'),
	(186, 74, 744.00, 0.00, 0.00, 0.00, '2020-02-17', '', '2020-02-17 06:21:40'),
	(187, 83, 1240.00, 0.00, 0.00, 0.00, '2020-02-17', '', '2020-02-17 09:48:08'),
	(188, 31, 248.00, 0.00, 0.00, 0.00, '2020-03-01', '', '2020-03-01 19:32:57'),
	(189, 18, 696.00, 20.00, 0.00, 0.00, '2020-03-18', '', '2020-03-18 07:45:37'),
	(190, 83, 760.00, 0.00, 0.00, 0.00, '2020-03-18', '', '2020-03-18 07:45:38'),
	(191, 64, 464.00, 0.00, 0.00, 0.00, '2020-03-18', '', '2020-03-18 07:45:38'),
	(192, 72, 348.00, 362.00, 0.00, 0.00, '2020-03-18', '', '2020-03-18 07:45:38'),
	(193, 90, 1972.00, 0.00, 0.00, 0.00, '2020-03-18', '', '2020-03-18 07:45:38'),
	(194, 107, 80.00, 0.00, 0.00, 0.00, '2020-03-18', '', '2020-03-18 07:45:38'),
	(195, 19, 116.00, 0.00, 0.00, 0.00, '2020-03-18', '', '2020-03-18 07:45:38'),
	(196, 21, 348.00, 0.00, 0.00, 0.00, '2020-03-18', '', '2020-03-18 07:45:38'),
	(197, 101, 840.00, 0.00, 0.00, 0.00, '2020-03-18', '', '2020-03-18 07:45:38'),
	(198, 67, 336.00, 0.00, 0.00, 0.00, '2020-03-18', '', '2020-03-18 07:45:38'),
	(199, 100, 696.00, 0.00, 0.00, 0.00, '2020-03-18', '', '2020-03-18 07:45:38'),
	(200, 92, 2320.00, 0.00, 0.00, 0.00, '2020-03-18', '', '2020-03-18 07:45:38'),
	(201, 43, 232.00, 0.00, 0.00, 0.00, '2020-03-18', '', '2020-03-18 07:45:38'),
	(202, 58, 725.00, 0.00, 435.00, 0.00, '2020-03-18', '', '2020-03-18 07:45:38'),
	(203, 89, 348.00, 0.00, 0.00, 0.00, '2020-03-18', '', '2020-03-18 07:45:38'),
	(204, 105, 360.00, 0.00, 0.00, 0.00, '2020-03-18', '', '2020-03-18 07:45:38'),
	(205, 82, 232.00, 0.00, 0.00, 0.00, '2020-03-18', '', '2020-03-18 07:45:38'),
	(206, 85, 232.00, 0.00, 0.00, 18.00, '2020-03-18', '', '2020-03-18 07:45:38'),
	(207, 22, 1929.00, 0.00, 0.00, 23.00, '2020-03-18', '', '2020-03-18 07:45:38'),
	(208, 60, 1240.00, 0.00, 0.00, 0.00, '2020-03-18', '', '2020-03-18 07:45:38'),
	(209, 46, 168.00, 0.00, 0.00, 0.00, '2020-03-18', '', '2020-03-18 07:45:38'),
	(210, 40, 700.00, 0.00, 0.00, 0.00, '2020-03-18', '', '2020-03-18 07:45:38'),
	(211, 35, 441.00, 0.00, 0.00, 0.00, '2020-03-18', '', '2020-03-18 07:45:38'),
	(212, 42, 812.00, 0.00, 0.00, 0.00, '2020-03-18', '', '2020-03-18 07:45:38'),
	(213, 87, 464.00, 0.00, 0.00, 0.00, '2020-03-18', '', '2020-03-18 07:45:38'),
	(214, 59, 1160.00, 0.00, 0.00, 0.00, '2020-03-18', '', '2020-03-18 07:45:38'),
	(215, 45, 1160.00, 0.00, 0.00, 2440.00, '2020-03-18', '', '2020-03-18 07:45:38'),
	(216, 52, 2320.00, 0.00, 0.00, 0.00, '2020-03-18', '', '2020-03-18 07:45:38'),
	(217, 57, 232.00, 0.00, 0.00, 0.00, '2020-03-18', '', '2020-03-18 07:45:39'),
	(218, 65, 464.00, 0.00, 0.00, 0.00, '2020-03-18', '', '2020-03-18 07:45:39'),
	(219, 44, 1160.00, 0.00, 0.00, 0.00, '2020-03-18', '', '2020-03-18 07:45:39'),
	(220, 56, 928.00, 0.00, 0.00, 0.00, '2020-03-18', '', '2020-03-18 07:45:39'),
	(221, 55, 1160.00, 0.00, 0.00, 0.00, '2020-03-18', '', '2020-03-18 07:45:39'),
	(222, 34, 232.00, 0.00, 0.00, 0.00, '2020-03-18', '', '2020-03-18 07:45:39'),
	(223, 41, 464.00, 0.00, 0.00, 0.00, '2020-03-18', '', '2020-03-18 07:45:39'),
	(224, 88, 2532.00, 0.00, 0.00, 0.00, '2020-03-18', '', '2020-03-18 07:45:39'),
	(225, 63, 464.00, 0.00, 0.00, 0.00, '2020-03-18', '', '2020-03-18 07:45:39'),
	(226, 49, 580.00, 0.00, 0.00, 0.00, '2020-03-18', '', '2020-03-18 07:45:39'),
	(227, 77, 1072.00, 0.00, 0.00, 0.00, '2020-03-18', '', '2020-03-18 07:45:39'),
	(228, 102, 373.00, 0.00, 0.00, 0.00, '2020-03-18', '', '2020-03-18 07:45:39'),
	(229, 53, 193.00, 0.00, 39.00, 0.00, '2020-03-18', '', '2020-03-18 07:45:39'),
	(230, 98, 870.00, 0.00, 0.00, 0.00, '2020-03-18', '', '2020-03-18 07:45:39'),
	(231, 103, 980.00, 0.00, 0.00, 0.00, '2020-03-18', '', '2020-03-18 07:45:39'),
	(232, 94, 967.00, 0.00, 0.00, 0.00, '2020-03-18', '', '2020-03-18 07:45:39'),
	(233, 91, 1934.00, 0.00, 386.00, 0.00, '2020-03-18', '', '2020-03-18 07:45:39'),
	(234, 48, 1933.00, 0.00, 387.00, 0.00, '2020-03-18', '', '2020-03-18 07:45:39'),
	(235, 68, 193.00, 0.00, 39.00, 0.00, '2020-03-18', '', '2020-03-18 07:45:39'),
	(236, 70, 1240.00, 0.00, 0.00, 0.00, '2020-03-18', '', '2020-03-18 07:45:39'),
	(237, 99, 615.00, 0.00, 0.00, 0.00, '2020-03-18', '', '2020-03-18 07:45:39'),
	(238, 74, 696.00, 0.00, 0.00, 0.00, '2020-03-18', '', '2020-03-18 07:45:39'),
	(239, 117, 173.00, 0.00, 35.00, 0.00, '2020-05-11', '', '2020-05-11 06:49:31'),
	(240, 64, 976.00, 0.00, 0.00, 0.00, '2020-05-11', '', '2020-05-11 06:49:31'),
	(241, 90, 4148.00, 0.00, 0.00, 0.00, '2020-05-11', '', '2020-05-11 06:49:31'),
	(242, 107, 1240.00, 0.00, 0.00, 0.00, '2020-05-11', '', '2020-05-11 06:49:31'),
	(243, 19, 244.00, 0.00, 0.00, 0.00, '2020-05-11', '', '2020-05-11 06:49:31'),
	(244, 119, 328.00, 0.00, 0.00, 0.00, '2020-05-11', '', '2020-05-11 06:49:31'),
	(245, 123, 144.00, 0.00, 0.00, 0.00, '2020-05-11', '', '2020-05-11 06:49:31'),
	(246, 25, 1680.00, 0.00, 0.00, 0.00, '2020-05-11', '', '2020-05-11 06:49:31'),
	(247, 21, 732.00, 0.00, 0.00, 0.00, '2020-05-11', '', '2020-05-11 06:49:31'),
	(248, 110, 2860.00, 0.00, 0.00, 0.00, '2020-05-11', '', '2020-05-11 06:49:31'),
	(249, 100, 1016.00, 0.00, 0.00, 0.00, '2020-05-11', '', '2020-05-11 06:49:31'),
	(250, 43, 488.00, 0.00, 0.00, 0.00, '2020-05-11', '', '2020-05-11 06:49:31'),
	(251, 58, 1525.00, 0.00, 915.00, 0.00, '2020-05-11', '', '2020-05-11 06:49:31'),
	(252, 115, 275.00, 0.00, 165.00, 0.00, '2020-05-11', '', '2020-05-11 06:49:31'),
	(253, 109, 248.00, 0.00, 0.00, 120.00, '2020-05-11', '', '2020-05-11 06:49:31'),
	(254, 31, 232.00, 0.00, 0.00, 0.00, '2020-05-11', '', '2020-05-11 06:49:31'),
	(255, 89, 732.00, 0.00, 0.00, 0.00, '2020-05-11', '', '2020-05-11 06:49:31'),
	(256, 105, 1220.00, 0.00, 0.00, 0.00, '2020-05-11', '', '2020-05-11 06:49:31'),
	(257, 82, 488.00, 0.00, 0.00, 0.00, '2020-05-11', '', '2020-05-11 06:49:32'),
	(258, 106, 168.00, 0.00, 0.00, 0.00, '2020-05-11', '', '2020-05-11 06:49:32'),
	(259, 121, 144.00, 0.00, 0.00, 0.00, '2020-05-11', '', '2020-05-11 06:49:32'),
	(260, 28, 720.00, 0.00, 0.00, 0.00, '2020-05-11', '', '2020-05-11 06:49:32'),
	(261, 30, 960.00, 0.00, 0.00, 0.00, '2020-05-11', '', '2020-05-11 06:49:32'),
	(262, 32, 5440.00, 0.00, 0.00, 0.00, '2020-05-11', '', '2020-05-11 06:49:32'),
	(263, 22, 4043.00, 0.00, 0.00, 25.00, '2020-05-11', '', '2020-05-11 06:49:32'),
	(264, 69, 12000.00, 0.00, 0.00, 0.00, '2020-05-11', '', '2020-05-11 06:49:32'),
	(265, 60, 1160.00, 0.00, 0.00, 0.00, '2020-05-11', '', '2020-05-11 06:49:32'),
	(266, 113, 220.00, 0.00, 0.00, 0.00, '2020-05-11', '', '2020-05-11 06:49:32'),
	(267, 116, 1056.00, 0.00, 0.00, 0.00, '2020-05-11', '', '2020-05-11 06:49:32'),
	(268, 35, 927.00, 0.00, 0.00, 0.00, '2020-05-11', '', '2020-05-11 06:49:32'),
	(269, 42, 1708.00, 0.00, 0.00, 0.00, '2020-05-11', '', '2020-05-11 06:49:32'),
	(270, 87, 976.00, 0.00, 0.00, 0.00, '2020-05-11', '', '2020-05-11 06:49:32'),
	(271, 59, 2440.00, 0.00, 0.00, 0.00, '2020-05-11', '', '2020-05-11 06:49:32'),
	(272, 62, 1000.00, 0.00, 0.00, 0.00, '2020-05-11', '', '2020-05-11 06:49:32'),
	(273, 52, 4880.00, 0.00, 0.00, 0.00, '2020-05-11', '', '2020-05-11 06:49:32'),
	(274, 57, 488.00, 0.00, 0.00, 0.00, '2020-05-11', '', '2020-05-11 06:49:32'),
	(275, 65, 976.00, 0.00, 0.00, 0.00, '2020-05-11', '', '2020-05-11 06:49:32'),
	(276, 44, 2440.00, 0.00, 0.00, 0.00, '2020-05-11', '', '2020-05-11 06:49:32'),
	(277, 56, 1952.00, 0.00, 0.00, 0.00, '2020-05-11', '', '2020-05-11 06:49:32'),
	(278, 49, 1220.00, 0.00, 0.00, 0.00, '2020-05-11', '', '2020-05-11 06:49:32'),
	(279, 63, 976.00, 0.00, 0.00, 0.00, '2020-05-11', '', '2020-05-11 06:49:32'),
	(280, 77, 2732.00, 0.00, 0.00, 0.00, '2020-05-11', '', '2020-05-11 06:49:32'),
	(281, 102, 414.00, 0.00, 0.00, 0.00, '2020-05-11', '', '2020-05-11 06:49:32'),
	(282, 53, 407.00, 0.00, 81.00, 0.00, '2020-05-11', '', '2020-05-11 06:49:33'),
	(283, 126, 40.00, 0.00, 8.00, 0.00, '2020-05-11', '', '2020-05-11 06:49:33'),
	(284, 103, 240.00, 0.00, 0.00, 0.00, '2020-05-11', '', '2020-05-11 06:49:33'),
	(285, 112, 927.00, 0.00, 185.00, 0.00, '2020-05-11', '', '2020-05-11 06:49:33'),
	(286, 48, 4067.00, 0.00, 813.00, 0.00, '2020-05-11', '', '2020-05-11 06:49:33'),
	(287, 114, 633.00, 0.00, 127.00, 0.00, '2020-05-11', '', '2020-05-11 06:49:33'),
	(288, 68, 407.00, 0.00, 81.00, 0.00, '2020-05-11', '', '2020-05-11 06:49:33'),
	(289, 108, 992.00, 0.00, 0.00, 0.00, '2020-05-11', '', '2020-05-11 06:49:33'),
	(290, 120, 560.00, 0.00, 0.00, 0.00, '2020-05-11', '', '2020-05-11 06:49:33'),
	(291, 73, 960.00, 0.00, 0.00, 0.00, '2020-05-11', '', '2020-05-11 06:49:33'),
	(292, 70, 840.00, 0.00, 0.00, 0.00, '2020-05-11', '', '2020-05-11 06:49:33'),
	(293, 111, 880.00, 0.00, 0.00, 0.00, '2020-05-11', '', '2020-05-11 06:49:33'),
	(294, 122, 24.00, 0.00, 0.00, 0.00, '2020-05-11', '', '2020-05-11 06:49:33'),
	(295, 74, 1464.00, 0.00, 0.00, 0.00, '2020-05-11', '', '2020-05-11 06:49:33'),
	(296, 18, 2184.00, 316.00, 0.00, 0.00, '2020-07-12', '', '2020-07-12 12:32:01'),
	(297, 64, 496.00, 0.00, 0.00, 0.00, '2020-07-12', '', '2020-07-12 12:32:01'),
	(298, 72, 1344.00, 6.00, 0.00, 0.00, '2020-07-12', '', '2020-07-12 12:32:01'),
	(299, 90, 4148.00, 0.00, 0.00, 0.00, '2020-07-12', '', '2020-07-12 12:32:01'),
	(300, 19, 244.00, 0.00, 0.00, 0.00, '2020-07-12', '', '2020-07-12 12:32:01'),
	(301, 124, 1008.00, 0.00, 0.00, 0.00, '2020-07-12', '', '2020-07-12 12:32:01'),
	(302, 119, 488.00, 0.00, 0.00, 0.00, '2020-07-12', '', '2020-07-12 12:32:01'),
	(303, 123, 488.00, 0.00, 0.00, 0.00, '2020-07-12', '', '2020-07-12 12:32:01'),
	(304, 25, 2548.00, 0.00, 0.00, 0.00, '2020-07-12', '', '2020-07-12 12:32:01'),
	(305, 110, 3172.00, 0.00, 0.00, 0.00, '2020-07-12', '', '2020-07-12 12:32:01'),
	(306, 100, 372.00, 0.00, 0.00, 0.00, '2020-07-12', '', '2020-07-12 12:32:01'),
	(307, 43, 488.00, 0.00, 0.00, 0.00, '2020-07-12', '', '2020-07-12 12:32:01'),
	(308, 137, 456.00, 0.00, 0.00, 120.00, '2020-07-12', '', '2020-07-12 12:32:01'),
	(309, 58, 450.00, 0.00, 270.00, 0.00, '2020-07-12', '', '2020-07-12 12:32:01'),
	(310, 144, 1500.00, 0.00, 0.00, 0.00, '2020-07-12', '', '2020-07-12 12:32:01'),
	(311, 115, 305.00, 0.00, 183.00, 0.00, '2020-07-12', '', '2020-07-12 12:32:01'),
	(312, 134, 1075.00, 0.00, 645.00, 0.00, '2020-07-12', '', '2020-07-12 12:32:01'),
	(313, 109, 184.00, 0.00, 0.00, 0.00, '2020-07-12', '', '2020-07-12 12:32:01'),
	(314, 31, 488.00, 0.00, 0.00, 0.00, '2020-07-12', '', '2020-07-12 12:32:01'),
	(315, 89, 732.00, 0.00, 0.00, 0.00, '2020-07-12', '', '2020-07-12 12:32:02'),
	(316, 127, 2360.00, 0.00, 0.00, 0.00, '2020-07-12', '', '2020-07-12 12:32:02'),
	(317, 105, 1220.00, 0.00, 0.00, 0.00, '2020-07-12', '', '2020-07-12 12:32:02'),
	(318, 82, 488.00, 0.00, 0.00, 0.00, '2020-07-12', '', '2020-07-12 12:32:02'),
	(319, 121, 488.00, 0.00, 0.00, 0.00, '2020-07-12', '', '2020-07-12 12:32:02'),
	(320, 28, 1092.00, 0.00, 0.00, 0.00, '2020-07-12', '', '2020-07-12 12:32:02'),
	(321, 30, 1456.00, 0.00, 0.00, 0.00, '2020-07-12', '', '2020-07-12 12:32:02'),
	(322, 32, 2184.00, 0.00, 0.00, 0.00, '2020-07-12', '', '2020-07-12 12:32:02'),
	(323, 39, 1000.00, 0.00, 0.00, 0.00, '2020-07-12', '', '2020-07-12 12:32:02'),
	(324, 129, 1500.00, 0.00, 0.00, 0.00, '2020-07-12', '', '2020-07-12 12:32:02'),
	(325, 130, 1500.00, 0.00, 0.00, 0.00, '2020-07-12', '', '2020-07-12 12:32:02'),
	(326, 50, 1500.00, 0.00, 0.00, 0.00, '2020-07-12', '', '2020-07-12 12:32:02'),
	(327, 131, 1500.00, 0.00, 0.00, 0.00, '2020-07-12', '', '2020-07-12 12:32:02'),
	(328, 132, 1500.00, 0.00, 0.00, 0.00, '2020-07-12', '', '2020-07-12 12:32:02'),
	(329, 113, 244.00, 0.00, 0.00, 0.00, '2020-07-12', '', '2020-07-12 12:32:02'),
	(330, 116, 1464.00, 0.00, 0.00, 0.00, '2020-07-12', '', '2020-07-12 12:32:02'),
	(331, 59, 2440.00, 0.00, 0.00, 0.00, '2020-07-12', '', '2020-07-12 12:32:02'),
	(332, 87, 976.00, 0.00, 0.00, 0.00, '2020-07-12', '', '2020-07-12 12:32:02'),
	(333, 45, 1240.00, 0.00, 0.00, 0.00, '2020-07-12', '', '2020-07-12 12:32:02'),
	(334, 57, 488.00, 0.00, 0.00, 0.00, '2020-07-12', '', '2020-07-12 12:32:02'),
	(335, 65, 976.00, 0.00, 0.00, 0.00, '2020-07-12', '', '2020-07-12 12:32:02'),
	(336, 56, 1952.00, 0.00, 0.00, 0.00, '2020-07-12', '', '2020-07-12 12:32:02'),
	(337, 44, 2440.00, 0.00, 0.00, 0.00, '2020-07-12', '', '2020-07-12 12:32:02'),
	(338, 88, 4520.00, 0.00, 0.00, 0.00, '2020-07-12', '', '2020-07-12 12:32:03'),
	(339, 63, 496.00, 0.00, 0.00, 0.00, '2020-07-12', '', '2020-07-12 12:32:03'),
	(340, 49, 620.00, 0.00, 0.00, 0.00, '2020-07-12', '', '2020-07-12 12:32:03'),
	(341, 17, 1250.00, 0.00, 0.00, 0.00, '2020-07-12', '', '2020-07-12 12:32:03'),
	(342, 139, 2000.00, 0.00, 0.00, 0.00, '2020-07-12', '', '2020-07-12 12:32:03'),
	(343, 77, 1240.00, 0.00, 0.00, 0.00, '2020-07-12', '', '2020-07-12 12:32:03'),
	(344, 128, 218.00, 0.00, 0.00, 0.00, '2020-07-12', '', '2020-07-12 12:32:03'),
	(345, 102, 1213.00, 0.00, 0.00, 1.00, '2020-07-12', '', '2020-07-12 12:32:03'),
	(346, 53, 407.00, 0.00, 81.00, 0.00, '2020-07-12', '', '2020-07-12 12:32:03'),
	(347, 126, 813.00, 0.00, 163.00, 0.00, '2020-07-12', '', '2020-07-12 12:32:03'),
	(348, 103, 5453.00, 0.00, 1335.00, 1160.00, '2020-07-12', '', '2020-07-12 12:32:03'),
	(349, 48, 4067.00, 0.00, 813.00, 0.00, '2020-07-12', '', '2020-07-12 12:32:03'),
	(350, 141, 127.00, 0.00, 25.00, 40.00, '2020-07-12', '', '2020-07-12 12:32:03'),
	(351, 68, 248.00, 0.00, 0.00, 0.00, '2020-07-12', '', '2020-07-12 12:32:03'),
	(352, 108, 736.00, 0.00, 0.00, 0.00, '2020-07-12', '', '2020-07-12 12:32:03'),
	(353, 120, 976.00, 0.00, 0.00, 0.00, '2020-07-12', '', '2020-07-12 12:32:03'),
	(354, 73, 420.00, 0.00, 0.00, 0.00, '2020-07-12', '', '2020-07-12 12:32:03'),
	(355, 111, 976.00, 0.00, 0.00, 0.00, '2020-07-12', '', '2020-07-12 12:32:03'),
	(356, 135, 1680.00, 0.00, 0.00, 0.00, '2020-07-12', '', '2020-07-12 12:32:03'),
	(357, 125, 1512.00, 0.00, 0.00, 240.00, '2020-07-12', '', '2020-07-12 12:32:03'),
	(358, 74, 744.00, 0.00, 0.00, 0.00, '2020-07-12', '', '2020-07-12 12:32:04'),
	(360, 137, 120.00, 0.00, 0.00, 0.00, '2020-07-12', '', '2020-07-12 18:58:52'),
	(361, 109, 108.00, 0.00, 0.00, 12.00, '2020-07-12', '', '2020-07-12 18:58:52'),
	(362, 85, 18.00, 0.00, 0.00, 0.00, '2020-07-12', '', '2020-07-12 18:58:52'),
	(363, 22, 55.00, 0.00, 0.00, 0.00, '2020-07-12', '', '2020-07-12 18:58:52'),
	(364, 45, 2440.00, 0.00, 0.00, 0.00, '2020-07-12', '', '2020-07-12 18:58:52'),
	(365, 77, 28.00, 0.00, 0.00, 0.00, '2020-07-12', '', '2020-07-12 18:58:52'),
	(366, 102, 1.00, 0.00, 0.00, 0.00, '2020-07-12', '', '2020-07-12 18:58:53'),
	(367, 103, 160.00, 0.00, 1000.00, 0.00, '2020-07-12', '', '2020-07-12 18:58:53'),
	(368, 141, 33.00, 0.00, 7.00, 0.00, '2020-07-12', '', '2020-07-12 18:58:53'),
	(369, 125, 240.00, 0.00, 0.00, 0.00, '2020-07-12', '', '2020-07-12 18:58:53'),
	(438, 64, 480.00, 0.00, 0.00, 0.00, '2020-08-27', '', '2020-08-27 19:50:44'),
	(439, 72, 248.00, 0.00, 0.00, 0.00, '2020-08-27', '', '2020-08-27 19:50:44'),
	(440, 90, 2108.00, 0.00, 0.00, 0.00, '2020-08-27', '', '2020-08-27 19:50:44'),
	(441, 124, 288.00, 0.00, 0.00, 0.00, '2020-08-27', '', '2020-08-27 19:50:45'),
	(442, 119, 248.00, 0.00, 0.00, 0.00, '2020-08-27', '', '2020-08-27 19:50:45'),
	(443, 123, 248.00, 0.00, 0.00, 0.00, '2020-08-27', '', '2020-08-27 19:50:45'),
	(444, 110, 1612.00, 0.00, 0.00, 0.00, '2020-08-27', '', '2020-08-27 19:50:45'),
	(445, 157, 87.00, 0.00, 0.00, 0.00, '2020-08-27', '', '2020-08-27 19:50:45'),
	(446, 100, 528.00, 0.00, 0.00, 2.00, '2020-08-27', '', '2020-08-27 19:50:45'),
	(447, 143, 236.00, 0.00, 0.00, 0.00, '2020-08-27', '', '2020-08-27 19:50:45'),
	(448, 140, 1600.00, 0.00, 0.00, 0.00, '2020-08-27', '', '2020-08-27 19:50:45'),
	(449, 158, 976.00, 0.00, 0.00, 0.00, '2020-08-27', '', '2020-08-27 19:50:45'),
	(450, 115, 155.00, 0.00, 93.00, 0.00, '2020-08-27', '', '2020-08-27 19:50:45'),
	(451, 109, 76.00, 0.00, 0.00, 48.00, '2020-08-27', '', '2020-08-27 19:50:45'),
	(452, 31, 282.00, 0.00, 0.00, 0.00, '2020-08-27', '', '2020-08-27 19:50:45'),
	(453, 89, 372.00, 0.00, 0.00, 0.00, '2020-08-27', '', '2020-08-27 19:50:45'),
	(454, 82, 248.00, 0.00, 0.00, 0.00, '2020-08-27', '', '2020-08-27 19:50:45'),
	(455, 121, 248.00, 0.00, 0.00, 0.00, '2020-08-27', '', '2020-08-27 19:50:45'),
	(456, 113, 124.00, 0.00, 0.00, 0.00, '2020-08-27', '', '2020-08-27 19:50:45'),
	(457, 116, 744.00, 0.00, 0.00, 0.00, '2020-08-27', '', '2020-08-27 19:50:45'),
	(458, 40, 2000.00, 0.00, 0.00, 0.00, '2020-08-27', '', '2020-08-27 19:50:45'),
	(459, 45, 2440.00, 0.00, 0.00, 0.00, '2020-08-27', '', '2020-08-27 19:50:46'),
	(460, 52, 4880.00, 0.00, 0.00, 0.00, '2020-08-27', '', '2020-08-27 19:50:46'),
	(461, 57, 248.00, 0.00, 0.00, 0.00, '2020-08-27', '', '2020-08-27 19:50:46'),
	(462, 65, 496.00, 0.00, 0.00, 0.00, '2020-08-27', '', '2020-08-27 19:50:46'),
	(463, 29, 15000.00, 0.00, 0.00, 0.00, '2020-08-27', '', '2020-08-27 19:50:46'),
	(464, 49, 1220.00, 0.00, 0.00, 0.00, '2020-08-27', '', '2020-08-27 19:50:46'),
	(465, 155, 248.00, 0.00, 0.00, 0.00, '2020-08-27', '', '2020-08-27 19:50:46'),
	(466, 77, 1200.00, 0.00, 0.00, 0.00, '2020-08-27', '', '2020-08-27 19:50:46'),
	(467, 128, 290.00, 0.00, 0.00, 0.00, '2020-08-27', '', '2020-08-27 19:50:46'),
	(468, 102, 412.00, 0.00, 0.00, 0.00, '2020-08-27', '', '2020-08-27 19:50:46'),
	(469, 126, 414.00, 0.00, 82.00, 0.00, '2020-08-27', '', '2020-08-27 19:50:46'),
	(470, 68, 240.00, 0.00, 0.00, 0.00, '2020-08-27', '', '2020-08-27 19:50:46'),
	(471, 108, 248.00, 0.00, 0.00, 0.00, '2020-08-27', '', '2020-08-27 19:50:46'),
	(472, 111, 496.00, 0.00, 0.00, 0.00, '2020-08-27', '', '2020-08-27 19:50:46'),
	(473, 135, 1240.00, 0.00, 0.00, 0.00, '2020-08-27', '', '2020-08-27 19:50:46'),
	(474, 142, 1416.00, 0.00, 0.00, 0.00, '2020-08-27', '', '2020-08-27 19:50:46'),
	(475, 154, 248.00, 0.00, 0.00, 0.00, '2020-08-27', '', '2020-08-27 19:50:46'),
	(476, 74, 720.00, 0.00, 0.00, 0.00, '2020-08-27', '', '2020-08-27 19:50:46'),
	(477, 159, 1050.00, 0.00, 0.00, 0.00, '2020-08-27', '', '2020-08-27 20:03:23'),
	(478, 147, 5600.00, 0.00, 0.00, 0.00, '2020-08-27', '', '2020-08-27 20:03:23'),
	(479, 19, 124.00, 0.00, 0.00, 0.00, '2020-08-27', '', '2020-08-27 20:35:51'),
	(480, 43, 248.00, 0.00, 0.00, 0.00, '2020-08-27', '', '2020-08-27 20:35:51'),
	(481, 140, 1240.00, 0.00, 0.00, 0.00, '2020-08-27', '', '2020-08-27 20:35:51'),
	(482, 144, 1550.00, 1500.00, 1830.00, 0.00, '2020-08-27', '', '2020-08-27 20:35:51'),
	(483, 105, 620.00, 0.00, 0.00, 0.00, '2020-08-27', '', '2020-08-27 20:35:52'),
	(484, 44, 1240.00, 0.00, 0.00, 0.00, '2020-08-27', '', '2020-08-27 20:35:52'),
	(485, 56, 992.00, 0.00, 0.00, 0.00, '2020-08-27', '', '2020-08-27 20:35:52'),
	(486, 53, 206.00, 0.00, 42.00, 0.00, '2020-08-27', '', '2020-08-27 20:35:52'),
	(487, 91, 5120.00, 0.00, 0.00, 0.00, '2020-08-27', '', '2020-08-27 20:35:52'),
	(488, 120, 496.00, 0.00, 0.00, 0.00, '2020-08-27', '', '2020-08-27 20:35:52'),
	(489, 118, 6867.00, 0.00, 1373.00, 0.00, '2020-08-27', '', '2020-08-27 21:21:07'),
	(490, 69, 14000.00, 0.00, 0.00, 6000.00, '2020-08-27', '', '2020-08-27 21:21:07'),
	(491, 129, 1500.00, 0.00, 0.00, 0.00, '2020-08-27', '', '2020-08-27 21:21:07'),
	(492, 130, 1500.00, 0.00, 0.00, 0.00, '2020-08-27', '', '2020-08-27 21:21:07'),
	(493, 50, 4500.00, 0.00, 0.00, 0.00, '2020-08-27', '', '2020-08-27 21:21:07'),
	(494, 131, 1500.00, 0.00, 0.00, 0.00, '2020-08-27', '', '2020-08-27 21:21:07'),
	(495, 132, 1500.00, 0.00, 0.00, 0.00, '2020-08-27', '', '2020-08-27 21:21:07'),
	(496, 62, 270.00, 0.00, 0.00, 0.00, '2020-08-27', '', '2020-08-27 21:21:07'),
	(497, 150, 2730.00, 0.00, 0.00, 0.00, '2020-08-27', '', '2020-08-27 21:21:07'),
	(498, 152, 1760.00, 0.00, 0.00, 0.00, '2020-08-27', '', '2020-08-27 21:21:07'),
	(499, 146, 775.00, 0.00, 0.00, 0.00, '2020-08-27', '', '2020-08-27 21:25:07'),
	(500, 159, 665.00, 0.00, 0.00, 0.00, '2020-08-27', '', '2020-08-27 21:25:07'),
	(501, 72, 226.00, 0.00, 0.00, 0.00, '2020-09-07', '', '2020-09-07 10:20:40'),
	(502, 90, 2108.00, 0.00, 0.00, 0.00, '2020-09-07', '', '2020-09-07 10:20:40'),
	(503, 119, 248.00, 0.00, 0.00, 0.00, '2020-09-07', '', '2020-09-07 10:20:40'),
	(504, 123, 248.00, 0.00, 0.00, 0.00, '2020-09-07', '', '2020-09-07 10:20:40'),
	(505, 110, 1404.00, 0.00, 0.00, 0.00, '2020-09-07', '', '2020-09-07 10:20:40'),
	(506, 157, 217.00, 0.00, 0.00, 0.00, '2020-09-07', '', '2020-09-07 10:20:40'),
	(507, 160, 372.00, 0.00, 0.00, 0.00, '2020-09-07', '', '2020-09-07 10:20:40'),
	(508, 165, 165.00, 0.00, 99.00, 0.00, '2020-09-07', '', '2020-09-07 10:20:40'),
	(509, 115, 135.00, 0.00, 81.00, 0.00, '2020-09-07', '', '2020-09-07 10:20:40'),
	(510, 162, 630.00, 0.00, 378.00, 238.00, '2020-09-07', '', '2020-09-07 10:20:40'),
	(511, 134, 1550.00, 0.00, 930.00, 0.00, '2020-09-07', '', '2020-09-07 10:20:40'),
	(512, 109, 124.00, 0.00, 0.00, 0.00, '2020-09-07', '', '2020-09-07 10:20:40'),
	(513, 89, 372.00, 0.00, 0.00, 0.00, '2020-09-07', '', '2020-09-07 10:20:40'),
	(514, 82, 248.00, 0.00, 0.00, 0.00, '2020-09-07', '', '2020-09-07 10:20:40'),
	(515, 121, 248.00, 0.00, 0.00, 0.00, '2020-09-07', '', '2020-09-07 10:20:40'),
	(516, 69, 4000.00, 0.00, 0.00, 2000.00, '2020-09-07', '', '2020-09-07 10:20:40'),
	(517, 113, 108.00, 0.00, 0.00, 0.00, '2020-09-07', '', '2020-09-07 10:20:40'),
	(518, 116, 648.00, 0.00, 0.00, 0.00, '2020-09-07', '', '2020-09-07 10:20:40'),
	(519, 59, 2480.00, 0.00, 0.00, 0.00, '2020-09-07', '', '2020-09-07 10:20:40'),
	(520, 87, 992.00, 0.00, 0.00, 0.00, '2020-09-07', '', '2020-09-07 10:20:40'),
	(521, 148, 4960.00, 0.00, 0.00, 0.00, '2020-09-07', '', '2020-09-07 10:20:40'),
	(522, 57, 248.00, 0.00, 0.00, 0.00, '2020-09-07', '', '2020-09-07 10:20:40'),
	(523, 65, 496.00, 0.00, 0.00, 0.00, '2020-09-07', '', '2020-09-07 10:20:40'),
	(524, 161, 125.00, 0.00, 0.00, 0.00, '2020-09-07', '', '2020-09-07 10:20:41'),
	(525, 17, 1250.00, 0.00, 0.00, 0.00, '2020-09-07', '', '2020-09-07 10:20:41'),
	(526, 77, 2480.00, 0.00, 0.00, 0.00, '2020-09-07', '', '2020-09-07 10:20:41'),
	(527, 128, 444.00, 0.00, 0.00, 0.00, '2020-09-07', '', '2020-09-07 10:20:41'),
	(528, 126, 413.00, 0.00, 83.00, 0.00, '2020-09-07', '', '2020-09-07 10:20:41'),
	(529, 166, 133.00, 0.00, 0.00, 17.00, '2020-09-07', '', '2020-09-07 10:20:41'),
	(530, 68, 332.00, 0.00, 164.00, 0.00, '2020-09-07', '', '2020-09-07 10:20:41'),
	(531, 164, 420.00, 0.00, 0.00, 0.00, '2020-09-07', '', '2020-09-07 10:20:41'),
	(532, 147, 5250.00, 0.00, 0.00, 0.00, '2020-09-07', '', '2020-09-07 10:20:41'),
	(533, 108, 248.00, 0.00, 0.00, 0.00, '2020-09-07', '', '2020-09-07 10:20:41'),
	(534, 111, 432.00, 0.00, 0.00, 0.00, '2020-09-07', '', '2020-09-07 10:20:41'),
	(535, 135, 1080.00, 0.00, 0.00, 0.00, '2020-09-07', '', '2020-09-07 10:20:41'),
	(536, 74, 1488.00, 0.00, 0.00, 0.00, '2020-09-07', '', '2020-09-07 10:20:41'),
	(537, 162, 150.00, 0.00, 88.00, 0.00, '2020-09-07', '', '2020-09-07 10:21:36'),
	(538, 43, 248.00, 0.00, 0.00, 0.00, '2020-09-12', '', '2020-09-12 17:11:44'),
	(539, 143, 64.00, 0.00, 0.00, 0.00, '2020-09-12', '', '2020-09-12 17:11:44'),
	(540, 158, 496.00, 0.00, 0.00, 0.00, '2020-09-12', '', '2020-09-12 17:11:44'),
	(541, 150, 3255.00, 0.00, 0.00, 0.00, '2020-09-12', '', '2020-09-12 17:11:44'),
	(542, 62, 245.00, 0.00, 0.00, 0.00, '2020-09-12', '', '2020-09-12 17:11:44'),
	(543, 44, 1240.00, 0.00, 0.00, 0.00, '2020-09-12', '', '2020-09-12 17:11:44'),
	(544, 56, 992.00, 0.00, 0.00, 0.00, '2020-09-12', '', '2020-09-12 17:11:44'),
	(545, 23, 13320.00, 0.00, 0.00, 0.00, '2020-09-12', '', '2020-09-12 17:11:44'),
	(546, 155, 248.00, 0.00, 0.00, 0.00, '2020-09-12', '', '2020-09-12 17:11:44'),
	(547, 49, 620.00, 0.00, 0.00, 0.00, '2020-09-12', '', '2020-09-12 17:11:44'),
	(548, 142, 744.00, 0.00, 0.00, 0.00, '2020-09-12', '', '2020-09-12 17:11:44'),
	(549, 154, 248.00, 0.00, 0.00, 0.00, '2020-09-12', '', '2020-09-12 17:11:44'),
	(550, 98, 3500.00, 0.00, 0.00, 0.00, '2020-09-12', '', '2020-09-12 17:14:46'),
	(551, 144, 1550.00, 0.00, 0.00, 0.00, '2020-09-12', '', '2020-09-12 17:30:46'),
	(552, 149, 1136.00, 0.00, 0.00, 0.00, '2020-09-18', '', '2020-09-18 07:52:25'),
	(553, 28, 744.00, 0.00, 0.00, 0.00, '2020-09-18', '', '2020-09-18 07:52:25'),
	(554, 30, 992.00, 0.00, 0.00, 0.00, '2020-09-18', '', '2020-09-18 07:52:25'),
	(555, 32, 1288.00, 0.00, 0.00, 0.00, '2020-09-18', '', '2020-09-18 07:52:25'),
	(556, 103, 667.00, 0.00, 145.00, 0.00, '2020-09-18', '', '2020-09-18 07:52:25'),
	(557, 73, 2028.00, 0.00, 0.00, 0.00, '2020-09-18', '', '2020-09-18 07:52:25'),
	(558, 40, 548.00, 0.00, 0.00, 52.00, '2020-10-01', '', '2020-10-01 13:25:59'),
	(559, 161, 307.00, 0.00, 0.00, 0.00, '2020-10-01', '', '2020-10-01 13:25:59'),
	(560, 102, 414.00, 0.00, 0.00, 0.00, '2020-10-01', '', '2020-10-01 13:25:59'),
	(561, 72, 192.00, 8.00, 0.00, 0.00, '2020-10-09', '', '2020-10-09 07:15:22'),
	(562, 90, 2040.00, 0.00, 0.00, 0.00, '2020-10-09', '', '2020-10-09 07:15:22'),
	(563, 19, 244.00, 0.00, 0.00, 0.00, '2020-10-09', '', '2020-10-09 07:15:22'),
	(564, 119, 240.00, 0.00, 0.00, 0.00, '2020-10-09', '', '2020-10-09 07:15:22'),
	(565, 123, 240.00, 0.00, 0.00, 0.00, '2020-10-09', '', '2020-10-09 07:15:22'),
	(566, 170, 1680.00, 0.00, 0.00, 0.00, '2020-10-09', '', '2020-10-09 07:15:22'),
	(567, 92, 2880.00, 0.00, 0.00, 0.00, '2020-10-09', '', '2020-10-09 07:15:23'),
	(568, 43, 240.00, 0.00, 0.00, 0.00, '2020-10-09', '', '2020-10-09 07:15:23'),
	(569, 160, 360.00, 0.00, 0.00, 0.00, '2020-10-09', '', '2020-10-09 07:15:23'),
	(570, 143, 180.00, 0.00, 0.00, 0.00, '2020-10-09', '', '2020-10-09 07:15:23'),
	(571, 140, 1240.00, 0.00, 0.00, 0.00, '2020-10-09', '', '2020-10-09 07:15:23'),
	(572, 158, 480.00, 0.00, 0.00, 0.00, '2020-10-09', '', '2020-10-09 07:15:23'),
	(573, 144, 1500.00, 1550.00, 1830.00, 0.00, '2020-10-09', '', '2020-10-09 07:15:23'),
	(574, 165, 450.00, 0.00, 270.00, 0.00, '2020-10-09', '', '2020-10-09 07:15:23'),
	(575, 134, 750.00, 0.00, 450.00, 0.00, '2020-10-09', '', '2020-10-09 07:15:23'),
	(576, 167, 160.00, 0.00, 64.00, 0.00, '2020-10-09', '', '2020-10-09 07:15:23'),
	(577, 172, 600.00, 0.00, 360.00, 0.00, '2020-10-09', '', '2020-10-09 07:15:23'),
	(578, 109, 120.00, 0.00, 0.00, 0.00, '2020-10-09', '', '2020-10-09 07:15:23'),
	(579, 31, 378.00, 0.00, 0.00, 0.00, '2020-10-09', '', '2020-10-09 07:15:23'),
	(580, 89, 360.00, 0.00, 0.00, 0.00, '2020-10-09', '', '2020-10-09 07:15:23'),
	(581, 105, 1220.00, 0.00, 0.00, 0.00, '2020-10-09', '', '2020-10-09 07:15:23'),
	(582, 82, 240.00, 0.00, 0.00, 0.00, '2020-10-09', '', '2020-10-09 07:15:23'),
	(583, 121, 240.00, 0.00, 0.00, 0.00, '2020-10-09', '', '2020-10-09 07:15:23'),
	(584, 69, 2000.00, 0.00, 0.00, 0.00, '2020-10-09', '', '2020-10-09 07:15:23'),
	(585, 40, 52.00, 0.00, 0.00, 0.00, '2020-10-09', '', '2020-10-09 07:15:23'),
	(586, 148, 2400.00, 0.00, 0.00, 0.00, '2020-10-09', '', '2020-10-09 07:15:23'),
	(587, 59, 1200.00, 0.00, 0.00, 0.00, '2020-10-09', '', '2020-10-09 07:15:23'),
	(588, 87, 480.00, 0.00, 0.00, 0.00, '2020-10-09', '', '2020-10-09 07:15:23'),
	(589, 45, 2440.00, 0.00, 0.00, 0.00, '2020-10-09', '', '2020-10-09 07:15:23'),
	(590, 57, 240.00, 0.00, 0.00, 0.00, '2020-10-09', '', '2020-10-09 07:15:23'),
	(591, 65, 480.00, 0.00, 0.00, 0.00, '2020-10-09', '', '2020-10-09 07:15:24'),
	(592, 168, 1792.00, 0.00, 0.00, 0.00, '2020-10-09', '', '2020-10-09 07:15:24'),
	(593, 44, 1200.00, 0.00, 0.00, 0.00, '2020-10-09', '', '2020-10-09 07:15:24'),
	(594, 55, 6000.00, 0.00, 0.00, 0.00, '2020-10-09', '', '2020-10-09 07:15:24'),
	(595, 155, 240.00, 0.00, 0.00, 0.00, '2020-10-09', '', '2020-10-09 07:15:24'),
	(596, 49, 600.00, 0.00, 0.00, 0.00, '2020-10-09', '', '2020-10-09 07:15:24'),
	(597, 128, 240.00, 0.00, 0.00, 0.00, '2020-10-09', '', '2020-10-09 07:15:24'),
	(598, 77, 1200.00, 0.00, 0.00, 0.00, '2020-10-09', '', '2020-10-09 07:15:24'),
	(599, 53, 407.00, 0.00, 81.00, 0.00, '2020-10-09', '', '2020-10-09 07:15:24'),
	(600, 126, 400.00, 0.00, 80.00, 0.00, '2020-10-09', '', '2020-10-09 07:15:24'),
	(601, 166, 17.00, 0.00, 0.00, 0.00, '2020-10-09', '', '2020-10-09 07:15:24'),
	(602, 91, 1013.00, 0.00, 1227.00, 0.00, '2020-10-09', '', '2020-10-09 07:15:24'),
	(603, 68, 200.00, 0.00, 40.00, 0.00, '2020-10-09', '', '2020-10-09 07:15:24'),
	(604, 164, 0.00, 480.00, 0.00, 0.00, '2020-10-09', '', '2020-10-09 07:15:24'),
	(605, 147, 3990.00, 0.00, 0.00, 0.00, '2020-10-09', '', '2020-10-09 07:15:24'),
	(606, 108, 240.00, 0.00, 0.00, 0.00, '2020-10-09', '', '2020-10-09 07:15:24'),
	(607, 120, 976.00, 0.00, 0.00, 0.00, '2020-10-09', '', '2020-10-09 07:15:24'),
	(608, 169, 224.00, 0.00, 0.00, 0.00, '2020-10-09', '', '2020-10-09 07:15:24'),
	(609, 171, 1050.00, 0.00, 0.00, 0.00, '2020-10-09', '', '2020-10-09 07:15:24'),
	(610, 142, 720.00, 0.00, 0.00, 0.00, '2020-10-09', '', '2020-10-09 07:15:24'),
	(611, 154, 240.00, 0.00, 0.00, 0.00, '2020-10-09', '', '2020-10-09 07:15:24'),
	(612, 74, 720.00, 0.00, 0.00, 0.00, '2020-10-09', '', '2020-10-09 07:15:24'),
	(613, 184, 1716.00, 0.00, 0.00, 0.00, '2020-10-16', '', '2020-10-16 09:49:55'),
	(614, 52, 4960.00, 0.00, 0.00, 0.00, '2020-10-16', '', '2020-10-16 09:49:55'),
	(615, 54, 2400.00, 0.00, 0.00, 0.00, '2020-10-16', '', '2020-10-16 09:49:55'),
	(616, 62, 350.00, 0.00, 0.00, 0.00, '2020-10-16', '', '2020-10-16 18:42:43'),
	(617, 150, 3150.00, 0.00, 0.00, 0.00, '2020-10-16', '', '2020-10-16 18:42:43'),
	(618, 145, 29600.00, 0.00, 0.00, 0.00, '2020-11-01', '', '2020-11-01 17:18:35'),
	(619, 84, 30400.00, 0.00, 0.00, 0.00, '2020-11-01', '', '2020-11-01 17:18:35'),
	(620, 177, 992.00, 0.00, 0.00, 0.00, '2020-11-01', '', '2020-11-01 19:59:52'),
	(621, 173, 480.00, 0.00, 0.00, 0.00, '2020-11-01', '', '2020-11-01 19:59:52'),
	(622, 85, 1500.00, 0.00, 0.00, 0.00, '2020-11-01', '', '2020-11-01 19:59:52'),
	(623, 149, 2544.00, 0.00, 0.00, 0.00, '2020-11-01', '', '2020-11-01 19:59:52'),
	(624, 28, 296.00, 0.00, 0.00, 0.00, '2020-11-01', '', '2020-11-01 19:59:52'),
	(625, 30, 480.00, 0.00, 0.00, 0.00, '2020-11-01', '', '2020-11-01 19:59:52'),
	(626, 32, 920.00, 0.00, 0.00, 0.00, '2020-11-01', '', '2020-11-01 19:59:52'),
	(627, 50, 9000.00, 0.00, 0.00, 0.00, '2020-11-01', '', '2020-11-01 19:59:52'),
	(628, 40, 400.00, 0.00, 0.00, 0.00, '2020-11-01', '', '2020-11-01 19:59:52'),
	(629, 139, 1200.00, 0.00, 0.00, 0.00, '2020-11-01', '', '2020-11-01 19:59:52'),
	(630, 73, 480.00, 0.00, 0.00, 0.00, '2020-11-01', '', '2020-11-01 19:59:52'),
	(631, 176, 868.00, 0.00, 0.00, 0.00, '2020-11-01', '', '2020-11-01 19:59:52'),
	(632, 72, 152.00, 0.00, 0.00, 0.00, '2020-11-09', '', '2020-11-09 17:39:27'),
	(633, 90, 2108.00, 0.00, 0.00, 0.00, '2020-11-09', '', '2020-11-09 17:39:27'),
	(634, 119, 248.00, 0.00, 0.00, 0.00, '2020-11-09', '', '2020-11-09 17:39:27'),
	(635, 123, 248.00, 0.00, 0.00, 0.00, '2020-11-09', '', '2020-11-09 17:39:27'),
	(636, 170, 1736.00, 0.00, 0.00, 0.00, '2020-11-09', '', '2020-11-09 17:39:27'),
	(637, 43, 248.00, 0.00, 0.00, 0.00, '2020-11-09', '', '2020-11-09 17:39:27'),
	(638, 143, 124.00, 0.00, 0.00, 0.00, '2020-11-09', '', '2020-11-09 17:39:27'),
	(639, 140, 2440.00, 0.00, 0.00, 0.00, '2020-11-09', '', '2020-11-09 17:39:27'),
	(640, 165, 465.00, 0.00, 279.00, 0.00, '2020-11-09', '', '2020-11-09 17:39:27'),
	(641, 172, 620.00, 0.00, 372.00, 0.00, '2020-11-09', '', '2020-11-09 17:39:27'),
	(642, 109, 124.00, 0.00, 0.00, 0.00, '2020-11-09', '', '2020-11-09 17:39:27'),
	(643, 187, 112.00, 0.00, 0.00, 0.00, '2020-11-09', '', '2020-11-09 17:39:27'),
	(644, 89, 372.00, 0.00, 0.00, 0.00, '2020-11-09', '', '2020-11-09 17:39:27'),
	(645, 82, 248.00, 0.00, 0.00, 0.00, '2020-11-09', '', '2020-11-09 17:39:27'),
	(646, 121, 248.00, 0.00, 0.00, 0.00, '2020-11-09', '', '2020-11-09 17:39:27'),
	(647, 188, 288.00, 0.00, 0.00, 0.00, '2020-11-09', '', '2020-11-09 17:39:28'),
	(648, 22, 7000.00, 0.00, 0.00, 0.00, '2020-11-09', '', '2020-11-09 17:39:28'),
	(649, 45, 1240.00, 0.00, 0.00, 0.00, '2020-11-09', '', '2020-11-09 17:39:28'),
	(650, 52, 4880.00, 0.00, 0.00, 0.00, '2020-11-09', '', '2020-11-09 17:39:28'),
	(651, 57, 248.00, 0.00, 0.00, 0.00, '2020-11-09', '', '2020-11-09 17:39:28'),
	(652, 65, 496.00, 0.00, 0.00, 0.00, '2020-11-09', '', '2020-11-09 17:39:28'),
	(653, 44, 1240.00, 0.00, 0.00, 0.00, '2020-11-09', '', '2020-11-09 17:39:28'),
	(654, 55, 3000.00, 0.00, 0.00, 0.00, '2020-11-09', '', '2020-11-09 17:39:28'),
	(655, 126, 413.00, 0.00, 83.00, 0.00, '2020-11-09', '', '2020-11-09 17:39:28'),
	(656, 108, 248.00, 0.00, 0.00, 0.00, '2020-11-09', '', '2020-11-09 17:39:28'),
	(657, 142, 724.00, 0.00, 0.00, 0.00, '2020-11-09', '', '2020-11-09 17:39:28');
/*!40000 ALTER TABLE `settlement` ENABLE KEYS */;

-- Dumping structure for table pramesh.transactions
CREATE TABLE IF NOT EXISTS `transactions` (
  `id` int(11) NOT NULL AUTO_INCREMENT,
  `amount` decimal(10,2) NOT NULL,
  `loanid` int(11) NOT NULL,
  `transaction_type` set('B','R','I','E') NOT NULL,
  `transaction_date` date NOT NULL,
  `bank_date` date DEFAULT NULL,
  `behalf_of` tinyint(4) DEFAULT '0',
  `waiver` tinyint(4) DEFAULT '0',
  `flag` tinyint(4) DEFAULT '0',
  `created_on` datetime NOT NULL DEFAULT CURRENT_TIMESTAMP,
  `updated_on` timestamp NOT NULL DEFAULT CURRENT_TIMESTAMP ON UPDATE CURRENT_TIMESTAMP,
  `created_by` int(11) NOT NULL,
  `narration` varchar(500) NOT NULL,
  PRIMARY KEY (`id`),
  KEY `FK_transactions_loans` (`loanid`),
  KEY `FK_transactions_users` (`created_by`),
  CONSTRAINT `FK_transactions_loans` FOREIGN KEY (`loanid`) REFERENCES `loans` (`id`)
) ENGINE=InnoDB AUTO_INCREMENT=1062 DEFAULT CHARSET=latin1;

-- Dumping data for table pramesh.transactions: ~656 rows (approximately)
/*!40000 ALTER TABLE `transactions` DISABLE KEYS */;
INSERT INTO `transactions` (`id`, `amount`, `loanid`, `transaction_type`, `transaction_date`, `bank_date`, `behalf_of`, `waiver`, `flag`, `created_on`, `updated_on`, `created_by`, `narration`) VALUES
	(87, 40000.00, 16, 'B', '2017-11-07', '2017-11-07', 0, 0, 1, '2020-01-15 09:42:31', '2020-05-10 07:38:10', 0, ''),
	(88, 10000.00, 17, 'B', '2017-12-12', '2017-12-12', 0, 0, 1, '2020-01-15 10:00:25', '2020-05-10 07:38:10', 0, ''),
	(89, 3000.00, 18, 'B', '2017-09-01', '2017-09-01', 0, 0, 1, '2020-01-15 11:43:40', '2020-05-10 07:38:10', 0, ''),
	(90, 5000.00, 19, 'B', '2017-12-01', '2017-12-01', 0, 0, 1, '2020-01-15 11:46:28', '2020-05-10 07:38:10', 0, ''),
	(91, 20000.00, 20, 'B', '2018-01-19', '2018-01-19', 0, 0, 1, '2020-01-15 11:47:19', '2020-05-10 07:38:10', 0, ''),
	(92, 15000.00, 21, 'B', '2018-07-01', '2018-07-01', 0, 0, 1, '2020-01-15 11:48:40', '2020-05-10 07:38:10', 0, ''),
	(93, 83424.00, 22, 'B', '2018-07-01', '2018-07-01', 0, 0, 1, '2020-01-15 11:49:30', '2020-05-10 07:38:10', 0, ''),
	(94, 50000.00, 23, 'B', '2018-08-01', '2018-08-01', 0, 0, 1, '2020-01-15 11:50:27', '2020-05-10 07:38:10', 0, ''),
	(95, 10000.00, 24, 'B', '2018-10-16', '2018-10-16', 0, 0, 1, '2020-01-15 11:51:37', '2020-05-10 07:38:10', 0, ''),
	(96, 35000.00, 25, 'B', '2018-10-10', '2018-10-10', 0, 0, 1, '2020-01-15 11:52:57', '2020-05-10 07:38:10', 0, ''),
	(97, 100000.00, 26, 'B', '2018-11-21', '2018-11-21', 0, 0, 1, '2020-01-15 11:54:35', '2020-05-10 07:38:10', 0, ''),
	(98, 43000.00, 27, 'B', '2015-10-01', '2015-10-01', 0, 0, 1, '2020-01-15 11:55:44', '2020-05-10 07:38:10', 0, ''),
	(99, 15000.00, 28, 'B', '2018-12-12', '2018-12-12', 0, 0, 1, '2020-01-15 11:56:47', '2020-05-10 07:38:10', 0, ''),
	(100, 100000.00, 29, 'B', '2019-01-26', '2019-01-26', 0, 0, 1, '2020-01-15 11:57:43', '2020-05-10 07:38:10', 0, ''),
	(101, 20000.00, 30, 'B', '2019-02-06', '2019-02-06', 0, 0, 1, '2020-01-15 11:59:53', '2020-05-10 07:38:10', 0, ''),
	(102, 10000.00, 31, 'B', '2019-03-01', '2019-03-01', 0, 0, 1, '2020-01-15 12:00:33', '2020-05-10 07:38:10', 0, ''),
	(103, 30000.00, 32, 'B', '2019-03-09', '2019-03-09', 0, 0, 1, '2020-01-15 12:02:48', '2020-05-10 07:38:10', 0, ''),
	(104, 50000.00, 33, 'B', '2019-04-04', '2019-04-04', 0, 0, 1, '2020-01-15 12:03:21', '2020-05-10 07:38:10', 0, ''),
	(105, 50000.00, 33, 'R', '2019-08-31', '2019-08-31', 0, 0, 1, '2020-01-15 12:06:12', '2020-02-03 09:06:44', 0, 'Personal'),
	(106, 10000.00, 34, 'B', '2019-04-01', '2019-04-01', 0, 0, 1, '2020-01-15 12:06:56', '2020-05-10 07:38:10', 0, ''),
	(107, 19000.00, 35, 'B', '2019-04-01', '2019-04-01', 0, 0, 1, '2020-01-15 12:07:33', '2020-05-10 07:38:10', 0, ''),
	(108, 50000.00, 36, 'B', '2019-04-11', '2019-04-11', 0, 0, 1, '2020-01-15 12:14:21', '2020-05-10 07:38:10', 0, ''),
	(109, 50000.00, 36, 'R', '2019-08-31', '2019-08-31', 0, 0, 1, '2020-01-15 12:14:54', '2020-02-03 09:06:46', 0, 'Repaid'),
	(110, 30000.00, 37, 'B', '2019-04-01', '2019-04-01', 0, 0, 1, '2020-01-15 12:18:51', '2020-05-10 07:38:10', 0, ''),
	(111, 30000.00, 37, 'R', '2019-10-25', '2019-10-25', 0, 0, 1, '2020-01-15 12:19:15', '2020-02-03 09:06:47', 0, 'Repaid'),
	(112, 43500.00, 38, 'B', '2019-04-11', '2019-04-11', 0, 0, 1, '2020-01-15 12:38:28', '2020-05-10 07:38:10', 0, ''),
	(113, 15218.00, 39, 'B', '2019-05-01', '2019-05-01', 0, 0, 1, '2020-01-15 12:39:04', '2020-05-10 07:38:10', 0, ''),
	(114, 15000.00, 40, 'B', '2019-06-05', '2019-06-05', 0, 0, 1, '2020-01-15 12:39:42', '2020-05-10 07:38:10', 0, ''),
	(115, 20000.00, 41, 'B', '2019-05-16', '2019-05-16', 0, 0, 1, '2020-01-15 12:40:32', '2020-05-10 07:38:10', 0, ''),
	(116, 50000.00, 42, 'B', '2019-05-20', '2019-05-20', 0, 0, 1, '2020-01-15 12:41:17', '2020-05-10 07:38:10', 0, ''),
	(117, 10000.00, 43, 'B', '2019-06-26', '2019-06-26', 0, 0, 1, '2020-01-15 12:42:22', '2020-05-10 07:38:10', 0, ''),
	(118, 50000.00, 44, 'B', '2019-10-01', '2019-10-01', 0, 0, 1, '2020-01-15 12:43:10', '2020-05-10 07:38:10', 0, ''),
	(119, 50000.00, 45, 'B', '2019-07-22', '2019-07-22', 0, 0, 1, '2020-01-15 12:43:56', '2020-05-10 07:38:10', 0, ''),
	(120, 35000.00, 46, 'B', '2019-07-20', '2019-07-20', 0, 0, 1, '2020-01-15 12:45:28', '2020-05-10 07:38:10', 0, ''),
	(121, 100000.00, 47, 'B', '2019-08-10', '2019-08-10', 0, 0, 1, '2020-01-15 12:46:30', '2020-05-10 07:38:10', 0, ''),
	(122, 25000.00, 46, 'R', '2019-12-30', '2019-12-30', 0, 0, 1, '2020-01-15 12:48:27', '2020-02-03 09:06:48', 0, 'Repaid'),
	(123, 100000.00, 47, 'R', '2019-12-30', '2019-12-30', 0, 0, 1, '2020-01-15 12:48:50', '2020-02-03 08:50:30', 0, 'Repaid'),
	(124, 100000.00, 48, 'B', '2019-10-01', '2019-10-01', 0, 0, 1, '2020-01-15 12:49:48', '2020-05-10 07:38:10', 0, ''),
	(125, 25000.00, 49, 'B', '2019-08-01', '2019-08-01', 0, 0, 1, '2020-01-15 12:50:30', '2020-05-10 07:38:10', 0, ''),
	(126, 300000.00, 50, 'B', '2019-04-25', '2019-04-25', 0, 0, 1, '2020-01-15 12:52:24', '2020-05-10 07:38:10', 0, ''),
	(127, 100000.00, 51, 'B', '2019-10-01', '2019-10-01', 0, 0, 1, '2020-01-15 12:55:02', '2020-05-10 07:38:10', 0, ''),
	(128, 100000.00, 51, 'R', '2019-12-30', '2019-12-30', 0, 0, 1, '2020-01-15 12:55:51', '2020-02-03 09:06:53', 0, 'Loan transfer to Ramesh'),
	(129, 100000.00, 52, 'B', '2019-12-31', '2019-12-31', 0, 0, 1, '2020-01-15 12:56:41', '2020-05-10 07:38:10', 0, ''),
	(130, 100000.00, 53, 'B', '2019-10-01', '2019-10-01', 0, 0, 1, '2020-01-15 12:58:04', '2020-05-10 07:38:10', 0, ''),
	(131, 100000.00, 54, 'B', '2019-10-01', '2019-10-01', 0, 0, 1, '2020-01-15 12:58:53', '2020-05-10 07:38:10', 0, ''),
	(132, 50000.00, 55, 'B', '2019-08-28', '2019-08-28', 0, 0, 1, '2020-01-15 13:00:25', '2020-05-10 07:38:10', 0, ''),
	(133, 40000.00, 56, 'B', '2019-09-04', '2019-09-04', 0, 0, 1, '2020-01-15 13:02:25', '2020-05-10 07:38:10', 0, ''),
	(134, 10000.00, 57, 'B', '2019-09-01', '2019-09-01', 0, 0, 1, '2020-01-15 13:03:22', '2020-05-10 07:38:10', 0, ''),
	(135, 50000.00, 58, 'B', '2019-09-06', '2019-09-06', 0, 0, 1, '2020-01-15 13:04:06', '2020-05-10 07:38:10', 0, ''),
	(136, 50000.00, 59, 'B', '2019-09-06', '2019-09-06', 0, 0, 1, '2020-01-15 13:04:49', '2020-05-10 07:38:10', 0, ''),
	(137, 50000.00, 60, 'B', '2019-09-11', '2019-09-11', 0, 0, 1, '2020-01-15 13:05:53', '2020-05-10 07:38:10', 0, ''),
	(138, 11000.00, 61, 'B', '2019-09-13', '2019-09-13', 0, 0, 1, '2020-01-15 13:06:38', '2020-05-10 07:38:10', 0, ''),
	(139, 11000.00, 61, 'R', '2019-12-30', '2019-12-30', 0, 0, 1, '2020-01-15 13:06:56', '2020-02-03 09:06:50', 0, 'Repaid'),
	(140, 10000.00, 62, 'B', '2019-09-16', '2019-09-16', 0, 0, 1, '2020-01-15 13:07:41', '2020-05-10 07:38:10', 0, ''),
	(141, 20000.00, 63, 'B', '2019-09-18', '2019-09-18', 0, 0, 1, '2020-01-15 13:08:20', '2020-05-10 07:38:10', 0, ''),
	(142, 20000.00, 64, 'B', '2019-09-18', '2019-09-18', 0, 0, 1, '2020-01-15 13:08:40', '2020-05-10 07:38:10', 0, ''),
	(143, 20000.00, 65, 'B', '2019-07-12', '2019-07-12', 0, 0, 1, '2020-01-15 13:09:20', '2020-05-10 07:38:10', 0, ''),
	(144, 85000.00, 66, 'B', '2019-10-11', '2019-10-11', 0, 0, 1, '2020-01-15 13:10:12', '2020-05-10 07:38:10', 0, ''),
	(145, 34000.00, 67, 'B', '2019-10-17', '2019-10-17', 0, 0, 1, '2020-01-15 13:11:32', '2020-05-10 07:38:10', 0, ''),
	(146, 14000.00, 67, 'R', '2019-12-30', '2020-01-15', 0, 0, 1, '2020-01-15 13:12:05', '2020-02-03 09:05:14', 0, 'Repaid'),
	(147, 10000.00, 68, 'B', '2019-11-08', '2019-11-08', 0, 0, 1, '2020-01-15 13:14:38', '2020-05-10 07:38:10', 0, ''),
	(148, 200000.00, 69, 'B', '2019-11-01', '2019-11-01', 0, 0, 1, '2020-01-15 13:15:26', '2020-05-10 07:38:10', 0, ''),
	(149, 50000.00, 70, 'B', '2019-11-14', '2019-11-14', 0, 0, 1, '2020-01-15 13:18:03', '2020-05-10 07:38:10', 0, ''),
	(150, 50000.00, 71, 'B', '2019-11-14', '2019-11-14', 0, 0, 1, '2020-01-15 13:18:45', '2020-05-10 07:38:10', 0, ''),
	(151, 15000.00, 72, 'B', '2019-11-19', '2019-11-19', 0, 0, 1, '2020-01-15 13:19:21', '2020-05-10 07:38:10', 0, ''),
	(152, 20000.00, 73, 'B', '2019-11-30', '2019-11-30', 0, 0, 1, '2020-01-15 13:20:23', '2020-05-10 07:38:10', 0, ''),
	(153, 30000.00, 74, 'B', '2019-12-01', '2019-12-01', 0, 0, 1, '2020-01-15 13:21:45', '2020-05-10 07:38:10', 0, ''),
	(154, 100000.00, 75, 'B', '2019-11-14', '2019-11-14', 0, 0, 1, '2020-01-15 13:22:22', '2020-05-10 07:38:10', 0, ''),
	(155, 50000.00, 76, 'B', '2019-12-07', '2019-12-07', 0, 0, 1, '2020-01-15 13:23:05', '2020-05-10 07:38:10', 0, ''),
	(156, 50000.00, 76, 'R', '2019-12-30', '2019-12-30', 0, 0, 1, '2020-01-15 13:23:28', '2020-02-03 09:06:51', 0, 'Repaid'),
	(157, 50000.00, 77, 'B', '2019-12-10', '2019-12-10', 0, 0, 1, '2020-01-15 13:26:01', '2020-05-10 07:38:10', 0, ''),
	(158, 10000.00, 78, 'B', '2019-12-01', '2019-12-01', 0, 0, 1, '2020-01-15 13:26:36', '2020-05-10 07:38:10', 0, ''),
	(159, 43500.00, 38, 'R', '2019-11-30', '2019-11-30', 0, 0, 1, '2020-01-15 13:31:06', '2020-02-03 09:06:29', 0, 'Converted to 1.5 rate'),
	(160, 43500.00, 79, 'B', '2019-12-01', '2019-12-01', 0, 0, 1, '2020-01-15 13:31:47', '2020-05-10 07:38:10', 0, ''),
	(161, 30000.00, 80, 'B', '2019-12-11', '2019-12-11', 0, 0, 1, '2020-01-15 13:33:08', '2020-05-10 07:38:10', 0, ''),
	(162, 20000.00, 81, 'B', '2019-12-13', '2019-12-13', 0, 0, 1, '2020-01-15 13:33:42', '2020-05-10 07:38:10', 0, ''),
	(163, 10000.00, 82, 'B', '2019-12-14', '2019-12-14', 0, 0, 1, '2020-01-15 13:34:15', '2020-05-10 07:38:10', 0, ''),
	(164, 50000.00, 83, 'B', '2019-12-20', '2019-12-20', 0, 0, 1, '2020-01-15 13:35:17', '2020-05-10 07:38:10', 0, ''),
	(165, 300000.00, 84, 'B', '2019-12-24', '2019-12-24', 0, 0, 1, '2020-01-15 13:35:46', '2020-05-10 07:38:10', 0, ''),
	(166, 10000.00, 85, 'B', '2019-12-28', '2019-12-28', 0, 0, 1, '2020-01-15 13:36:20', '2020-05-10 07:38:10', 0, ''),
	(167, 30000.00, 86, 'B', '2020-01-03', '2020-01-03', 0, 0, 1, '2020-01-15 13:37:02', '2020-05-10 07:38:10', 0, ''),
	(168, 20000.00, 87, 'B', '2020-01-04', '2020-01-04', 0, 0, 1, '2020-01-15 13:37:53', '2020-05-10 07:38:10', 0, ''),
	(169, 100000.00, 88, 'B', '2020-01-01', '2020-01-01', 0, 0, 1, '2020-01-15 13:38:24', '2020-05-10 07:38:10', 0, ''),
	(170, 85000.00, 66, 'R', '2019-12-31', '2019-12-31', 0, 0, 1, '2020-01-16 06:22:00', '2020-02-03 08:52:53', 0, 'AMT given to Jyothi '),
	(171, 15000.00, 42, 'R', '2019-12-31', '2019-12-31', 0, 0, 1, '2020-01-16 06:22:20', '2020-02-03 09:05:42', 0, 'AMT given to Jyothi '),
	(172, 15000.00, 89, 'B', '2020-01-10', '2020-01-10', 0, 0, 1, '2020-01-16 06:28:06', '2020-05-10 07:38:10', 0, ''),
	(173, 85000.00, 90, 'B', '2020-01-10', '2020-01-10', 0, 0, 1, '2020-01-16 06:28:31', '2020-05-10 07:38:10', 0, ''),
	(174, 100000.00, 91, 'B', '2020-01-12', '2020-01-12', 0, 0, 1, '2020-01-16 06:29:18', '2020-05-10 07:38:10', 0, ''),
	(175, 100000.00, 92, 'B', '2020-01-12', '2020-01-12', 0, 0, 1, '2020-01-16 06:29:52', '2020-05-10 07:38:10', 0, ''),
	(176, 6592.00, 16, 'I', '2020-01-16', '2020-01-16', 0, 0, 1, '2020-01-16 06:35:11', '2020-01-16 08:50:14', 0, 'Interest Credit'),
	(177, 1368.00, 17, 'I', '2020-01-16', '2020-01-16', 0, 0, 1, '2020-01-16 06:35:11', '2020-01-16 08:50:14', 0, 'Interest Credit'),
	(178, 18260.00, 18, 'I', '2019-11-30', '2019-11-30', 0, 0, 1, '2020-01-16 07:02:22', '2020-01-16 08:50:14', 0, 'Interest Credit'),
	(179, 4344.00, 37, 'I', '2020-01-16', '2020-01-16', 0, 0, 1, '2020-01-16 07:03:11', '2020-01-16 08:50:15', 0, 'Interest Credit'),
	(180, 2200.00, 31, 'I', '2020-01-16', '2020-01-16', 0, 0, 1, '2020-01-16 07:03:37', '2020-01-16 08:50:15', 0, 'Interest Credit'),
	(181, 4080.00, 20, 'I', '2020-01-16', '2020-01-16', 0, 0, 1, '2020-01-16 07:03:58', '2020-01-16 08:50:14', 0, 'Interest Credit'),
	(182, 2920.00, 19, 'I', '2020-01-16', '2020-01-16', 0, 0, 1, '2020-01-16 07:04:15', '2020-01-16 08:50:14', 0, 'Interest Credit'),
	(183, 4880.00, 53, 'I', '2020-01-16', '2020-01-16', 0, 0, 1, '2020-01-16 07:04:15', '2020-01-16 08:50:16', 0, 'Interest Credit'),
	(184, 11676.00, 25, 'I', '2020-01-16', '2020-01-16', 0, 0, 1, '2020-01-16 07:05:51', '2020-01-16 08:50:14', 0, 'Interest Credit'),
	(185, 4248.00, 28, 'I', '2020-01-16', '2020-01-16', 0, 0, 1, '2020-01-16 07:05:51', '2020-01-16 08:50:14', 0, 'Interest Credit'),
	(186, 4768.00, 30, 'I', '2020-01-16', '2020-01-16', 0, 0, 1, '2020-01-16 07:05:51', '2020-01-16 08:50:15', 0, 'Interest Credit'),
	(187, 3480.00, 32, 'I', '2020-01-16', '2020-01-16', 0, 0, 1, '2020-01-16 07:05:51', '2020-01-16 08:50:15', 0, 'Interest Credit'),
	(188, 5808.00, 33, 'I', '2020-01-16', '2020-01-16', 0, 0, 1, '2020-01-16 07:05:51', '2020-01-16 08:50:15', 0, 'Interest Credit'),
	(189, 4480.00, 36, 'I', '2020-01-16', '2020-01-16', 0, 0, 1, '2020-01-16 07:05:51', '2020-01-16 08:50:15', 0, 'Interest Credit'),
	(190, 6216.00, 21, 'I', '2020-01-16', '2020-01-16', 0, 0, 1, '2020-01-16 07:06:59', '2020-01-16 08:50:14', 0, 'Interest Credit'),
	(191, 31969.00, 22, 'I', '2020-01-16', '2020-01-16', 0, 0, 1, '2020-01-16 07:06:59', '2020-01-16 08:50:14', 0, 'Interest Credit'),
	(192, 27600.00, 26, 'I', '2020-01-16', '2020-01-16', 0, 0, 1, '2020-01-16 07:07:25', '2020-01-16 08:50:14', 0, 'Interest Credit'),
	(193, 2150.00, 39, 'I', '2020-01-16', '2020-01-16', 0, 0, 1, '2020-01-16 07:07:50', '2020-01-16 08:50:15', 0, 'Interest Credit'),
	(194, 4000.00, 69, 'I', '2020-01-16', '2020-01-16', 0, 0, 1, '2020-01-16 07:08:10', '2020-01-16 08:50:16', 0, 'Interest Credit'),
	(195, 36000.00, 50, 'I', '2020-01-16', '2020-01-16', 0, 0, 1, '2020-01-16 07:09:21', '2020-01-16 08:50:15', 0, 'Interest Credit'),
	(196, 3240.00, 60, 'I', '2020-01-16', '2020-01-16', 0, 0, 1, '2020-01-16 07:09:44', '2020-01-16 08:50:16', 0, 'Interest Credit'),
	(197, 680.00, 70, 'I', '2020-01-16', '2020-01-16', 0, 0, 1, '2020-01-16 07:09:44', '2020-01-16 08:50:16', 0, 'Interest Credit'),
	(198, 8143.00, 38, 'I', '2020-01-16', '2020-01-16', 0, 0, 1, '2020-01-16 07:10:15', '2020-01-16 08:50:15', 0, 'Interest Credit'),
	(207, 100000.00, 93, 'B', '2019-11-21', '2019-11-21', 0, 0, 1, '2020-01-16 07:46:34', '2020-05-10 07:38:10', 0, ''),
	(210, 100000.00, 93, 'R', '2019-12-30', '2019-12-30', 0, 0, 1, '2020-01-16 08:23:54', '2020-02-03 09:06:52', 0, 'Repaid'),
	(211, 3752.00, 46, 'I', '2020-01-16', '2020-01-16', 0, 0, 1, '2020-01-16 08:27:40', '2020-01-16 08:50:15', 0, 'Interest Credit'),
	(212, 9040.00, 47, 'I', '2020-01-16', '2020-01-16', 0, 0, 1, '2020-01-16 08:27:40', '2020-01-16 08:50:15', 0, 'Interest Credit'),
	(213, 695.00, 61, 'I', '2020-01-16', '2020-01-16', 0, 0, 1, '2020-01-16 08:27:40', '2020-01-16 08:50:16', 0, 'Interest Credit'),
	(214, 1224.00, 67, 'I', '2020-01-16', '2020-01-16', 0, 0, 1, '2020-01-16 08:27:41', '2020-01-16 08:50:16', 0, 'Interest Credit'),
	(215, 800.00, 93, 'I', '2020-01-16', '2020-01-16', 0, 0, 1, '2020-01-16 08:27:41', '2020-01-16 08:50:16', 0, 'Interest Credit'),
	(216, 1800.00, 40, 'I', '2020-01-16', '2020-01-16', 0, 0, 1, '2020-01-16 08:28:08', '2020-01-16 08:50:15', 0, 'Interest Credit'),
	(217, 3709.00, 35, 'I', '2020-01-16', '2020-01-16', 0, 0, 1, '2020-01-16 08:29:14', '2020-01-16 08:50:15', 0, 'Interest Credit'),
	(218, 7800.00, 42, 'I', '2020-01-16', '2020-01-16', 0, 0, 1, '2020-01-16 08:29:14', '2020-01-16 08:50:15', 0, 'Interest Credit'),
	(219, 3468.00, 66, 'I', '2020-01-16', '2020-01-16', 0, 0, 1, '2020-01-16 08:29:14', '2020-01-16 08:50:16', 0, 'Interest Credit'),
	(220, 4880.00, 48, 'I', '2020-01-16', '2020-01-16', 0, 0, 1, '2020-01-16 08:29:49', '2020-01-16 08:50:15', 0, 'Interest Credit'),
	(221, 3440.00, 58, 'I', '2020-01-16', '2020-01-16', 0, 0, 1, '2020-01-16 08:29:49', '2020-01-16 08:50:16', 0, 'Interest Credit'),
	(222, 3440.00, 59, 'I', '2020-01-16', '2020-01-16', 0, 0, 1, '2020-01-16 08:29:50', '2020-01-16 08:50:16', 0, 'Interest Credit'),
	(223, 5280.00, 45, 'I', '2020-01-16', '2020-01-16', 0, 0, 1, '2020-01-16 08:30:17', '2020-01-16 08:50:15', 0, 'Interest Credit'),
	(224, 4880.00, 51, 'I', '2020-01-16', '2020-01-16', 0, 0, 1, '2020-01-16 08:30:36', '2020-01-16 08:50:15', 0, 'Interest Credit'),
	(225, 728.00, 57, 'I', '2020-01-16', '2020-01-16', 0, 0, 1, '2020-01-16 08:30:53', '2020-01-16 08:50:16', 0, 'Interest Credit'),
	(226, 2272.00, 65, 'I', '2020-01-16', '2020-01-16', 0, 0, 1, '2020-01-16 08:30:53', '2020-01-16 08:50:16', 0, 'Interest Credit'),
	(227, 1264.00, 43, 'I', '2020-01-16', '2020-01-16', 0, 0, 1, '2020-01-16 08:31:19', '2020-01-16 08:50:15', 0, 'Interest Credit'),
	(228, 2440.00, 44, 'I', '2020-01-16', '2020-01-16', 0, 0, 1, '2020-01-16 08:31:19', '2020-01-16 08:50:15', 0, 'Interest Credit'),
	(229, 2816.00, 56, 'I', '2020-01-16', '2020-01-16', 0, 0, 1, '2020-01-16 08:31:19', '2020-01-16 08:50:16', 0, 'Interest Credit'),
	(230, 4880.00, 54, 'I', '2020-01-16', '2020-01-16', 0, 0, 1, '2020-01-16 08:31:36', '2020-01-16 08:50:16', 0, 'Interest Credit'),
	(231, 22320.00, 29, 'I', '2020-01-16', '2020-01-16', 0, 0, 1, '2020-01-16 08:32:03', '2020-01-16 08:50:15', 0, 'Interest Credit'),
	(232, 3288.00, 24, 'I', '2020-01-16', '2020-01-16', 0, 0, 1, '2020-01-16 08:32:35', '2020-01-16 08:50:14', 0, 'Interest Credit'),
	(233, 1952.00, 34, 'I', '2020-01-16', '2020-01-16', 0, 0, 1, '2020-01-16 08:32:35', '2020-01-16 08:50:15', 0, 'Interest Credit'),
	(234, 3184.00, 41, 'I', '2020-01-16', '2020-01-16', 0, 0, 1, '2020-01-16 08:32:35', '2020-01-16 08:50:15', 0, 'Interest Credit'),
	(235, 3800.00, 55, 'I', '2020-01-16', '2020-01-16', 0, 0, 1, '2020-01-16 08:32:35', '2020-01-16 08:50:16', 0, 'Interest Credit'),
	(236, 17160.00, 23, 'I', '2020-01-16', '2020-01-16', 0, 0, 1, '2020-01-16 08:32:53', '2020-01-16 08:50:14', 0, 'Interest Credit'),
	(237, 2040.00, 71, 'I', '2020-01-16', '2020-01-16', 0, 0, 1, '2020-01-16 08:33:21', '2020-01-16 08:50:16', 0, 'Interest Credit'),
	(238, 2440.00, 49, 'I', '2020-01-16', '2020-01-16', 0, 0, 1, '2020-01-16 08:33:45', '2020-01-16 08:50:15', 0, 'Interest Credit'),
	(239, 1184.00, 63, 'I', '2020-01-16', '2020-01-16', 0, 0, 1, '2020-01-16 08:33:45', '2020-01-16 08:50:16', 0, 'Interest Credit'),
	(240, 1184.00, 64, 'I', '2020-01-16', '2020-01-16', 0, 0, 1, '2020-01-16 08:33:45', '2020-01-16 08:50:16', 0, 'Interest Credit'),
	(241, 184.00, 68, 'I', '2020-01-16', '2020-01-16', 0, 0, 1, '2020-01-16 08:34:02', '2020-01-16 08:50:16', 0, 'Interest Credit'),
	(242, 124.00, 19, 'I', '2020-01-16', '2020-01-16', 0, 0, 1, '2020-01-16 10:15:10', '2020-01-16 12:58:22', 0, 'Interest Credit'),
	(243, 2480.00, 53, 'I', '2020-01-16', '2020-01-16', 0, 0, 1, '2020-01-16 10:15:10', '2020-01-16 12:58:24', 0, 'Interest Credit'),
	(244, 372.00, 21, 'I', '2020-01-16', '2020-01-16', 0, 0, 1, '2020-01-16 10:21:29', '2020-01-16 12:58:22', 0, 'Interest Credit'),
	(245, 4678.00, 22, 'I', '2020-01-16', '2020-01-16', 0, 0, 1, '2020-01-16 10:21:29', '2020-01-16 12:58:22', 0, 'Interest Credit'),
	(246, 1900.00, 18, 'I', '2019-12-31', '2019-12-31', 1, 0, 1, '2020-01-16 10:34:22', '2020-01-16 12:58:22', 0, 'Behalf of'),
	(247, 248.00, 24, 'I', '2020-01-16', '2020-01-16', 0, 0, 1, '2020-01-16 10:36:31', '2020-01-16 12:58:23', 0, 'Interest Credit'),
	(248, 248.00, 34, 'I', '2020-01-16', '2020-01-16', 0, 0, 1, '2020-01-16 10:36:31', '2020-01-16 12:58:23', 0, 'Interest Credit'),
	(249, 496.00, 41, 'I', '2020-01-16', '2020-01-16', 0, 0, 1, '2020-01-16 10:36:31', '2020-01-16 12:58:24', 0, 'Interest Credit'),
	(250, 1240.00, 55, 'I', '2020-01-16', '2020-01-16', 0, 0, 1, '2020-01-16 10:36:31', '2020-01-16 12:58:24', 0, 'Interest Credit'),
	(251, 248.00, 31, 'I', '2020-01-16', '2020-01-16', 0, 0, 1, '2020-01-16 10:37:54', '2020-01-16 12:58:23', 0, 'Interest Credit'),
	(252, 471.00, 35, 'I', '2020-01-16', '2020-01-16', 0, 0, 1, '2020-01-16 10:39:28', '2020-01-16 12:58:23', 0, 'Interest Credit'),
	(253, 1240.00, 42, 'I', '2020-01-16', '2020-01-16', 0, 0, 1, '2020-01-16 10:39:28', '2020-01-16 12:58:24', 0, 'Interest Credit'),
	(254, 2108.00, 66, 'I', '2020-01-16', '2020-01-16', 0, 0, 1, '2020-01-16 10:39:28', '2020-01-16 12:58:25', 0, 'Interest Credit'),
	(255, 648.00, 37, 'I', '2020-01-16', '2020-01-16', 0, 0, 1, '2020-01-16 10:40:13', '2020-01-16 12:58:24', 0, 'Interest Credit'),
	(256, 400.00, 40, 'I', '2020-01-16', '2020-01-16', 0, 0, 1, '2020-01-16 10:47:35', '2020-01-16 12:58:24', 0, 'Interest Credit'),
	(257, 248.00, 43, 'I', '2020-01-16', '2020-01-16', 0, 0, 1, '2020-01-16 10:48:45', '2020-01-16 12:58:24', 0, 'Interest Credit'),
	(258, 1240.00, 44, 'I', '2020-01-16', '2020-01-16', 0, 0, 1, '2020-01-16 10:48:45', '2020-01-16 12:58:24', 0, 'Interest Credit'),
	(259, 992.00, 56, 'I', '2020-01-16', '2020-01-16', 0, 0, 1, '2020-01-16 10:48:45', '2020-01-16 12:58:24', 0, 'Interest Credit'),
	(260, 248.00, 57, 'I', '2020-01-16', '2020-01-16', 0, 0, 1, '2020-01-16 10:53:35', '2020-01-16 12:58:24', 0, 'Interest Credit'),
	(261, 496.00, 65, 'I', '2020-01-16', '2020-01-16', 0, 0, 1, '2020-01-16 10:53:35', '2020-01-16 12:58:25', 0, 'Interest Credit'),
	(262, 2320.00, 48, 'I', '2020-01-16', '2020-01-16', 0, 0, 1, '2020-01-16 10:56:57', '2020-01-16 12:58:24', 0, 'Interest Credit'),
	(263, 1240.00, 58, 'I', '2020-01-16', '2020-01-16', 0, 0, 1, '2020-01-16 10:56:57', '2020-01-16 12:58:24', 0, 'Interest Credit'),
	(264, 1240.00, 59, 'I', '2020-01-16', '2020-01-16', 0, 0, 1, '2020-01-16 10:56:57', '2020-01-16 12:58:24', 0, 'Interest Credit'),
	(265, 1240.00, 45, 'I', '2020-01-16', '2020-01-16', 0, 0, 1, '2020-01-16 10:57:56', '2020-01-16 12:58:24', 0, 'Interest Credit'),
	(266, 848.00, 46, 'I', '2020-01-16', '2020-01-16', 0, 0, 1, '2020-01-16 11:06:17', '2020-01-16 12:58:24', 0, 'Interest Credit'),
	(267, 2400.00, 47, 'I', '2020-01-16', '2020-01-16', 0, 0, 1, '2020-01-16 11:06:17', '2020-01-16 12:58:24', 0, 'Interest Credit'),
	(268, 264.00, 61, 'I', '2020-01-16', '2020-01-16', 0, 0, 1, '2020-01-16 11:06:17', '2020-01-16 12:58:25', 0, 'Interest Credit'),
	(269, 832.00, 67, 'I', '2020-01-16', '2020-01-16', 0, 0, 1, '2020-01-16 11:06:17', '2020-01-16 12:58:25', 0, 'Interest Credit'),
	(270, 960.00, 76, 'I', '2020-01-16', '2020-01-16', 0, 0, 1, '2020-01-16 11:06:17', '2020-01-16 12:58:25', 0, 'Interest Credit'),
	(271, 2400.00, 93, 'I', '2020-01-16', '2020-01-16', 0, 0, 1, '2020-01-16 11:06:17', '2020-01-16 12:58:25', 0, 'Interest Credit'),
	(272, 620.00, 49, 'I', '2020-01-16', '2020-01-16', 0, 0, 1, '2020-01-16 11:08:18', '2020-01-16 12:58:24', 0, 'Interest Credit'),
	(273, 496.00, 63, 'I', '2020-01-16', '2020-01-16', 0, 0, 1, '2020-01-16 11:08:18', '2020-01-16 12:58:25', 0, 'Interest Credit'),
	(274, 484.00, 64, 'I', '2020-01-16', '2020-01-16', 0, 0, 1, '2020-01-16 11:08:18', '2020-01-16 12:58:25', 0, 'Interest Credit'),
	(275, 1240.00, 60, 'I', '2020-01-16', '2020-01-16', 0, 0, 1, '2020-01-16 11:09:23', '2020-01-16 12:58:24', 0, 'Interest Credit'),
	(276, 1240.00, 70, 'I', '2020-01-16', '2020-01-16', 0, 0, 1, '2020-01-16 11:09:23', '2020-01-16 12:58:25', 0, 'Interest Credit'),
	(277, 2400.00, 51, 'I', '2020-01-16', '2020-01-16', 0, 0, 1, '2020-01-16 11:37:22', '2020-01-16 12:58:24', 0, 'Interest Credit'),
	(278, 80.00, 52, 'I', '2020-01-16', '2020-01-16', 0, 0, 1, '2020-01-16 11:37:22', '2020-01-16 12:58:24', 0, 'Interest Credit'),
	(279, 144.00, 82, 'I', '2020-01-16', '2020-01-16', 0, 0, 1, '2020-01-16 11:38:10', '2020-01-16 12:58:25', 0, 'Interest Credit'),
	(280, 7.00, 22, 'E', '2020-01-16', NULL, 0, 0, 1, '2020-01-16 12:58:21', '2020-07-12 18:58:53', 0, 'Excess on settlement Jan-2020'),
	(281, 468.00, 72, 'I', '2020-01-16', '2020-01-16', 1, 0, 1, '2020-01-16 18:27:37', '2020-01-16 18:29:34', 0, '468 vijay interest already wrongly sent to innomac.'),
	(282, 248.00, 68, 'I', '2020-01-06', '2020-01-06', 0, 0, 1, '2020-01-16 18:28:56', '2020-01-16 18:29:33', 0, 'Interest paid'),
	(283, 744.00, 74, 'I', '2020-01-06', '2020-01-06', 0, 0, 1, '2020-01-16 18:28:56', '2020-01-16 18:29:34', 0, 'Interest paid'),
	(284, 908.00, 77, 'I', '2020-01-06', '2020-01-06', 0, 0, 1, '2020-01-16 18:28:56', '2020-01-16 18:29:34', 0, 'Interest paid'),
	(285, 28.00, 77, 'E', '2020-01-16', NULL, 0, 0, 1, '2020-01-16 18:29:33', '2020-07-12 18:58:53', 0, 'Excess on settlement Jan-2020'),
	(286, 1000.00, 18, 'I', '2020-01-20', '2020-01-20', 0, 0, 1, '2020-02-01 07:54:40', '2020-02-17 06:21:41', 0, 'Interest paid'),
	(287, 2480.00, 54, 'I', '2020-01-30', '2020-01-30', 0, 0, 1, '2020-02-01 10:38:45', '2020-02-17 06:21:42', 0, 'Interest paid'),
	(288, 520.00, 72, 'I', '2020-02-01', '2020-02-01', 0, 0, 1, '2020-02-01 10:41:46', '2020-02-17 06:21:42', 0, 'Interest Credit'),
	(289, 248.00, 46, 'I', '2020-02-01', '2020-02-01', 0, 0, 1, '2020-02-01 10:46:15', '2020-02-17 06:21:42', 0, 'Interest Credit'),
	(290, 496.00, 67, 'I', '2020-02-01', '2020-02-01', 0, 0, 1, '2020-02-01 10:46:15', '2020-02-17 06:21:42', 0, 'Interest Credit'),
	(291, 248.00, 57, 'I', '2020-02-01', '2020-02-01', 0, 0, 1, '2020-02-01 10:46:57', '2020-02-17 06:21:42', 0, 'Interest Credit'),
	(292, 496.00, 65, 'I', '2020-02-01', '2020-02-01', 0, 0, 1, '2020-02-01 10:46:57', '2020-02-17 06:21:42', 0, 'Interest Credit'),
	(293, 248.00, 82, 'I', '2020-02-01', '2020-02-01', 0, 0, 1, '2020-02-01 10:48:10', '2020-02-17 06:21:43', 0, 'Interest paid'),
	(294, 1240.00, 16, 'I', '2020-02-01', '2020-02-01', 0, 0, 1, '2020-02-01 11:30:03', '2020-02-17 06:21:41', 0, 'Interest Credit'),
	(295, 50000.00, 94, 'B', '2020-01-23', '2020-01-23', 0, 0, 1, '2020-02-02 15:22:53', '2020-05-10 07:38:10', 0, ''),
	(296, 50000.00, 95, 'B', '2020-01-23', '2020-01-23', 0, 0, 1, '2020-02-02 15:23:58', '2020-05-10 07:38:10', 0, ''),
	(297, 100000.00, 96, 'B', '2020-01-25', '2020-01-25', 0, 0, 1, '2020-02-02 15:25:52', '2020-05-10 07:38:10', 0, ''),
	(298, 45000.00, 97, 'B', '2020-01-25', '2020-01-25', 0, 0, 1, '2020-02-02 15:26:29', '2020-05-10 07:38:10', 0, ''),
	(299, 45000.00, 98, 'B', '2019-01-25', '2019-01-25', 0, 0, 1, '2020-02-04 08:18:50', '2020-05-10 07:38:10', 0, ''),
	(300, 32000.00, 99, 'B', '2020-01-25', '2020-01-25', 0, 0, 1, '2020-02-04 08:43:16', '2020-05-10 07:38:10', 0, ''),
	(301, 30000.00, 100, 'B', '2020-01-14', '2020-01-14', 0, 0, 1, '2020-02-04 09:04:05', '2020-05-10 07:38:10', 0, ''),
	(302, 50000.00, 101, 'B', '2020-01-20', '2020-01-20', 0, 0, 1, '2020-02-04 09:06:16', '2020-05-10 07:38:10', 0, ''),
	(303, 30000.00, 80, 'R', '2020-01-23', '2020-01-23', 0, 0, 1, '2020-02-04 09:23:32', '2020-02-04 09:43:41', 0, 'Loan transfer from Raam'),
	(304, 90000.00, 53, 'R', '2020-01-31', '2020-01-31', 0, 0, 1, '2020-02-04 09:30:53', '2020-02-04 09:44:11', 0, 'Repaid'),
	(305, 20000.00, 102, 'B', '2020-02-02', '2020-02-02', 0, 0, 1, '2020-02-04 09:35:23', '2020-05-10 07:38:10', 0, ''),
	(306, 100000.00, 96, 'R', '2020-01-31', '2020-01-31', 0, 0, 1, '2020-02-04 09:38:16', '2020-02-04 09:43:44', 0, 'Repaid'),
	(307, 696.00, 86, 'I', '2020-02-07', '2020-02-07', 0, 0, 1, '2020-02-07 07:34:20', '2020-02-17 06:21:43', 0, 'Interest Credit'),
	(308, 264.00, 89, 'I', '2020-02-07', '2020-02-07', 0, 0, 1, '2020-02-07 07:34:20', '2020-02-17 06:21:43', 0, 'Interest Credit'),
	(309, 1496.00, 90, 'I', '2020-02-07', '2020-02-07', 0, 0, 1, '2020-02-07 07:34:20', '2020-02-17 06:21:43', 0, 'Interest Credit'),
	(310, 471.00, 35, 'I', '2020-02-07', '2020-02-07', 0, 0, 1, '2020-02-07 07:35:30', '2020-02-17 06:21:41', 0, 'Interest Credit'),
	(311, 868.00, 42, 'I', '2020-02-07', '2020-02-07', 0, 0, 1, '2020-02-07 07:35:30', '2020-02-17 06:21:42', 0, 'Interest Credit'),
	(312, 2480.00, 52, 'I', '2020-02-07', '2020-02-07', 0, 0, 1, '2020-02-07 07:36:07', '2020-02-17 06:21:42', 0, 'Interest paid'),
	(313, 2640.00, 48, 'I', '2020-02-07', '2020-02-07', 0, 0, 1, '2020-02-07 07:47:12', '2020-02-17 06:21:42', 0, 'Interest Credit'),
	(314, 1240.00, 58, 'I', '2020-02-07', '2020-02-07', 0, 0, 1, '2020-02-07 07:47:12', '2020-02-17 06:21:42', 0, 'Interest Credit'),
	(315, 1240.00, 59, 'I', '2020-02-07', '2020-02-07', 0, 0, 1, '2020-02-07 07:47:12', '2020-02-17 06:21:42', 0, 'Interest Credit'),
	(316, 448.00, 87, 'I', '2020-02-07', '2020-02-07', 0, 0, 1, '2020-02-07 07:47:12', '2020-02-17 06:21:43', 0, 'Interest Credit'),
	(317, 248.00, 43, 'I', '2020-02-07', '2020-02-07', 0, 0, 1, '2020-02-07 07:48:32', '2020-02-17 06:21:42', 0, 'Interest Credit'),
	(318, 1240.00, 44, 'I', '2020-02-07', '2020-02-07', 0, 0, 1, '2020-02-07 07:48:33', '2020-02-17 06:21:42', 0, 'Interest Credit'),
	(319, 992.00, 56, 'I', '2020-02-07', '2020-02-07', 0, 0, 1, '2020-02-07 07:48:33', '2020-02-17 06:21:42', 0, 'Interest Credit'),
	(320, 372.00, 21, 'I', '2020-02-07', '2020-02-07', 0, 0, 1, '2020-02-07 07:49:22', '2020-02-17 06:21:41', 0, 'Interest Credit'),
	(321, 2062.00, 22, 'I', '2020-02-07', '2020-02-07', 0, 0, 1, '2020-02-07 07:49:22', '2020-02-17 06:21:41', 0, 'Interest Credit'),
	(322, 566.00, 22, 'R', '2020-01-31', '2020-02-04', 0, 0, 1, '2020-02-07 07:52:06', '2020-02-17 10:01:05', 0, 'Principle part payment along with interest'),
	(323, 30000.00, 86, 'R', '2020-01-31', '2020-02-06', 0, 0, 1, '2020-02-07 08:01:24', '2020-02-17 10:01:02', 0, 'Repaid'),
	(324, 1736.00, 25, 'I', '2020-02-10', '2020-02-10', 0, 0, 1, '2020-02-10 16:48:52', '2020-02-17 06:21:41', 0, 'Interest Credit'),
	(325, 744.00, 28, 'I', '2020-02-10', '2020-02-10', 0, 0, 1, '2020-02-10 16:48:52', '2020-02-17 06:21:41', 0, 'Interest Credit'),
	(326, 992.00, 30, 'I', '2020-02-10', '2020-02-10', 0, 0, 1, '2020-02-10 16:48:52', '2020-02-17 06:21:41', 0, 'Interest Credit'),
	(327, 416.00, 32, 'I', '2020-02-10', '2020-02-10', 0, 0, 1, '2020-02-10 16:48:52', '2020-02-17 06:21:41', 0, 'Interest Credit'),
	(328, 192.00, 33, 'I', '2020-02-10', '2020-02-10', 0, 0, 1, '2020-02-10 16:48:52', '2020-02-17 06:21:41', 0, 'Interest Credit'),
	(329, 1240.00, 36, 'I', '2020-02-10', '2020-02-10', 0, 0, 1, '2020-02-10 16:48:52', '2020-02-17 06:21:41', 0, 'Interest Credit'),
	(330, 1008.00, 73, 'I', '2020-02-10', '2020-02-10', 0, 0, 1, '2020-02-10 16:48:52', '2020-02-17 06:21:43', 0, 'Interest Credit'),
	(331, 1000.00, 18, 'I', '2020-02-13', '2020-02-13', 0, 0, 1, '2020-02-17 05:11:14', '2020-02-17 06:21:41', 0, 'Interest paid'),
	(332, 124.00, 19, 'I', '2020-02-17', '2020-02-17', 0, 0, 1, '2020-02-17 05:11:35', '2020-02-17 06:21:41', 0, 'Interest Credit'),
	(333, 2480.00, 53, 'I', '2020-02-17', '2020-02-17', 0, 0, 1, '2020-02-17 05:11:35', '2020-02-17 06:21:42', 0, 'Interest Credit'),
	(334, 10000.00, 24, 'R', '2020-01-31', '2020-01-31', 0, 0, 1, '2020-02-17 05:14:41', '2020-02-17 10:01:10', 0, 'Bared her company chit amount.'),
	(335, 248.00, 24, 'I', '2020-02-17', '2020-02-17', 0, 0, 1, '2020-02-17 05:15:53', '2020-02-17 06:21:41', 0, 'Interest Credit'),
	(336, 248.00, 34, 'I', '2020-02-17', '2020-02-17', 0, 0, 1, '2020-02-17 05:15:53', '2020-02-17 06:21:41', 0, 'Interest Credit'),
	(337, 496.00, 41, 'I', '2020-02-17', '2020-02-17', 0, 0, 1, '2020-02-17 05:15:53', '2020-02-17 06:21:42', 0, 'Interest Credit'),
	(338, 1240.00, 55, 'I', '2020-02-17', '2020-02-17', 0, 0, 1, '2020-02-17 05:15:53', '2020-02-17 06:21:42', 0, 'Interest Credit'),
	(339, 2268.00, 88, 'I', '2020-02-17', '2020-02-17', 0, 0, 1, '2020-02-17 05:15:53', '2020-02-17 06:21:43', 0, 'Interest Credit'),
	(340, 1240.00, 45, 'I', '2020-02-17', '2020-02-17', 0, 0, 1, '2020-02-17 05:17:55', '2020-02-17 06:21:42', 0, 'Interest Credit'),
	(341, 179.00, 99, 'I', '2020-02-17', '2020-02-17', 0, 0, 1, '2020-02-17 05:19:52', '2020-02-17 06:21:43', 0, 'Interest Credit'),
	(342, 480.00, 101, 'I', '2020-02-17', '2020-02-17', 0, 0, 1, '2020-02-17 05:19:52', '2020-02-17 06:21:43', 0, 'Interest Credit'),
	(343, 620.00, 49, 'I', '2020-02-17', '2020-02-17', 0, 0, 1, '2020-02-17 05:20:59', '2020-02-17 06:21:42', 0, 'Interest Credit'),
	(344, 496.00, 63, 'I', '2020-02-17', '2020-02-17', 0, 0, 1, '2020-02-17 05:20:59', '2020-02-17 06:21:42', 0, 'Interest Credit'),
	(345, 508.00, 64, 'I', '2020-02-17', '2020-02-17', 0, 0, 1, '2020-02-17 05:20:59', '2020-02-17 06:21:42', 0, 'Interest Credit'),
	(346, 2480.00, 54, 'I', '2020-02-17', '2020-02-17', 0, 0, 1, '2020-02-17 05:21:16', '2020-02-17 06:21:42', 0, 'Interest Credit'),
	(347, 6000.00, 69, 'I', '2020-02-17', '2020-02-17', 0, 0, 1, '2020-02-17 05:23:58', '2020-02-17 06:21:42', 0, 'Interest Credit'),
	(348, 248.00, 68, 'I', '2020-02-17', '2020-02-17', 0, 0, 1, '2020-02-17 05:24:45', '2020-02-17 06:21:42', 0, 'Interest Credit'),
	(349, 744.00, 74, 'I', '2020-02-17', '2020-02-17', 0, 0, 1, '2020-02-17 05:24:46', '2020-02-17 06:21:43', 0, 'Interest Credit'),
	(350, 1008.00, 77, 'I', '2020-02-17', '2020-02-17', 0, 0, 1, '2020-02-17 05:24:46', '2020-02-17 06:21:43', 0, 'Interest Credit'),
	(351, 280.00, 85, 'I', '2020-02-17', '2020-02-17', 0, 0, 1, '2020-02-17 05:26:25', '2020-02-17 06:21:43', 0, 'Interest Credit'),
	(352, 432.00, 100, 'I', '2020-02-17', '2020-02-17', 0, 0, 1, '2020-02-17 05:26:36', '2020-02-17 06:21:43', 0, 'Interest Credit'),
	(353, 560.00, 96, 'I', '2020-02-17', '2020-02-17', 0, 0, 1, '2020-02-17 05:26:55', '2020-02-17 06:21:43', 0, 'Interest Credit'),
	(354, 1600.00, 91, 'I', '2020-02-17', '2020-02-17', 0, 0, 1, '2020-02-17 05:27:10', '2020-02-17 06:21:43', 0, 'Interest Credit'),
	(355, 1600.00, 92, 'I', '2020-02-17', '2020-02-17', 0, 0, 1, '2020-02-17 05:27:10', '2020-02-17 06:21:43', 0, 'Interest Credit'),
	(356, 210.00, 98, 'I', '2020-02-17', '2020-02-17', 1, 0, 1, '2020-02-17 06:05:53', '2020-02-17 06:21:43', 0, 'Raam Interest'),
	(357, 300.00, 94, 'I', '2020-02-17', '2020-02-17', 0, 0, 1, '2020-02-17 06:06:29', '2020-02-17 06:21:43', 0, 'Interest Credit'),
	(358, 70000.00, 103, 'B', '2020-02-09', '2020-02-09', 0, 0, 1, '2020-02-17 06:49:54', '2020-05-10 07:38:10', 0, ''),
	(359, 10000.00, 104, 'B', '2020-02-09', '2020-02-09', 0, 0, 1, '2020-02-17 06:50:53', '2020-05-10 07:38:10', 0, ''),
	(360, 43500.00, 79, 'R', '2020-01-23', '2020-01-23', 0, 0, 1, '2020-02-17 09:41:34', '2020-02-17 10:00:59', 0, 'Given to MHS'),
	(361, 6500.00, 78, 'R', '2020-01-23', '2020-01-23', 0, 0, 1, '2020-02-17 09:42:15', '2020-02-17 10:01:08', 0, 'Given to MHS'),
	(362, 1240.00, 83, 'I', '2020-02-17', '2020-02-17', 1, 0, 1, '2020-02-17 09:47:50', '2020-02-17 09:48:09', 0, 'Behalf of MHS'),
	(363, 25000.00, 105, 'B', '2020-02-12', '2020-02-12', 0, 0, 1, '2020-02-17 10:12:00', '2020-05-10 07:38:10', 0, ''),
	(364, 15000.00, 106, 'B', '2020-02-21', '2020-02-21', 0, 0, 1, '2020-03-01 10:14:45', '2020-05-10 07:38:10', 0, ''),
	(365, 50000.00, 101, 'R', '2020-02-21', '2020-02-21', 0, 0, 1, '2020-03-01 11:48:44', '2020-03-17 05:48:01', 0, 'Repaid'),
	(366, 20000.00, 67, 'R', '2020-02-21', '2020-02-21', 0, 0, 1, '2020-03-01 11:49:47', '2020-05-01 08:25:34', 0, 'Repaid'),
	(367, 10000.00, 46, 'R', '2020-02-21', '2020-02-21', 0, 0, 1, '2020-03-01 11:50:50', '2020-03-17 05:48:03', 0, 'Repaid'),
	(368, 20000.00, 99, 'R', '2020-02-21', '2020-02-21', 0, 0, 1, '2020-03-01 11:51:29', '2020-03-17 05:48:04', 0, 'Repaid'),
	(369, 248.00, 31, 'I', '2020-03-01', '2020-03-01', 0, 0, 1, '2020-03-01 19:29:16', '2020-03-01 19:32:57', 0, 'Interest Credit'),
	(370, 700.00, 40, 'I', '2020-02-18', '2020-02-18', 0, 0, 1, '2020-03-01 22:03:51', '2020-03-18 07:45:40', 0, 'Interest paid'),
	(371, 1240.00, 60, 'I', '2020-03-01', '2020-03-01', 0, 0, 1, '2020-03-01 22:05:40', '2020-03-18 07:45:41', 0, 'Interest Credit'),
	(372, 1240.00, 70, 'I', '2020-03-01', '2020-03-01', 0, 0, 1, '2020-03-01 22:05:40', '2020-03-18 07:45:41', 0, 'Interest Credit'),
	(373, 370.00, 72, 'I', '2020-02-17', '2020-02-17', 0, 0, 1, '2020-03-01 22:06:54', '2020-03-18 07:45:41', 0, 'Repaid'),
	(374, 50000.00, 107, 'B', '2020-02-28', '2020-02-28', 0, 0, 1, '2020-03-01 22:08:56', '2020-05-10 07:38:10', 0, ''),
	(375, 20000.00, 108, 'B', '2020-02-29', '2020-02-29', 0, 0, 1, '2020-03-01 22:15:58', '2020-05-10 07:38:10', 0, ''),
	(376, 5000.00, 109, 'B', '2020-02-29', '2020-02-29', 0, 0, 1, '2020-03-01 22:16:26', '2020-05-10 07:38:10', 0, ''),
	(377, 441.00, 35, 'I', '2020-03-01', '2020-03-01', 0, 0, 1, '2020-03-01 22:28:44', '2020-03-18 07:45:40', 0, 'Interest Credit'),
	(378, 812.00, 42, 'I', '2020-03-01', '2020-03-01', 0, 0, 1, '2020-03-01 22:28:44', '2020-03-18 07:45:40', 0, 'Interest Credit'),
	(379, 65000.00, 110, 'B', '2020-03-07', '2020-03-07', 0, 0, 1, '2020-03-17 05:55:25', '2020-05-10 07:38:10', 0, ''),
	(380, 30000.00, 111, 'B', '2020-03-07', '2020-03-07', 0, 0, 1, '2020-03-17 05:58:44', '2020-05-10 07:38:10', 0, ''),
	(381, 30000.00, 112, 'B', '2020-03-11', '2020-03-11', 0, 0, 1, '2020-03-17 06:02:56', '2020-05-10 07:38:10', 0, ''),
	(382, 5000.00, 113, 'B', '2020-03-07', '2020-03-07', 0, 0, 1, '2020-03-17 06:03:41', '2020-05-10 07:38:10', 0, ''),
	(383, 50000.00, 95, 'R', '2020-03-10', '2020-03-10', 0, 0, 1, '2020-03-17 06:13:37', '2020-05-01 08:20:47', 0, 'Repaid'),
	(384, 50000.00, 114, 'B', '2020-03-13', '2020-03-13', 0, 0, 1, '2020-03-17 06:21:01', '2020-05-10 07:38:10', 0, ''),
	(385, 716.00, 18, 'I', '2020-03-07', '2020-03-07', 0, 0, 1, '2020-03-17 07:39:49', '2020-03-18 07:45:40', 0, '716'),
	(386, 116.00, 19, 'I', '2020-03-16', '2020-03-16', 0, 0, 1, '2020-03-17 07:40:42', '2020-03-18 07:45:40', 0, 'Interest paid. Rs. 708'),
	(387, 232.00, 53, 'I', '2020-03-16', '2020-03-16', 0, 0, 1, '2020-03-17 07:40:42', '2020-03-18 07:45:40', 0, 'Interest paid. Rs. 708'),
	(388, 360.00, 105, 'I', '2020-03-16', '2020-03-16', 0, 0, 1, '2020-03-17 07:40:42', '2020-03-18 07:45:42', 0, 'Interest paid. Rs. 708'),
	(389, 348.00, 21, 'I', '2020-03-03', '2020-03-03', 0, 0, 1, '2020-03-17 07:42:59', '2020-03-18 07:45:40', 0, 'Interest paid'),
	(390, 1952.00, 22, 'I', '2020-03-03', '2020-03-03', 0, 0, 1, '2020-03-17 07:42:59', '2020-03-18 07:45:40', 0, 'Interest paid'),
	(391, 340.00, 72, 'I', '2020-03-11', '2020-03-11', 0, 0, 1, '2020-03-17 07:46:40', '2020-03-18 07:45:41', 0, 'Interest paid'),
	(392, 232.00, 43, 'I', '2020-03-17', '2020-03-17', 0, 0, 1, '2020-03-17 07:52:37', '2020-03-18 07:45:40', 0, 'Interest Credit'),
	(393, 1160.00, 44, 'I', '2020-03-17', '2020-03-17', 0, 0, 1, '2020-03-17 07:52:37', '2020-03-18 07:45:40', 0, 'Interest Credit'),
	(394, 928.00, 56, 'I', '2020-03-17', '2020-03-17', 0, 0, 1, '2020-03-17 07:52:37', '2020-03-18 07:45:41', 0, 'Interest Credit'),
	(395, 3600.00, 45, 'I', '2020-03-17', '2020-03-17', 0, 0, 1, '2020-03-17 07:53:43', '2020-03-18 07:45:40', 0, 'Interest Credit'),
	(396, 12000.00, 99, 'R', '2020-02-29', '2020-03-02', 0, 0, 1, '2020-03-17 07:59:43', '2020-05-01 08:27:32', 0, 'Repaid Rs. 13959. 12k plus 1959 interest'),
	(397, 168.00, 46, 'I', '2020-03-02', '2020-03-02', 0, 0, 1, '2020-03-17 08:00:52', '2020-03-18 07:45:40', 0, 'Interest paid'),
	(398, 336.00, 67, 'I', '2020-03-02', '2020-03-02', 0, 0, 1, '2020-03-17 08:00:52', '2020-03-18 07:45:41', 0, 'Interest paid'),
	(399, 615.00, 99, 'I', '2020-03-02', '2020-03-02', 0, 0, 1, '2020-03-17 08:00:53', '2020-03-18 07:45:42', 0, 'Interest paid'),
	(400, 840.00, 101, 'I', '2020-03-02', '2020-03-02', 0, 0, 1, '2020-03-17 08:00:53', '2020-03-18 07:45:42', 0, 'Interest paid'),
	(401, 2320.00, 52, 'I', '2020-03-17', '2020-03-17', 0, 0, 1, '2020-03-17 08:03:33', '2020-03-18 07:45:40', 0, 'Interest paid'),
	(402, 232.00, 34, 'I', '2020-03-17', '2020-03-17', 0, 0, 1, '2020-03-17 08:06:43', '2020-03-18 07:45:40', 0, 'chit amount 6600 '),
	(403, 464.00, 41, 'I', '2020-03-17', '2020-03-17', 0, 0, 1, '2020-03-17 08:06:43', '2020-03-18 07:45:40', 0, 'chit amount 6600 '),
	(404, 1160.00, 55, 'I', '2020-03-17', '2020-03-17', 0, 0, 1, '2020-03-17 08:06:43', '2020-03-18 07:45:40', 0, 'chit amount 6600 '),
	(405, 2532.00, 88, 'I', '2020-03-17', '2020-03-17', 0, 0, 1, '2020-03-17 08:06:43', '2020-03-18 07:45:41', 0, 'chit amount 6600 '),
	(406, 580.00, 49, 'I', '2020-03-03', '2020-03-03', 0, 0, 1, '2020-03-17 08:07:24', '2020-03-18 07:45:40', 0, 'Interest paid'),
	(407, 464.00, 63, 'I', '2020-03-03', '2020-03-03', 0, 0, 1, '2020-03-17 08:07:25', '2020-03-18 07:45:41', 0, 'Interest paid'),
	(408, 464.00, 64, 'I', '2020-03-03', '2020-03-03', 0, 0, 1, '2020-03-17 08:07:25', '2020-03-18 07:45:41', 0, 'Interest paid'),
	(409, 232.00, 57, 'I', '2020-03-17', '2020-03-17', 0, 0, 1, '2020-03-17 08:08:15', '2020-03-18 07:45:41', 0, 'Interest paid'),
	(410, 464.00, 65, 'I', '2020-03-17', '2020-03-17', 0, 0, 1, '2020-03-17 08:08:15', '2020-03-18 07:45:41', 0, 'Interest paid'),
	(411, 232.00, 82, 'I', '2020-03-04', '2020-03-04', 0, 0, 1, '2020-03-17 08:10:16', '2020-03-18 07:45:41', 0, 'Interest paid'),
	(412, 250.00, 85, 'I', '2020-03-03', '2020-03-03', 0, 0, 1, '2020-03-17 08:13:13', '2020-03-18 07:45:41', 0, 'On hand'),
	(413, 348.00, 89, 'I', '2020-03-01', '2020-03-01', 0, 0, 1, '2020-03-17 08:13:41', '2020-03-18 07:45:41', 0, 'Interest paid'),
	(414, 1972.00, 90, 'I', '2020-03-01', '2020-03-01', 0, 0, 1, '2020-03-17 08:13:41', '2020-03-18 07:45:42', 0, 'Interest paid'),
	(415, 80.00, 107, 'I', '2020-03-01', '2020-03-01', 0, 0, 1, '2020-03-17 08:13:41', '2020-03-18 07:45:42', 0, 'Interest paid'),
	(416, 2320.00, 91, 'I', '2020-03-03', '2020-03-03', 0, 0, 1, '2020-03-17 08:14:11', '2020-03-18 07:45:42', 0, 'On hand'),
	(417, 2320.00, 92, 'I', '2020-03-03', '2020-03-03', 0, 0, 1, '2020-03-17 08:14:11', '2020-03-18 07:45:42', 0, 'On hand'),
	(418, 373.00, 102, 'I', '2020-03-02', '2020-03-02', 0, 0, 1, '2020-03-17 08:14:37', '2020-03-18 07:45:42', 0, 'Interest paid'),
	(419, 696.00, 100, 'I', '2020-03-17', '2020-03-17', 0, 0, 1, '2020-03-17 08:15:29', '2020-03-18 07:45:42', 0, 'Total 5596. 5k principal. 100 kaimathu.'),
	(420, 5000.00, 100, 'R', '2020-03-09', '2020-03-09', 0, 0, 1, '2020-03-17 08:16:32', '2020-05-01 08:27:23', 0, 'Part payment. paid 5596 with interest'),
	(421, 10000.00, 115, 'B', '2020-03-07', '2020-03-07', 0, 0, 1, '2020-03-18 07:12:44', '2020-05-10 07:38:10', 0, ''),
	(422, 232.00, 68, 'I', '2020-03-18', '2020-03-18', 0, 0, 1, '2020-03-18 07:18:16', '2020-03-18 07:45:41', 0, 'Interest Credit'),
	(423, 696.00, 74, 'I', '2020-03-18', '2020-03-18', 0, 0, 1, '2020-03-18 07:18:16', '2020-03-18 07:45:41', 0, 'Interest Credit'),
	(424, 1072.00, 77, 'I', '2020-03-18', '2020-03-18', 0, 0, 1, '2020-03-18 07:18:16', '2020-03-18 07:45:41', 0, 'Interest Credit'),
	(425, 2320.00, 48, 'I', '2020-03-18', '2020-03-18', 0, 0, 1, '2020-03-18 07:18:56', '2020-03-18 07:45:40', 0, 'Interest Credit'),
	(426, 1160.00, 58, 'I', '2020-03-18', '2020-03-18', 0, 0, 1, '2020-03-18 07:18:56', '2020-03-18 07:45:41', 0, 'Interest Credit'),
	(427, 1160.00, 59, 'I', '2020-03-18', '2020-03-18', 0, 0, 1, '2020-03-18 07:18:56', '2020-03-18 07:45:41', 0, 'Interest Credit'),
	(428, 464.00, 87, 'I', '2020-03-18', '2020-03-18', 0, 0, 1, '2020-03-18 07:18:56', '2020-03-18 07:45:41', 0, 'Interest Credit'),
	(429, 870.00, 98, 'I', '2020-03-18', '2020-03-18', 1, 0, 1, '2020-03-18 07:26:58', '2020-03-18 07:45:42', 0, 'Behalf'),
	(430, 980.00, 103, 'I', '2020-03-18', '2020-03-18', 1, 0, 1, '2020-03-18 07:27:29', '2020-03-18 07:45:42', 0, 'Behalf'),
	(431, 967.00, 94, 'I', '2020-03-18', '2020-03-18', 1, 0, 1, '2020-03-18 07:27:59', '2020-03-18 07:45:42', 0, 'Behalf'),
	(432, 760.00, 83, 'I', '2020-03-18', '2020-03-18', 1, 0, 1, '2020-03-18 07:29:32', '2020-03-18 07:45:41', 0, 'Behalf'),
	(433, 18.00, 85, 'E', '2020-03-18', NULL, 0, 0, 1, '2020-03-18 07:45:38', '2020-07-12 18:58:53', 0, 'Excess on settlement Mar-2020'),
	(434, 23.00, 22, 'E', '2020-03-18', NULL, 0, 0, 1, '2020-03-18 07:45:38', '2020-07-12 18:58:53', 0, 'Excess on settlement Mar-2020'),
	(435, 2440.00, 45, 'E', '2020-03-18', NULL, 0, 0, 1, '2020-03-18 07:45:38', '2020-07-12 18:58:53', 0, 'Excess on settlement Mar-2020'),
	(436, 30000.00, 116, 'B', '2020-03-18', '2020-03-18', 0, 0, 1, '2020-03-18 08:13:48', '2020-05-10 07:38:10', 0, ''),
	(437, 232.00, 31, 'I', '2020-04-01', '2020-04-01', 0, 0, 1, '2020-04-01 09:03:15', '2020-05-11 06:49:34', 0, 'Interest Credit'),
	(438, 1160.00, 60, 'I', '2020-03-18', '2020-03-18', 0, 0, 1, '2020-04-01 09:05:54', '2020-05-11 06:49:35', 0, 'Paid 2000'),
	(439, 840.00, 70, 'I', '2020-03-18', '2020-03-18', 0, 0, 1, '2020-04-01 09:05:54', '2020-05-11 06:49:35', 0, 'Paid 2000'),
	(440, 1000.00, 62, 'I', '2020-04-01', '2020-03-19', 0, 0, 1, '2020-04-01 09:06:22', '2020-05-11 06:49:35', 0, 'Interest Credit'),
	(441, 20000.00, 117, 'B', '2020-03-19', '2020-03-19', 0, 0, 1, '2020-04-01 09:20:20', '2020-05-10 07:38:10', 0, ''),
	(442, 20000.00, 117, 'R', '2020-03-31', '2020-03-31', 0, 0, 1, '2020-04-01 09:20:43', '2020-05-01 08:17:23', 0, 'Repaid'),
	(443, 100000.00, 118, 'B', '2020-04-20', '2020-04-20', 0, 0, 1, '2020-04-01 09:22:08', '2020-05-10 07:38:10', 0, ''),
	(444, 10000.00, 119, 'B', '2020-03-21', '2020-03-21', 0, 0, 1, '2020-04-01 09:23:23', '2020-05-10 07:38:10', 0, ''),
	(445, 20000.00, 120, 'B', '2020-03-27', '2020-03-27', 0, 0, 1, '2020-04-01 09:24:50', '2020-05-10 07:38:10', 0, ''),
	(446, 720.00, 18, 'I', '2020-04-02', '2020-04-02', 0, 1, 0, '2020-04-02 06:40:20', '2020-04-02 06:40:20', 0, 'Waiver for Corona'),
	(447, 15000.00, 106, 'R', '2020-03-05', '2020-03-05', 0, 0, 1, '2020-04-13 17:29:31', '2020-05-01 08:27:37', 0, 'Repaid'),
	(448, 10000.00, 121, 'B', '2020-04-13', '2020-04-13', 0, 0, 1, '2020-04-13 17:33:07', '2020-05-10 07:38:10', 0, ''),
	(449, 20000.00, 112, 'R', '2020-04-23', '2020-04-23', 0, 0, 1, '2020-05-01 07:45:19', '2020-05-01 11:00:48', 0, 'Repaid'),
	(450, 50000.00, 114, 'R', '2020-03-31', '2020-03-31', 0, 0, 1, '2020-05-01 07:59:27', '2020-05-01 08:25:15', 0, 'Repaid'),
	(451, 10000.00, 100, 'R', '2020-03-31', '2020-03-31', 0, 0, 1, '2020-05-01 08:02:41', '2020-05-01 08:54:11', 0, 'Repaid'),
	(452, 50000.00, 107, 'R', '2020-03-31', '2020-03-31', 0, 0, 1, '2020-05-01 08:04:57', '2020-05-01 12:02:07', 0, 'Repaid'),
	(453, 10000.00, 122, 'B', '2020-04-08', '2020-04-08', 0, 0, 1, '2020-05-01 08:12:16', '2020-05-10 07:38:10', 0, ''),
	(454, 10000.00, 122, 'R', '2020-04-10', '2020-04-10', 0, 0, 1, '2020-05-01 08:13:08', '2020-05-01 08:27:30', 0, 'Repaid'),
	(455, 10000.00, 123, 'B', '2020-04-13', '2020-04-13', 0, 0, 1, '2020-05-01 08:53:50', '2020-05-10 07:38:10', 0, ''),
	(456, 20000.00, 124, 'B', '2020-04-29', '2020-04-29', 0, 0, 1, '2020-05-01 09:05:28', '2020-06-04 11:41:42', 0, ''),
	(457, 30000.00, 125, 'B', '2020-04-29', '2020-04-29', 0, 0, 1, '2020-05-01 10:52:08', '2020-05-10 07:38:10', 0, ''),
	(458, 20000.00, 126, 'B', '2020-04-28', '2020-04-28', 0, 0, 1, '2020-05-01 10:59:49', '2020-05-10 07:38:10', 0, ''),
	(459, 760.00, 114, 'I', '2020-04-01', '2020-04-01', 0, 0, 1, '2020-05-01 11:02:43', '2020-05-11 06:49:36', 0, 'Interest paid'),
	(460, 248.00, 57, 'I', '2020-04-02', '2020-04-02', 0, 0, 1, '2020-05-01 11:04:45', '2020-05-11 06:49:34', 0, 'Interest paid'),
	(461, 496.00, 65, 'I', '2020-04-02', '2020-04-02', 0, 0, 1, '2020-05-01 11:04:45', '2020-05-11 06:49:35', 0, 'Interest paid'),
	(462, 208.00, 117, 'I', '2020-04-02', '2020-04-02', 0, 0, 1, '2020-05-01 11:04:45', '2020-05-11 06:49:37', 0, 'Interest paid'),
	(463, 248.00, 82, 'I', '2020-04-02', '2020-04-02', 0, 0, 1, '2020-05-01 11:05:26', '2020-05-11 06:49:35', 0, 'Interest paid'),
	(464, 656.00, 100, 'I', '2020-04-02', '2020-04-02', 0, 0, 1, '2020-05-01 11:06:42', '2020-05-11 06:49:36', 0, 'Interest paid with 10k principal'),
	(465, 248.00, 68, 'I', '2020-04-02', '2020-04-02', 0, 0, 1, '2020-05-01 11:08:50', '2020-05-11 06:49:35', 0, 'Interest paid'),
	(466, 744.00, 74, 'I', '2020-04-02', '2020-04-02', 0, 0, 1, '2020-05-01 11:08:51', '2020-05-11 06:49:35', 0, 'Interest paid'),
	(467, 1532.00, 77, 'I', '2020-04-02', '2020-04-02', 0, 0, 1, '2020-05-01 11:08:51', '2020-05-11 06:49:35', 0, 'Interest paid'),
	(468, 558.00, 35, 'I', '2020-04-02', '2020-04-02', 0, 0, 1, '2020-05-01 11:10:28', '2020-05-11 06:49:34', 0, 'Interest paid'),
	(469, 868.00, 42, 'I', '2020-04-02', '2020-04-02', 0, 0, 1, '2020-05-01 11:10:29', '2020-05-11 06:49:34', 0, 'Interest paid'),
	(470, 1300.00, 110, 'I', '2020-04-02', '2020-04-02', 0, 0, 1, '2020-05-01 11:11:46', '2020-05-11 06:49:36', 0, 'Interest Credit'),
	(471, 400.00, 111, 'I', '2020-04-02', '2020-04-02', 0, 0, 1, '2020-05-01 11:11:47', '2020-05-11 06:49:36', 0, 'Interest Credit'),
	(472, 504.00, 112, 'I', '2020-04-02', '2020-04-02', 0, 0, 1, '2020-05-01 11:11:47', '2020-05-11 06:49:36', 0, 'Interest Credit'),
	(473, 100.00, 113, 'I', '2020-04-02', '2020-04-02', 0, 0, 1, '2020-05-01 11:11:47', '2020-05-11 06:49:36', 0, 'Interest Credit'),
	(474, 200.00, 115, 'I', '2020-04-02', '2020-04-02', 0, 0, 1, '2020-05-01 11:11:47', '2020-05-11 06:49:37', 0, 'Interest Credit'),
	(475, 336.00, 116, 'I', '2020-04-02', '2020-04-02', 0, 0, 1, '2020-05-01 11:11:47', '2020-05-11 06:49:37', 0, 'Interest Credit'),
	(476, 372.00, 89, 'I', '2020-05-01', '2020-05-01', 0, 0, 1, '2020-05-01 11:12:31', '2020-05-11 06:49:36', 0, 'Interest Credit'),
	(477, 2108.00, 90, 'I', '2020-05-01', '2020-05-01', 0, 0, 1, '2020-05-01 11:12:31', '2020-05-11 06:49:36', 0, 'Interest Credit'),
	(478, 1240.00, 107, 'I', '2020-05-01', '2020-05-01', 0, 0, 1, '2020-05-01 11:12:31', '2020-05-11 06:49:36', 0, 'Interest Credit'),
	(479, 6000.00, 69, 'I', '2020-04-02', '2020-04-02', 0, 0, 1, '2020-05-01 11:14:58', '2020-05-11 06:49:35', 0, 'Interest Credit'),
	(480, 512.00, 108, 'I', '2020-05-01', '2020-05-01', 0, 0, 1, '2020-05-01 11:15:35', '2020-05-11 06:49:36', 0, 'Interest Credit'),
	(481, 168.00, 109, 'I', '2020-05-01', '2020-05-01', 0, 0, 1, '2020-05-01 11:15:35', '2020-05-11 06:49:36', 0, 'Interest Credit'),
	(482, 2480.00, 48, 'I', '2020-04-02', '2020-04-02', 0, 0, 1, '2020-05-01 11:16:15', '2020-05-11 06:49:34', 0, 'Interest Credit'),
	(483, 1240.00, 58, 'I', '2020-04-02', '2020-04-02', 0, 0, 1, '2020-05-01 11:16:15', '2020-05-11 06:49:34', 0, 'Interest Credit'),
	(484, 1240.00, 59, 'I', '2020-04-02', '2020-04-02', 0, 0, 1, '2020-05-01 11:16:15', '2020-05-11 06:49:34', 0, 'Interest Credit'),
	(485, 496.00, 87, 'I', '2020-04-02', '2020-04-02', 0, 0, 1, '2020-05-01 11:16:15', '2020-05-11 06:49:35', 0, 'Interest Credit'),
	(486, 248.00, 43, 'I', '2020-04-02', '2020-04-02', 0, 0, 1, '2020-05-01 11:16:46', '2020-05-11 06:49:34', 0, 'Interest Credit'),
	(487, 1240.00, 44, 'I', '2020-04-02', '2020-04-02', 0, 0, 1, '2020-05-01 11:16:46', '2020-05-11 06:49:34', 0, 'Interest Credit'),
	(488, 992.00, 56, 'I', '2020-04-02', '2020-04-02', 0, 0, 1, '2020-05-01 11:16:46', '2020-05-11 06:49:34', 0, 'Interest Credit'),
	(489, 414.00, 102, 'I', '2020-04-02', '2020-04-02', 0, 0, 1, '2020-05-01 11:17:18', '2020-05-11 06:49:36', 0, 'Interest Credit'),
	(490, 620.00, 49, 'I', '2020-04-10', '2020-04-10', 0, 0, 1, '2020-05-01 11:18:23', '2020-05-11 06:49:34', 0, 'Interest Credit'),
	(491, 496.00, 63, 'I', '2020-04-10', '2020-04-10', 0, 0, 1, '2020-05-01 11:18:24', '2020-05-11 06:49:35', 0, 'Interest Credit'),
	(492, 495.00, 64, 'I', '2020-04-10', '2020-04-10', 0, 0, 1, '2020-05-01 11:18:24', '2020-05-11 06:49:35', 0, 'Interest Credit'),
	(493, 24.00, 122, 'I', '2020-05-01', '2020-05-01', 0, 0, 1, '2020-05-01 11:22:25', '2020-05-11 06:49:37', 0, 'Interest Credit'),
	(494, 480.00, 108, 'I', '2020-05-01', '2020-05-01', 0, 0, 1, '2020-05-01 11:23:10', '2020-05-11 06:49:36', 0, 'Interest Credit'),
	(495, 200.00, 109, 'I', '2020-05-01', '2020-05-01', 0, 0, 1, '2020-05-01 11:23:10', '2020-05-11 06:49:36', 0, 'Interest Credit'),
	(496, 1680.00, 25, 'I', '2020-04-07', '2020-04-07', 0, 0, 1, '2020-05-01 11:39:09', '2020-05-11 06:49:34', 0, 'Interest Credit'),
	(497, 720.00, 28, 'I', '2020-04-07', '2020-04-07', 0, 0, 1, '2020-05-01 11:39:09', '2020-05-11 06:49:34', 0, 'Interest Credit'),
	(498, 960.00, 30, 'I', '2020-04-07', '2020-04-07', 0, 0, 1, '2020-05-01 11:39:09', '2020-05-11 06:49:34', 0, 'Interest Credit'),
	(499, 5440.00, 32, 'I', '2020-04-07', '2020-04-07', 0, 0, 1, '2020-05-01 11:39:09', '2020-05-11 06:49:34', 0, 'Interest Credit'),
	(500, 960.00, 73, 'I', '2020-04-07', '2020-04-07', 0, 0, 1, '2020-05-01 11:39:09', '2020-05-11 06:49:35', 0, 'Interest Credit'),
	(501, 240.00, 103, 'I', '2020-04-07', '2020-04-07', 0, 0, 1, '2020-05-01 11:39:09', '2020-05-11 06:49:36', 0, 'Interest Credit'),
	(502, 35000.00, 42, 'R', '2020-04-30', '2020-05-03', 0, 0, 1, '2020-05-10 07:26:21', '2020-05-27 18:59:58', 0, 'Repaid'),
	(503, 19000.00, 35, 'R', '2020-04-30', '2020-05-03', 0, 0, 1, '2020-05-10 07:26:48', '2020-05-27 18:59:59', 0, 'Repaid'),
	(504, 50000.00, 127, 'B', '2020-05-03', '2020-05-03', 0, 0, 1, '2020-05-10 07:28:14', '2020-05-10 07:38:10', 0, ''),
	(505, 10000.00, 128, 'B', '2020-05-05', '2020-05-05', 0, 0, 1, '2020-05-10 07:28:53', '2020-05-10 07:38:10', 0, ''),
	(506, 244.00, 19, 'I', '2020-05-09', '2020-05-09', 0, 0, 1, '2020-05-10 10:23:21', '2020-05-11 06:49:34', 0, 'Interest paid'),
	(507, 488.00, 53, 'I', '2020-05-09', '2020-05-09', 0, 0, 1, '2020-05-10 10:23:21', '2020-05-11 06:49:34', 0, 'Interest paid'),
	(508, 1220.00, 105, 'I', '2020-05-09', '2020-05-09', 0, 0, 1, '2020-05-10 10:23:21', '2020-05-11 06:49:36', 0, 'Interest paid'),
	(509, 560.00, 120, 'I', '2020-05-09', '2020-05-09', 0, 0, 1, '2020-05-10 10:23:21', '2020-05-11 06:49:37', 0, 'Interest paid'),
	(510, 240.00, 57, 'I', '2020-05-01', '2020-05-01', 0, 0, 1, '2020-05-10 10:24:01', '2020-05-11 06:49:34', 0, 'Interest paid'),
	(511, 480.00, 65, 'I', '2020-05-01', '2020-05-01', 0, 0, 1, '2020-05-10 10:24:01', '2020-05-11 06:49:35', 0, 'Interest paid'),
	(512, 2400.00, 48, 'I', '2020-05-01', '2020-05-01', 0, 0, 1, '2020-05-10 10:24:37', '2020-05-11 06:49:34', 0, 'Interest paid'),
	(513, 1200.00, 58, 'I', '2020-05-01', '2020-05-01', 0, 0, 1, '2020-05-10 10:24:37', '2020-05-11 06:49:34', 0, 'Interest paid'),
	(514, 1200.00, 59, 'I', '2020-05-01', '2020-05-01', 0, 0, 1, '2020-05-10 10:24:37', '2020-05-11 06:49:35', 0, 'Interest paid'),
	(515, 480.00, 87, 'I', '2020-05-01', '2020-05-01', 0, 0, 1, '2020-05-10 10:24:37', '2020-05-11 06:49:36', 0, 'Interest paid'),
	(516, 360.00, 100, 'I', '2020-05-01', '2020-05-01', 0, 0, 1, '2020-05-10 10:25:03', '2020-05-11 06:49:36', 0, 'Interest paid'),
	(517, 360.00, 89, 'I', '2020-05-01', '2020-05-01', 0, 0, 1, '2020-05-10 10:25:34', '2020-05-11 06:49:36', 0, 'Interest paid'),
	(518, 2040.00, 90, 'I', '2020-05-01', '2020-05-01', 0, 0, 1, '2020-05-10 10:25:34', '2020-05-11 06:49:36', 0, 'Interest paid'),
	(519, 600.00, 49, 'I', '2020-05-02', '2020-05-02', 0, 0, 1, '2020-05-10 10:26:04', '2020-05-11 06:49:34', 0, 'Interest paid'),
	(520, 480.00, 63, 'I', '2020-05-02', '2020-05-02', 0, 0, 1, '2020-05-10 10:26:05', '2020-05-11 06:49:35', 0, 'Interest paid'),
	(521, 481.00, 64, 'I', '2020-05-02', '2020-05-02', 0, 0, 1, '2020-05-10 10:26:05', '2020-05-11 06:49:35', 0, 'Interest paid'),
	(522, 369.00, 35, 'I', '2020-05-10', '2020-05-10', 0, 0, 1, '2020-05-10 10:26:26', '2020-05-11 06:49:34', 0, 'Interest Credit'),
	(523, 840.00, 42, 'I', '2020-05-10', '2020-05-10', 0, 0, 1, '2020-05-10 10:26:26', '2020-05-11 06:49:34', 0, 'Interest Credit'),
	(524, 168.00, 106, 'I', '2020-05-03', '2020-05-03', 0, 0, 1, '2020-05-10 10:26:58', '2020-05-11 06:49:36', 0, 'Interest paid'),
	(525, 328.00, 119, 'I', '2020-05-03', '2020-05-03', 0, 0, 1, '2020-05-10 10:26:58', '2020-05-11 06:49:37', 0, 'Interest paid'),
	(526, 144.00, 121, 'I', '2020-05-03', '2020-05-03', 0, 0, 1, '2020-05-10 10:26:58', '2020-05-11 06:49:37', 0, 'Interest paid'),
	(527, 144.00, 123, 'I', '2020-05-03', '2020-05-03', 0, 0, 1, '2020-05-10 10:26:58', '2020-05-11 06:49:37', 0, 'Interest paid'),
	(528, 48.00, 126, 'I', '2020-05-03', '2020-05-03', 0, 0, 1, '2020-05-10 10:26:58', '2020-05-11 06:49:37', 0, 'Interest paid'),
	(529, 4880.00, 52, 'I', '2020-05-04', '2020-05-04', 0, 0, 1, '2020-05-10 10:27:22', '2020-05-11 06:49:34', 0, 'Interest paid'),
	(530, 240.00, 82, 'I', '2020-05-06', '2020-05-06', 0, 0, 1, '2020-05-10 10:27:46', '2020-05-11 06:49:35', 0, 'Interest paid'),
	(531, 240.00, 68, 'I', '2020-05-01', '2020-05-01', 0, 0, 1, '2020-05-10 10:29:38', '2020-05-11 06:49:35', 0, 'Interest paid'),
	(532, 720.00, 74, 'I', '2020-05-01', '2020-05-01', 0, 0, 1, '2020-05-10 10:29:38', '2020-05-11 06:49:35', 0, 'Interest paid'),
	(533, 1200.00, 77, 'I', '2020-05-01', '2020-05-01', 0, 0, 1, '2020-05-10 10:29:38', '2020-05-11 06:49:35', 0, 'Interest paid'),
	(534, 240.00, 43, 'I', '2020-05-02', '2020-05-02', 0, 0, 1, '2020-05-10 10:30:32', '2020-05-11 06:49:34', 0, 'Interest paid'),
	(535, 1200.00, 44, 'I', '2020-05-02', '2020-05-02', 0, 0, 1, '2020-05-10 10:30:32', '2020-05-11 06:49:34', 0, 'Interest paid'),
	(536, 960.00, 56, 'I', '2020-05-02', '2020-05-02', 0, 0, 1, '2020-05-10 10:30:32', '2020-05-11 06:49:34', 0, 'Interest paid'),
	(537, 1560.00, 110, 'I', '2020-05-03', '2020-05-03', 0, 0, 1, '2020-05-10 10:32:01', '2020-05-11 06:49:36', 0, 'Interest paid'),
	(538, 480.00, 111, 'I', '2020-05-03', '2020-05-03', 0, 0, 1, '2020-05-10 10:32:01', '2020-05-11 06:49:36', 0, 'Interest paid'),
	(539, 608.00, 112, 'I', '2020-05-03', '2020-05-03', 0, 0, 1, '2020-05-10 10:32:01', '2020-05-11 06:49:36', 0, 'Interest paid'),
	(540, 120.00, 113, 'I', '2020-05-03', '2020-05-03', 0, 0, 1, '2020-05-10 10:32:01', '2020-05-11 06:49:36', 0, 'Interest paid'),
	(541, 240.00, 115, 'I', '2020-05-03', '2020-05-03', 0, 0, 1, '2020-05-10 10:32:01', '2020-05-11 06:49:37', 0, 'Interest paid'),
	(542, 720.00, 116, 'I', '2020-05-03', '2020-05-03', 0, 0, 1, '2020-05-10 10:32:01', '2020-05-11 06:49:37', 0, 'Interest paid'),
	(543, 10000.00, 112, 'R', '2020-04-30', '2020-04-30', 0, 0, 1, '2020-05-10 10:38:41', '2020-09-18 07:54:20', 0, 'Repaid'),
	(544, 6000.00, 69, 'I', '2020-05-06', '2020-05-06', 0, 0, 1, '2020-05-10 11:04:03', '2020-05-11 06:49:35', 0, 'Interest paid'),
	(545, 732.00, 21, 'I', '2020-05-10', '2020-05-10', 0, 0, 1, '2020-05-10 11:06:38', '2020-05-11 06:49:34', 0, 'Interest Credit'),
	(546, 4068.00, 22, 'I', '2020-05-10', '2020-05-10', 0, 0, 1, '2020-05-10 11:06:38', '2020-05-11 06:49:34', 0, 'Interest Credit'),
	(547, 20000.00, 20, 'R', '2020-04-30', '2020-04-30', 0, 0, 1, '2020-05-10 11:09:48', '2020-07-16 12:13:47', 0, 'Repaid'),
	(548, 120.00, 109, 'E', '2020-05-11', NULL, 0, 0, 1, '2020-05-11 06:49:31', '2020-07-12 18:58:53', 0, 'Excess on settlement May-2020'),
	(549, 25.00, 22, 'E', '2020-05-11', NULL, 0, 0, 1, '2020-05-11 06:49:32', '2020-07-12 18:58:53', 0, 'Excess on settlement May-2020'),
	(550, 3500.00, 78, 'R', '2020-05-11', '2020-05-11', 0, 0, 1, '2020-05-11 07:00:35', '2020-05-27 19:00:05', 0, 'Return to dhinesh'),
	(551, 200000.00, 129, 'B', '2020-03-01', '2019-07-01', 0, 0, 0, '2020-05-27 21:01:49', '2020-05-27 21:01:49', 0, ''),
	(552, 100000.00, 130, 'B', '2020-03-01', '2020-03-01', 0, 0, 0, '2020-05-27 21:12:51', '2020-05-27 21:12:51', 0, ''),
	(553, 10000.00, 131, 'B', '2020-03-01', '2020-03-01', 0, 0, 0, '2020-05-27 21:13:54', '2020-05-27 21:13:54', 0, ''),
	(554, 100000.00, 132, 'B', '2020-03-01', '2020-03-01', 0, 0, 0, '2020-05-27 21:15:08', '2020-05-27 21:15:08', 0, ''),
	(555, 9900.00, 50, 'I', '2020-02-26', '2020-02-26', 0, 0, 1, '2020-05-27 21:19:28', '2020-05-27 21:21:02', 0, 'Interest paid'),
	(556, 20000.00, 133, 'B', '2020-05-19', '2020-05-19', 0, 0, 0, '2020-06-04 07:07:06', '2020-06-04 07:07:06', 0, ''),
	(557, 50000.00, 58, 'R', '2020-05-18', '2020-05-19', 0, 0, 1, '2020-06-04 07:10:26', '2020-07-16 12:14:39', 0, 'Account transfer to Prakash'),
	(558, 50000.00, 134, 'B', '2020-05-19', '2020-05-19', 0, 0, 0, '2020-06-04 07:11:08', '2020-06-04 07:11:08', 0, ''),
	(559, 50000.00, 135, 'B', '2020-05-20', '2020-05-20', 0, 0, 0, '2020-06-04 07:58:32', '2020-06-04 07:58:32', 0, ''),
	(560, 5000.00, 31, 'R', '2020-05-12', '2020-05-12', 0, 0, 1, '2020-06-04 10:18:15', '2020-07-16 12:14:29', 0, '5k Paid'),
	(561, 488.00, 31, 'I', '2020-05-12', '2020-05-12', 0, 0, 1, '2020-06-04 10:19:21', '2020-07-12 12:32:05', 0, '5488 sent. 5k principal 488 interest'),
	(563, 15000.00, 137, 'B', '2020-05-24', '2020-05-24', 0, 0, 0, '2020-06-04 10:35:30', '2020-06-04 10:35:30', 0, ''),
	(564, 20000.00, 138, 'B', '2020-05-19', '2020-05-19', 0, 0, 0, '2020-06-04 11:09:28', '2020-06-04 11:09:28', 0, ''),
	(565, 40000.00, 139, 'B', '2020-01-01', '2020-01-01', 0, 0, 0, '2020-06-04 11:23:45', '2020-06-04 11:23:45', 0, ''),
	(566, 800.00, 139, 'I', '2020-05-20', '2020-05-20', 0, 0, 1, '2020-06-04 11:24:43', '2020-07-12 12:32:08', 0, 'Interest paid'),
	(567, 50000.00, 140, 'B', '2020-05-22', '2020-05-22', 0, 0, 0, '2020-06-04 12:06:50', '2020-06-04 12:06:50', 0, ''),
	(568, 5000.00, 141, 'B', '2020-05-24', '2020-05-24', 0, 0, 0, '2020-06-04 12:12:22', '2020-06-04 12:12:22', 0, ''),
	(569, 10000.00, 108, 'R', '2020-05-31', '2020-06-01', 0, 0, 1, '2020-06-04 12:21:32', '2020-07-16 12:13:21', 0, '10k returned. Balance 15k'),
	(570, 496.00, 108, 'I', '2020-06-01', '2020-06-01', 0, 0, 1, '2020-06-04 12:24:12', '2020-07-12 12:32:07', 0, 'Interest paid'),
	(571, 184.00, 109, 'I', '2020-06-01', '2020-06-01', 0, 0, 1, '2020-06-04 12:24:13', '2020-07-12 12:32:07', 0, 'Interest paid'),
	(572, 5000.00, 72, 'R', '2020-05-31', '2020-06-03', 0, 0, 1, '2020-06-04 12:26:03', '2020-09-18 07:53:55', 0, '5k Return. Balance 10k.'),
	(573, 10.00, 72, 'I', '2020-06-03', '2020-06-03', 0, 0, 1, '2020-06-04 12:26:43', '2020-07-12 12:32:06', 0, 'Interest paid'),
	(574, 30000.00, 142, 'B', '2020-06-03', '2020-06-03', 0, 0, 0, '2020-06-04 12:29:49', '2020-06-04 12:29:49', 0, ''),
	(575, 5000.00, 143, 'B', '2020-06-03', '2020-06-03', 0, 0, 0, '2020-06-04 12:30:17', '2020-06-04 12:30:17', 0, ''),
	(576, 248.00, 68, 'I', '2020-06-04', '2020-06-04', 0, 0, 1, '2020-07-03 21:59:18', '2020-07-12 12:32:06', 0, 'MPAY/UPI/FI Funds Trans-1285166000014406'),
	(577, 744.00, 74, 'I', '2020-06-04', '2020-06-04', 0, 0, 1, '2020-07-03 21:59:18', '2020-07-12 12:32:06', 0, 'MPAY/UPI/FI Funds Trans-1285166000014406'),
	(578, 1240.00, 77, 'I', '2020-06-04', '2020-06-04', 0, 0, 1, '2020-07-03 21:59:18', '2020-07-12 12:32:06', 0, 'MPAY/UPI/FI Funds Trans-1285166000014406'),
	(579, 218.00, 128, 'I', '2020-06-04', '2020-06-04', 0, 0, 1, '2020-07-03 21:59:18', '2020-07-12 12:32:08', 0, 'MPAY/UPI/FI Funds Trans-1285166000014406'),
	(580, 248.00, 57, 'I', '2020-06-04', '2020-06-04', 0, 0, 1, '2020-07-03 22:00:11', '2020-07-12 12:32:06', 0, 'UPI-CR-015612156957-RAMRASI MURUGESAN-KVBL-1285166000005820-May interest                                               '),
	(581, 496.00, 65, 'I', '2020-06-04', '2020-06-04', 0, 0, 1, '2020-07-03 22:00:11', '2020-07-12 12:32:06', 0, 'UPI-CR-015612156957-RAMRASI MURUGESAN-KVBL-1285166000005820-May interest                                               '),
	(582, 248.00, 82, 'I', '2020-06-04', '2020-06-04', 0, 0, 1, '2020-07-03 22:00:36', '2020-07-12 12:32:06', 0, 'UPI-CR-015613693976-KARTHIKEYAN  P-SBIN-00000031058279100-UPI                                                          '),
	(583, 620.00, 49, 'I', '2020-06-04', '2020-06-04', 0, 0, 1, '2020-07-03 22:01:18', '2020-07-12 12:32:05', 0, 'UPI-CR-015613095915-ARUN RAJU-UTIB-916010054412715-Selva interest                                                      '),
	(584, 496.00, 63, 'I', '2020-06-04', '2020-06-04', 0, 0, 1, '2020-07-03 22:01:18', '2020-07-12 12:32:06', 0, 'UPI-CR-015613095915-ARUN RAJU-UTIB-916010054412715-Selva interest                                                      '),
	(585, 496.00, 64, 'I', '2020-06-04', '2020-06-04', 0, 0, 1, '2020-07-03 22:01:18', '2020-07-12 12:32:06', 0, 'UPI-CR-015613095915-ARUN RAJU-UTIB-916010054412715-Selva interest                                                      '),
	(586, 2480.00, 48, 'I', '2020-06-04', '2020-06-04', 0, 0, 1, '2020-07-03 22:02:02', '2020-07-12 12:32:05', 0, 'UPI-CR-015613229593-PRABU G-DBSS-881034463895-UPI'),
	(587, 720.00, 58, 'I', '2020-06-04', '2020-06-04', 0, 0, 1, '2020-07-03 22:02:02', '2020-07-12 12:32:06', 0, 'UPI-CR-015613229593-PRABU G-DBSS-881034463895-UPI'),
	(588, 1240.00, 59, 'I', '2020-06-04', '2020-06-04', 0, 0, 1, '2020-07-03 22:02:02', '2020-07-12 12:32:06', 0, 'UPI-CR-015613229593-PRABU G-DBSS-881034463895-UPI'),
	(589, 496.00, 87, 'I', '2020-06-04', '2020-06-04', 0, 0, 1, '2020-07-03 22:02:02', '2020-07-12 12:32:06', 0, 'UPI-CR-015613229593-PRABU G-DBSS-881034463895-UPI'),
	(590, 520.00, 134, 'I', '2020-06-04', '2020-06-04', 0, 0, 1, '2020-07-03 22:02:02', '2020-07-12 12:32:08', 0, 'UPI-CR-015613229593-PRABU G-DBSS-881034463895-UPI'),
	(591, 1240.00, 45, 'I', '2020-06-04', '2020-06-04', 0, 0, 1, '2020-07-03 22:02:58', '2020-07-12 12:32:05', 0, 'UPI-CR-015613387278-PRAVEEN J-ICIC-253901502222-Jun month'),
	(592, 528.00, 124, 'I', '2020-06-04', '2020-06-04', 0, 0, 1, '2020-07-03 22:03:47', '2020-07-12 12:32:07', 0, 'UPI-CR-015614232386-KARTHI M-ICIC-353401502915-Hi'),
	(593, 1000.00, 39, 'I', '2020-06-04', '2020-06-04', 0, 0, 1, '2020-07-03 22:04:22', '2020-07-12 12:32:05', 0, 'UPI-CR-015616480527-MOHAN R-ESFB-100000138673-UPI'),
	(594, 248.00, 43, 'I', '2020-06-04', '2020-06-04', 0, 0, 1, '2020-07-03 22:05:00', '2020-07-12 12:32:05', 0, 'IMPS-015618109546-RAM KUMAR M-xxxxxxxxxx2645-ram to ramesh (interest)'),
	(595, 1240.00, 44, 'I', '2020-06-04', '2020-06-04', 0, 0, 1, '2020-07-03 22:05:00', '2020-07-12 12:32:05', 0, 'IMPS-015618109546-RAM KUMAR M-xxxxxxxxxx2645-ram to ramesh (interest)'),
	(596, 992.00, 56, 'I', '2020-06-04', '2020-06-04', 0, 0, 1, '2020-07-03 22:05:00', '2020-07-12 12:32:05', 0, 'IMPS-015618109546-RAM KUMAR M-xxxxxxxxxx2645-ram to ramesh (interest)'),
	(597, 248.00, 119, 'I', '2020-06-04', '2020-06-04', 0, 0, 1, '2020-07-03 22:05:45', '2020-07-12 12:32:07', 0, 'UPI-CR-015619439231-KIRANKUMAR J-KVBL-1285166000009429-Interest'),
	(598, 248.00, 121, 'I', '2020-06-04', '2020-06-04', 0, 0, 1, '2020-07-03 22:05:45', '2020-07-12 12:32:07', 0, 'UPI-CR-015619439231-KIRANKUMAR J-KVBL-1285166000009429-Interest'),
	(599, 248.00, 123, 'I', '2020-06-04', '2020-06-04', 0, 0, 1, '2020-07-03 22:05:45', '2020-07-12 12:32:07', 0, 'UPI-CR-015619439231-KIRANKUMAR J-KVBL-1285166000009429-Interest'),
	(600, 496.00, 126, 'I', '2020-06-04', '2020-06-04', 0, 0, 1, '2020-07-03 22:05:45', '2020-07-12 12:32:08', 0, 'UPI-CR-015619439231-KIRANKUMAR J-KVBL-1285166000009429-Interest'),
	(601, 372.00, 100, 'I', '2020-06-05', '2020-06-05', 0, 0, 1, '2020-07-03 22:06:28', '2020-07-12 12:32:07', 0, 'UPI-CR-015706425512-PARAMASIVAM-KVBL-1285166000013671-Interest for may month'),
	(602, 1612.00, 110, 'I', '2020-06-06', '2020-06-06', 0, 0, 1, '2020-07-03 22:14:39', '2020-07-12 12:32:07', 0, 'UPI-CR-015812021982-PANNEER SELVAM B-HDFC-50100054796378-Panneer interest'),
	(603, 496.00, 111, 'I', '2020-06-06', '2020-06-06', 0, 0, 1, '2020-07-03 22:14:39', '2020-07-12 12:32:07', 0, 'UPI-CR-015812021982-PANNEER SELVAM B-HDFC-50100054796378-Panneer interest'),
	(604, 124.00, 113, 'I', '2020-06-06', '2020-06-06', 0, 0, 1, '2020-07-03 22:14:39', '2020-07-12 12:32:07', 0, 'UPI-CR-015812021982-PANNEER SELVAM B-HDFC-50100054796378-Panneer interest'),
	(605, 248.00, 115, 'I', '2020-06-06', '2020-06-06', 0, 0, 1, '2020-07-03 22:14:39', '2020-07-12 12:32:07', 0, 'UPI-CR-015812021982-PANNEER SELVAM B-HDFC-50100054796378-Panneer interest'),
	(606, 744.00, 116, 'I', '2020-06-06', '2020-06-06', 0, 0, 1, '2020-07-03 22:14:39', '2020-07-12 12:32:07', 0, 'UPI-CR-015812021982-PANNEER SELVAM B-HDFC-50100054796378-Panneer interest'),
	(607, 480.00, 135, 'I', '2020-06-06', '2020-06-06', 0, 0, 1, '2020-07-03 22:14:39', '2020-07-12 12:32:08', 0, 'UPI-CR-015812021982-PANNEER SELVAM B-HDFC-50100054796378-Panneer interest'),
	(608, 372.00, 89, 'I', '2020-06-06', '2020-06-06', 0, 0, 1, '2020-07-03 22:15:18', '2020-07-12 12:32:06', 0, 'UPI-CR-015820144519-KORRA JYOTHI PRAKASH-KVBL-1285178000001519-Interest'),
	(609, 2108.00, 90, 'I', '2020-06-06', '2020-06-06', 0, 0, 1, '2020-07-03 22:15:18', '2020-07-12 12:32:07', 0, 'UPI-CR-015820144519-KORRA JYOTHI PRAKASH-KVBL-1285178000001519-Interest'),
	(610, 1160.00, 127, 'I', '2020-06-06', '2020-06-06', 0, 0, 1, '2020-07-03 22:15:18', '2020-07-12 12:32:08', 0, 'UPI-CR-015820144519-KORRA JYOTHI PRAKASH-KVBL-1285178000001519-Interest'),
	(611, 1708.00, 25, 'I', '2020-06-14', '2020-06-14', 0, 0, 1, '2020-07-03 22:25:46', '2020-07-12 12:32:05', 0, 'MPAY/UPI/FI Funds Trans-1285166000005441'),
	(612, 204.00, 28, 'I', '2020-06-14', '2020-06-14', 0, 0, 1, '2020-07-03 22:25:46', '2020-07-12 12:32:05', 0, 'MPAY/UPI/FI Funds Trans-1285166000005441'),
	(613, 6088.00, 103, 'I', '2020-06-14', '2020-06-14', 0, 0, 1, '2020-07-03 22:25:46', '2020-07-12 12:32:07', 0, 'MPAY/UPI/FI Funds Trans-1285166000005441'),
	(614, 1500.00, 50, 'I', '2020-07-03', '2020-07-03', 0, 0, 1, '2020-07-03 22:27:40', '2020-07-12 12:32:05', 0, 'March Interest '),
	(615, 1500.00, 131, 'I', '2020-07-03', '2020-07-03', 0, 0, 1, '2020-07-03 22:27:40', '2020-07-12 12:32:08', 0, 'March Interest '),
	(616, 1500.00, 132, 'I', '2020-07-03', '2020-07-03', 0, 0, 1, '2020-07-03 22:27:40', '2020-07-12 12:32:08', 0, 'March Interest '),
	(617, 1500.00, 129, 'I', '2020-07-03', '2020-07-03', 0, 0, 1, '2020-07-03 22:27:56', '2020-07-12 12:32:08', 0, 'March Interest'),
	(618, 1500.00, 130, 'I', '2020-07-03', '2020-07-03', 0, 0, 1, '2020-07-03 22:27:57', '2020-07-12 12:32:08', 0, 'March Interest'),
	(619, 240.00, 108, 'I', '2020-07-01', '2020-07-01', 0, 0, 1, '2020-07-03 22:39:03', '2020-07-12 12:32:07', 0, 'IMPS-018310541009-Mr  SRIDHAYABHARAN  -xxxxxxxxxxxxx5739-MOBUA0284409451'),
	(620, 50000.00, 127, 'R', '2020-06-30', '2020-07-01', 0, 0, 1, '2020-07-03 22:39:50', '2020-07-16 12:14:26', 0, '189528141652554-KORRA JYOTHI PRAKASH-1285178000001519-5o k clear'),
	(621, 50.00, 89, 'I', '2020-07-01', '2020-07-01', 0, 0, 1, '2020-07-03 22:40:34', '2020-07-12 12:32:06', 0, '189528141652554-KORRA JYOTHI PRAKASH-1285178000001519-5o k clear'),
	(622, 1200.00, 127, 'I', '2020-07-01', '2020-07-01', 0, 0, 1, '2020-07-03 22:40:35', '2020-07-12 12:32:08', 0, '189528141652554-KORRA JYOTHI PRAKASH-1285178000001519-5o k clear'),
	(625, 4520.00, 88, 'I', '2020-07-03', '2020-07-03', 0, 0, 1, '2020-07-03 23:03:39', '2020-07-12 12:32:06', 0, 'March Interest'),
	(626, 1512.00, 125, 'I', '2020-07-03', '2020-07-03', 0, 0, 1, '2020-07-03 23:13:32', '2020-07-12 12:32:08', 0, 'Received in hand a month before'),
	(627, 456.00, 137, 'I', '2020-07-03', '2020-07-03', 0, 0, 1, '2020-07-03 23:13:32', '2020-07-12 12:32:08', 0, 'Received in hand a month before'),
	(628, 32.00, 141, 'I', '2020-07-03', '2020-07-03', 0, 0, 1, '2020-07-03 23:13:32', '2020-07-12 12:32:08', 0, 'Received in hand a month before'),
	(629, 100000.00, 91, 'R', '2020-05-31', '2020-06-04', 0, 0, 1, '2020-07-03 23:15:33', '2020-07-12 11:39:08', 0, 'Loan transfer to Praba'),
	(630, 100000.00, 144, 'B', '2020-06-01', '2020-06-01', 0, 0, 0, '2020-07-03 23:31:03', '2020-07-03 23:31:03', 0, ''),
	(631, 400000.00, 145, 'B', '2020-06-06', '2020-06-06', 0, 0, 0, '2020-07-03 23:33:40', '2020-07-03 23:33:40', 0, ''),
	(632, 240.00, 82, 'I', '2020-07-03', '2020-07-03', 0, 0, 1, '2020-07-12 11:05:47', '2020-07-12 12:32:06', 0, 'UPI-CR-018600594736-KARTHIKEYAN PAZHANISAMY-KKBK-5712433504-UPI'),
	(633, 240.00, 57, 'I', '2020-07-04', '2020-07-04', 0, 0, 1, '2020-07-12 11:06:30', '2020-07-12 12:32:06', 0, 'UPI-CR-018606358345-RAMRASI MURUGESAN-KVBL-1285166000005820-June'),
	(634, 480.00, 65, 'I', '2020-07-04', '2020-07-04', 0, 0, 1, '2020-07-12 11:06:30', '2020-07-12 12:32:06', 0, 'UPI-CR-018606358345-RAMRASI MURUGESAN-KVBL-1285166000005820-June'),
	(635, 240.00, 119, 'I', '2020-07-04', '2020-07-04', 0, 0, 1, '2020-07-12 11:07:06', '2020-07-12 12:32:07', 0, 'UPI-CR-018607001884-KIRANKUMAR J-KVBL-1285166000009429-Interest amount for June 2020'),
	(636, 240.00, 121, 'I', '2020-07-04', '2020-07-04', 0, 0, 1, '2020-07-12 11:07:06', '2020-07-12 12:32:07', 0, 'UPI-CR-018607001884-KIRANKUMAR J-KVBL-1285166000009429-Interest amount for June 2020'),
	(637, 240.00, 123, 'I', '2020-07-04', '2020-07-04', 0, 0, 1, '2020-07-12 11:07:06', '2020-07-12 12:32:07', 0, 'UPI-CR-018607001884-KIRANKUMAR J-KVBL-1285166000009429-Interest amount for June 2020'),
	(638, 480.00, 126, 'I', '2020-07-04', '2020-07-04', 0, 0, 1, '2020-07-12 11:07:06', '2020-07-12 12:32:08', 0, 'UPI-CR-018607001884-KIRANKUMAR J-KVBL-1285166000009429-Interest amount for June 2020'),
	(639, 1560.00, 110, 'I', '2020-07-04', '2020-07-04', 0, 0, 1, '2020-07-12 11:08:37', '2020-07-12 12:32:07', 0, 'UPI-CR-018607444491-PANNEER SELVAM B-HDFC-50100054796378-UPI'),
	(640, 480.00, 111, 'I', '2020-07-04', '2020-07-04', 0, 0, 1, '2020-07-12 11:08:38', '2020-07-12 12:32:07', 0, 'UPI-CR-018607444491-PANNEER SELVAM B-HDFC-50100054796378-UPI'),
	(641, 120.00, 113, 'I', '2020-07-04', '2020-07-04', 0, 0, 1, '2020-07-12 11:08:38', '2020-07-12 12:32:07', 0, 'UPI-CR-018607444491-PANNEER SELVAM B-HDFC-50100054796378-UPI'),
	(642, 240.00, 115, 'I', '2020-07-04', '2020-07-04', 0, 0, 1, '2020-07-12 11:08:38', '2020-07-12 12:32:07', 0, 'UPI-CR-018607444491-PANNEER SELVAM B-HDFC-50100054796378-UPI'),
	(643, 720.00, 116, 'I', '2020-07-04', '2020-07-04', 0, 0, 1, '2020-07-12 11:08:38', '2020-07-12 12:32:07', 0, 'UPI-CR-018607444491-PANNEER SELVAM B-HDFC-50100054796378-UPI'),
	(644, 1200.00, 135, 'I', '2020-07-04', '2020-07-04', 0, 0, 1, '2020-07-12 11:08:38', '2020-07-12 12:32:08', 0, 'UPI-CR-018607444491-PANNEER SELVAM B-HDFC-50100054796378-UPI'),
	(645, 480.00, 124, 'I', '2020-07-04', '2020-07-04', 0, 0, 1, '2020-07-12 11:09:20', '2020-07-12 12:32:07', 0, 'UPI-CR-018608123736-KARTHI M-ICIC-353401502915-Karthi interest'),
	(646, 2400.00, 48, 'I', '2020-07-04', '2020-07-04', 0, 0, 1, '2020-07-12 11:11:24', '2020-07-12 12:32:05', 0, 'UPI-CR-018610035034-PRABU G-KVBL-1285178000000120-UPI'),
	(647, 1200.00, 59, 'I', '2020-07-04', '2020-07-04', 0, 0, 1, '2020-07-12 11:11:25', '2020-07-12 12:32:06', 0, 'UPI-CR-018610035034-PRABU G-KVBL-1285178000000120-UPI'),
	(648, 480.00, 87, 'I', '2020-07-04', '2020-07-04', 0, 0, 1, '2020-07-12 11:11:25', '2020-07-12 12:32:06', 0, 'UPI-CR-018610035034-PRABU G-KVBL-1285178000000120-UPI'),
	(649, 1200.00, 134, 'I', '2020-07-04', '2020-07-04', 0, 0, 1, '2020-07-12 11:11:25', '2020-07-12 12:32:08', 0, 'UPI-CR-018610035034-PRABU G-KVBL-1285178000000120-UPI'),
	(650, 1250.00, 17, 'I', '2020-07-04', '2020-07-04', 0, 0, 1, '2020-07-12 11:12:08', '2020-07-12 12:32:05', 0, 'UPI-CR-018611379990-PRAKASH N-CNRB-2539118000565-Suganya interest june'),
	(651, 310.00, 89, 'I', '2020-07-04', '2020-07-04', 0, 0, 1, '2020-07-12 11:12:38', '2020-07-12 12:32:07', 0, 'UPI-CR-018616654326-KORRA JYOTHI PRAKASH-KVBL-1285178000001519-Interest'),
	(652, 2040.00, 90, 'I', '2020-07-04', '2020-07-04', 0, 0, 1, '2020-07-12 11:12:39', '2020-07-12 12:32:07', 0, 'UPI-CR-018616654326-KORRA JYOTHI PRAKASH-KVBL-1285178000001519-Interest'),
	(653, 1340.00, 72, 'I', '2020-07-04', '2020-07-04', 0, 0, 1, '2020-07-12 11:13:06', '2020-07-12 12:32:06', 0, 'IMPS-018621268385-GANESHAN M-xxxxxxxxxxx0766-IMPS P2A ramesh'),
	(654, 2500.00, 18, 'I', '2020-07-04', '2020-07-04', 0, 0, 1, '2020-07-12 11:13:45', '2020-07-12 12:32:05', 0, '354056944286797-BOOPATHY K-1143155000147212-INT'),
	(655, 814.00, 102, 'I', '2020-06-16', '2020-06-16', 0, 0, 1, '2020-07-12 11:18:08', '2020-07-12 12:32:07', 0, 'Received in HDFC'),
	(656, 400.00, 102, 'I', '2020-07-06', '2020-07-06', 0, 0, 1, '2020-07-12 11:18:51', '2020-07-12 12:32:07', 0, 'UPI-CR-018816333165-BEEMAN-TMBL-118100080201295-UPI'),
	(657, 244.00, 19, 'I', '2020-07-07', '2020-07-07', 0, 0, 1, '2020-07-12 11:19:53', '2020-07-12 12:32:05', 0, 'UPI-CR-018918463454-KANNAN G-HDFC-50100208155997-UPI'),
	(658, 488.00, 53, 'I', '2020-07-07', '2020-07-07', 0, 0, 1, '2020-07-12 11:19:53', '2020-07-12 12:32:05', 0, 'UPI-CR-018918463454-KANNAN G-HDFC-50100208155997-UPI'),
	(659, 1220.00, 105, 'I', '2020-07-07', '2020-07-07', 0, 0, 1, '2020-07-12 11:19:53', '2020-07-12 12:32:07', 0, 'UPI-CR-018918463454-KANNAN G-HDFC-50100208155997-UPI'),
	(660, 976.00, 120, 'I', '2020-07-07', '2020-07-07', 0, 0, 1, '2020-07-12 11:19:53', '2020-07-12 12:32:07', 0, 'UPI-CR-018918463454-KANNAN G-HDFC-50100208155997-UPI'),
	(661, 1200.00, 139, 'I', '2020-07-08', '2020-07-08', 0, 0, 1, '2020-07-12 11:20:29', '2020-07-12 12:32:08', 0, 'MPAY/UPI/FI Funds Trans-1142155000183808'),
	(662, 240.00, 43, 'I', '2020-07-09', '2020-07-09', 0, 0, 1, '2020-07-12 11:21:36', '2020-07-12 12:32:05', 0, 'IMPS-019109144340-RAM KUMAR M-xxxxxxxxxx2645-Ram to Ramesh interest'),
	(663, 1200.00, 44, 'I', '2020-07-09', '2020-07-09', 0, 0, 1, '2020-07-12 11:21:36', '2020-07-12 12:32:05', 0, 'IMPS-019109144340-RAM KUMAR M-xxxxxxxxxx2645-Ram to Ramesh interest'),
	(664, 960.00, 56, 'I', '2020-07-09', '2020-07-09', 0, 0, 1, '2020-07-12 11:21:36', '2020-07-12 12:32:06', 0, 'IMPS-019109144340-RAM KUMAR M-xxxxxxxxxx2645-Ram to Ramesh interest'),
	(665, 840.00, 25, 'I', '2020-07-12', '2020-07-12', 0, 0, 1, '2020-07-12 11:23:27', '2020-07-12 12:32:05', 0, 'MPAY/UPI/FI Funds Trans-1285166000005441'),
	(666, 888.00, 28, 'I', '2020-07-12', '2020-07-12', 0, 0, 1, '2020-07-12 11:23:27', '2020-07-12 12:32:05', 0, 'MPAY/UPI/FI Funds Trans-1285166000005441'),
	(667, 1456.00, 30, 'I', '2020-07-12', '2020-07-12', 0, 0, 1, '2020-07-12 11:23:27', '2020-07-12 12:32:05', 0, 'MPAY/UPI/FI Funds Trans-1285166000005441'),
	(668, 2184.00, 32, 'I', '2020-07-12', '2020-07-12', 0, 0, 1, '2020-07-12 11:23:27', '2020-07-12 12:32:05', 0, 'MPAY/UPI/FI Funds Trans-1285166000005441'),
	(669, 420.00, 73, 'I', '2020-07-12', '2020-07-12', 0, 0, 1, '2020-07-12 11:23:27', '2020-07-12 12:32:06', 0, 'MPAY/UPI/FI Funds Trans-1285166000005441'),
	(670, 1860.00, 103, 'I', '2020-07-12', '2020-07-12', 0, 0, 1, '2020-07-12 11:23:28', '2020-07-12 12:32:07', 0, 'MPAY/UPI/FI Funds Trans-1285166000005441'),
	(671, 240.00, 125, 'I', '2020-07-11', '2020-07-11', 0, 0, 1, '2020-07-12 11:27:20', '2020-07-12 12:32:08', 0, 'UPI-CR-019336442185-R RANJITH-IOBA-270001000005490-Payment from PhonePe'),
	(672, 120.00, 137, 'I', '2020-07-11', '2020-07-11', 0, 0, 1, '2020-07-12 11:27:20', '2020-07-12 12:32:08', 0, 'UPI-CR-019336442185-R RANJITH-IOBA-270001000005490-Payment from PhonePe'),
	(673, 160.00, 141, 'I', '2020-07-11', '2020-07-11', 0, 0, 1, '2020-07-12 11:27:20', '2020-07-12 12:32:08', 0, 'UPI-CR-019336442185-R RANJITH-IOBA-270001000005490-Payment from PhonePe'),
	(674, 15000.00, 137, 'R', '2020-07-10', '2020-07-10', 0, 0, 1, '2020-07-12 11:27:55', '2020-09-18 07:54:41', 0, 'OnHand'),
	(675, 5000.00, 141, 'R', '2020-07-10', '2020-07-10', 0, 0, 1, '2020-07-12 11:28:21', '2020-09-18 07:54:42', 0, 'On hand'),
	(676, 30000.00, 125, 'R', '2020-07-10', '2020-07-11', 0, 0, 1, '2020-07-12 11:28:41', '2020-07-16 12:13:26', 0, 'On hand'),
	(677, 50000.00, 94, 'R', '2020-06-30', '2020-07-01', 0, 0, 1, '2020-07-12 11:43:12', '2020-07-16 12:14:19', 0, 'Account transfer to Prabakaran'),
	(678, 50000.00, 146, 'B', '2020-07-01', '2020-07-01', 0, 0, 0, '2020-07-12 11:44:17', '2020-07-12 11:44:17', 0, ''),
	(679, 300000.00, 147, 'B', '2020-07-01', '2020-07-01', 0, 0, 0, '2020-07-12 11:55:00', '2020-07-12 11:55:00', 0, ''),
	(680, 50000.00, 147, 'R', '2020-07-10', '2020-07-11', 0, 0, 1, '2020-07-12 11:55:22', '2020-07-16 12:14:34', 0, 'On hand'),
	(681, 100000.00, 48, 'R', '2020-06-30', '2020-07-01', 0, 0, 1, '2020-07-12 12:02:30', '2020-09-18 07:54:37', 0, 'Loan transfer to Pramesh'),
	(682, 100000.00, 148, 'B', '2020-07-01', '2020-07-01', 0, 0, 0, '2020-07-12 12:02:58', '2020-07-12 12:02:58', 0, ''),
	(683, 50000.00, 103, 'R', '2020-06-30', '2020-07-01', 0, 0, 1, '2020-07-12 12:05:12', '2020-07-16 12:14:23', 0, 'Loan transfer to Pramesh'),
	(684, 50000.00, 149, 'B', '2020-07-01', '2020-07-01', 0, 0, 0, '2020-07-12 12:05:35', '2020-07-12 12:05:35', 0, ''),
	(685, 150000.00, 150, 'B', '2020-07-06', '2020-07-06', 0, 0, 0, '2020-07-12 12:10:41', '2020-07-12 12:10:41', 0, ''),
	(686, 1500.00, 144, 'I', '2020-07-12', '2020-07-12', 1, 0, 1, '2020-07-12 12:25:55', '2020-07-12 12:32:08', 0, 'Behalf of Pazhani'),
	(688, 120.00, 137, 'E', '2020-07-12', NULL, 0, 0, 1, '2020-07-12 12:32:01', '2020-07-12 18:58:54', 0, 'Excess on settlement Jul-2020'),
	(689, 1.00, 102, 'E', '2020-07-12', NULL, 0, 0, 1, '2020-07-12 12:32:03', '2020-07-12 18:58:53', 0, 'Excess on settlement Jul-2020'),
	(690, 1160.00, 103, 'E', '2020-07-12', NULL, 0, 0, 1, '2020-07-12 12:32:03', '2020-07-12 18:58:53', 0, 'Excess on settlement Jul-2020'),
	(691, 40.00, 141, 'E', '2020-07-12', NULL, 0, 0, 1, '2020-07-12 12:32:03', '2020-07-12 18:58:54', 0, 'Excess on settlement Jul-2020'),
	(692, 240.00, 125, 'E', '2020-07-12', NULL, 0, 0, 1, '2020-07-12 12:32:04', '2020-07-12 18:58:54', 0, 'Excess on settlement Jul-2020'),
	(693, 12.00, 109, 'E', '2020-07-12', NULL, 0, 0, 1, '2020-07-12 18:58:52', '2020-08-27 19:50:48', 0, 'Excess on settlement Jul-2020'),
	(694, 2000.00, 151, 'B', '2020-07-13', '2020-07-13', 0, 0, 0, '2020-07-14 11:10:56', '2020-07-14 11:10:56', 0, ''),
	(695, 2000.00, 40, 'I', '2020-07-16', '2020-07-16', 0, 0, 1, '2020-07-16 09:32:21', '2020-08-27 19:50:47', 0, 'IMPS-019612966432-MR AJITHKUMAR-xxxxxx1955-Ajesh'),
	(696, 100000.00, 118, 'R', '2020-06-30', '2020-07-01', 0, 0, 1, '2020-07-16 11:41:38', '2020-07-16 12:13:41', 0, 'Loan transferred to Tyrion'),
	(697, 100000.00, 152, 'B', '2020-07-01', '2020-07-01', 0, 0, 0, '2020-07-16 11:41:38', '2020-07-16 11:41:38', 0, 'Loan transferred from Moorthi SRM'),
	(698, 50000.00, 83, 'R', '2020-06-30', '2020-07-01', 0, 0, 1, '2020-07-16 11:43:15', '2020-07-16 12:13:38', 0, 'Loan transferred to Tyrion'),
	(699, 50000.00, 153, 'B', '2020-07-01', '2020-07-01', 0, 0, 0, '2020-07-16 11:43:15', '2020-07-16 11:43:15', 0, 'Loan transferred from MHS'),
	(700, 10000.00, 64, 'R', '2020-06-30', '2020-07-01', 0, 0, 1, '2020-07-16 11:59:56', '2020-07-16 12:13:31', 0, 'Loan transferred to Tyrion'),
	(701, 10000.00, 154, 'B', '2020-07-01', '2020-07-01', 0, 0, 0, '2020-07-16 11:59:56', '2020-07-16 11:59:56', 0, 'Loan transferred from Selva Switch Team'),
	(702, 10000.00, 64, 'R', '2020-06-30', '2020-07-01', 0, 0, 1, '2020-07-16 12:01:35', '2020-07-16 12:13:34', 0, 'Loan transferred to Pramesh'),
	(703, 10000.00, 155, 'B', '2020-07-01', '2020-07-01', 0, 0, 0, '2020-07-16 12:01:35', '2020-07-16 12:01:35', 0, 'Loan transferred from Selva Switch Team'),
	(704, 15000.00, 100, 'R', '2020-07-14', '2020-07-14', 0, 0, 1, '2020-07-16 12:06:35', '2020-09-18 07:54:29', 0, 'MPAY/UPI/FI Funds Trans-1285166000013671'),
	(705, 530.00, 100, 'I', '2020-07-14', '2020-07-14', 0, 0, 1, '2020-07-16 12:07:07', '2020-08-27 19:50:48', 0, 'MPAY/UPI/FI Funds Trans-1285166000013671'),
	(706, 25000.00, 156, 'B', '2020-07-01', '2020-07-01', 0, 0, 0, '2020-08-01 10:53:10', '2020-08-01 10:53:10', 0, 'Transfered by Ramesh to Raam'),
	(707, 1200.00, 45, 'I', '2020-07-17', '2020-07-17', 0, 0, 1, '2020-08-01 10:57:55', '2020-08-27 19:50:47', 0, 'UPI-CR-019911410336-PRAVEEN J-ICIC-253901502222-Interest for july'),
	(708, 20000.00, 124, 'R', '2020-07-18', '2020-07-20', 0, 0, 1, '2020-08-01 10:59:40', '2020-09-18 07:54:07', 0, 'UPI-CR-020211051652-KARTHI M-ICIC-353401502915-Hi'),
	(709, 288.00, 124, 'I', '2020-07-20', '2020-07-20', 0, 0, 1, '2020-08-01 11:00:36', '2020-08-27 19:50:49', 0, 'UPI-CR-020211051652-KARTHI M-ICIC-353401502915-Hi'),
	(710, 10000.00, 157, 'B', '2020-07-21', '2020-07-21', 0, 0, 0, '2020-08-01 11:04:45', '2020-08-01 11:04:45', 0, 'MPAY/UPI/FI Funds Trans-1285166000013581'),
	(711, 4880.00, 52, 'I', '2020-07-22', '2020-07-22', 0, 0, 1, '2020-08-01 11:05:40', '2020-08-27 19:50:48', 0, 'UPI-CR-020318717770-NEELAM PREMKUMAR-KVBL-1285166000008402-UPI'),
	(712, 282.00, 31, 'I', '2020-07-26', '2020-07-26', 0, 0, 1, '2020-08-01 11:07:10', '2020-08-27 19:50:47', 0, 'UPI-CR-020812610440-GOWTHAMAN K-KKBK-3413119710-Jul int'),
	(713, 5000.00, 29, 'I', '2020-07-27', '2020-07-27', 0, 0, 1, '2020-08-01 11:07:50', '2020-08-27 19:50:47', 0, 'UPI-CR-020911391606-SATHISH KUMAR M-KVBL-1143170000023381-UPI'),
	(714, 240.00, 68, 'I', '2020-07-31', '2020-07-31', 0, 0, 1, '2020-08-01 11:09:39', '2020-08-27 19:50:48', 0, 'MPAY/UPI/FI Funds Trans-1285166000014406'),
	(715, 720.00, 74, 'I', '2020-07-31', '2020-07-31', 0, 0, 1, '2020-08-01 11:09:39', '2020-08-27 19:50:48', 0, 'MPAY/UPI/FI Funds Trans-1285166000014406'),
	(716, 1200.00, 77, 'I', '2020-07-31', '2020-07-31', 0, 0, 1, '2020-08-01 11:09:39', '2020-08-27 19:50:48', 0, 'MPAY/UPI/FI Funds Trans-1285166000014406'),
	(717, 290.00, 128, 'I', '2020-07-31', '2020-07-31', 0, 0, 1, '2020-08-01 11:09:39', '2020-08-27 19:50:49', 0, 'MPAY/UPI/FI Funds Trans-1285166000014406'),
	(718, 248.00, 108, 'I', '2020-08-01', '2020-08-01', 0, 0, 1, '2020-08-01 11:11:34', '2020-08-27 19:50:48', 0, 'IMPS-021407835356-Mr  SRIDHAYABHARAN  -xxxxxxxxxxxxx5739-MOBUA0293027465'),
	(719, 112.00, 109, 'I', '2020-08-01', '2020-08-01', 0, 0, 1, '2020-08-01 11:11:34', '2020-08-27 19:50:48', 0, 'IMPS-021407835356-Mr  SRIDHAYABHARAN  -xxxxxxxxxxxxx5739-MOBUA0293027465'),
	(720, 20000.00, 63, 'R', '2020-05-31', '2020-06-01', 0, 0, 1, '2020-08-03 12:31:36', '2020-09-18 07:54:43', 0, 'Loan transferred to Innomac Capitals'),
	(721, 20000.00, 158, 'B', '2020-06-01', '2020-06-01', 0, 0, 0, '2020-08-03 12:31:36', '2020-08-03 12:31:36', 0, 'Loan transferred from Selva Switch Team'),
	(722, 50000.00, 159, 'B', '2020-07-01', '2020-07-01', 0, 0, 0, '2020-08-06 14:23:33', '2020-08-06 14:23:33', 0, 'Personal'),
	(723, 15000.00, 160, 'B', '2020-08-01', '2020-08-01', 0, 0, 0, '2020-08-23 10:14:33', '2020-08-23 10:14:33', 0, 'UPI-DR-021412073667-20025635739SBIN0000001ifscnpci-SBIN-20025635739-Bhf Ramprabhu'),
	(724, 10000.00, 29, 'I', '2020-08-01', '2020-08-01', 0, 0, 1, '2020-08-23 10:15:58', '2020-08-27 19:50:47', 0, 'UPI-CR-021413022998-M SATHISH KUMAR-IOBA-00043349-UPI'),
	(725, 248.00, 119, 'I', '2020-08-01', '2020-08-01', 0, 0, 1, '2020-08-23 10:17:01', '2020-08-27 19:50:49', 0, 'UPI-CR-021414259640-KIRANKUMAR J-KVBL-1285166000009429-Interest amount july 2020'),
	(726, 248.00, 121, 'I', '2020-08-01', '2020-08-01', 0, 0, 1, '2020-08-23 10:17:02', '2020-08-27 19:50:49', 0, 'UPI-CR-021414259640-KIRANKUMAR J-KVBL-1285166000009429-Interest amount july 2020'),
	(727, 248.00, 123, 'I', '2020-08-01', '2020-08-01', 0, 0, 1, '2020-08-23 10:17:02', '2020-08-27 19:50:49', 0, 'UPI-CR-021414259640-KIRANKUMAR J-KVBL-1285166000009429-Interest amount july 2020'),
	(728, 496.00, 126, 'I', '2020-08-01', '2020-08-01', 0, 0, 1, '2020-08-23 10:17:02', '2020-08-27 19:50:49', 0, 'UPI-CR-021414259640-KIRANKUMAR J-KVBL-1285166000009429-Interest amount july 2020'),
	(729, 248.00, 57, 'I', '2020-08-01', '2020-08-01', 0, 0, 1, '2020-08-23 10:18:11', '2020-08-27 19:50:48', 0, 'MPAY/UPI/FI Funds Trans-1285166000005820'),
	(730, 496.00, 65, 'I', '2020-08-01', '2020-08-01', 0, 0, 1, '2020-08-23 10:18:11', '2020-08-27 19:50:48', 0, 'MPAY/UPI/FI Funds Trans-1285166000005820'),
	(731, 248.00, 82, 'I', '2020-08-01', '2020-08-01', 0, 0, 1, '2020-08-23 10:24:46', '2020-08-27 19:50:48', 0, 'UPI-CR-021421336300-KARTHIKEYAN  P-SBIN-00000031058279100-UPI'),
	(732, 1240.00, 45, 'I', '2020-08-02', '2020-08-02', 0, 0, 1, '2020-08-23 10:25:30', '2020-08-27 19:50:47', 0, 'UPI-CR-021423209803-PRAVEEN J-ICIC-253901502222-August interest'),
	(733, 372.00, 89, 'I', '2020-08-02', '2020-08-02', 0, 0, 1, '2020-08-23 10:27:18', '2020-08-27 19:50:48', 0, '730650059791687-KORRA JYOTHI PRAKASH-1285178000001519-Interest'),
	(734, 2108.00, 90, 'I', '2020-08-02', '2020-08-02', 0, 0, 1, '2020-08-23 10:27:18', '2020-08-27 19:50:48', 0, '730650059791687-KORRA JYOTHI PRAKASH-1285178000001519-Interest'),
	(735, 1416.00, 142, 'I', '2020-08-03', '2020-08-03', 0, 0, 1, '2020-08-23 10:28:30', '2020-08-27 19:50:49', 0, 'UPI-CR-021644873941-RAGHUL-CNRB-4045101005471-Ranjitha'),
	(736, 236.00, 143, 'I', '2020-08-03', '2020-08-03', 0, 0, 1, '2020-08-23 10:28:30', '2020-08-27 19:50:49', 0, 'UPI-CR-021644873941-RAGHUL-CNRB-4045101005471-Ranjitha'),
	(737, 1220.00, 49, 'I', '2020-08-03', '2020-08-03', 0, 0, 1, '2020-08-23 10:29:24', '2020-08-27 19:50:47', 0, 'UPI-CR-021613649688-ARUN RAJU-UTIB-916010054412715-Selva interest'),
	(738, 480.00, 64, 'I', '2020-08-03', '2020-08-03', 0, 0, 1, '2020-08-23 10:29:25', '2020-08-27 19:50:48', 0, 'UPI-CR-021613649688-ARUN RAJU-UTIB-916010054412715-Selva interest'),
	(739, 248.00, 154, 'I', '2020-08-03', '2020-08-03', 0, 0, 1, '2020-08-23 10:29:25', '2020-08-27 19:50:49', 0, 'UPI-CR-021613649688-ARUN RAJU-UTIB-916010054412715-Selva interest'),
	(740, 248.00, 155, 'I', '2020-08-03', '2020-08-03', 0, 0, 1, '2020-08-23 10:29:25', '2020-08-27 19:50:49', 0, 'UPI-CR-021613649688-ARUN RAJU-UTIB-916010054412715-Selva interest'),
	(741, 976.00, 158, 'I', '2020-08-03', '2020-08-03', 0, 0, 1, '2020-08-23 10:29:25', '2020-08-27 19:50:49', 0, 'UPI-CR-021613649688-ARUN RAJU-UTIB-916010054412715-Selva interest'),
	(742, 1612.00, 110, 'I', '2020-08-03', '2020-08-03', 0, 0, 1, '2020-08-23 10:30:49', '2020-08-27 19:50:48', 0, '128424260218897-PANNEERSELVAM B-1285166000013581-Panneer - Interest amt of July'),
	(743, 496.00, 111, 'I', '2020-08-03', '2020-08-03', 0, 0, 1, '2020-08-23 10:30:49', '2020-08-27 19:50:48', 0, '128424260218897-PANNEERSELVAM B-1285166000013581-Panneer - Interest amt of July'),
	(744, 124.00, 113, 'I', '2020-08-03', '2020-08-03', 0, 0, 1, '2020-08-23 10:30:49', '2020-08-27 19:50:48', 0, '128424260218897-PANNEERSELVAM B-1285166000013581-Panneer - Interest amt of July'),
	(745, 248.00, 115, 'I', '2020-08-03', '2020-08-03', 0, 0, 1, '2020-08-23 10:30:49', '2020-08-27 19:50:49', 0, '128424260218897-PANNEERSELVAM B-1285166000013581-Panneer - Interest amt of July'),
	(746, 744.00, 116, 'I', '2020-08-03', '2020-08-03', 0, 0, 1, '2020-08-23 10:30:49', '2020-08-27 19:50:49', 0, '128424260218897-PANNEERSELVAM B-1285166000013581-Panneer - Interest amt of July'),
	(747, 1240.00, 135, 'I', '2020-08-03', '2020-08-03', 0, 0, 1, '2020-08-23 10:30:49', '2020-08-27 19:50:49', 0, '128424260218897-PANNEERSELVAM B-1285166000013581-Panneer - Interest amt of July'),
	(748, 87.00, 157, 'I', '2020-08-03', '2020-08-03', 0, 0, 1, '2020-08-23 10:30:49', '2020-08-27 19:50:49', 0, '128424260218897-PANNEERSELVAM B-1285166000013581-Panneer - Interest amt of July'),
	(749, 1600.00, 140, 'I', '2020-08-04', '2020-08-04', 0, 0, 1, '2020-08-23 10:35:12', '2020-08-27 19:50:49', 0, 'UPI-CR-021708211544-M SATHISH KUMAR-IOBA-00043349-UPI'),
	(751, 248.00, 72, 'I', '2020-08-04', '2020-08-04', 0, 0, 1, '2020-08-23 10:37:18', '2020-08-27 19:50:48', 0, 'IMPS-021711581710-GANESHAN M-xxxxxxxxxxx0766-IMPS P2A ramesh'),
	(752, 1000.00, 72, 'R', '2020-08-04', '2020-08-04', 0, 0, 1, '2020-08-23 10:38:08', '2020-09-18 07:53:57', 0, 'IMPS-021711581710-GANESHAN M-xxxxxxxxxxx0766-IMPS P2A ramesh'),
	(753, 412.00, 102, 'I', '2020-08-05', '2020-08-05', 0, 0, 1, '2020-08-23 10:39:25', '2020-08-27 19:50:48', 0, 'UPI-CR-021811048613-BEEMAN-TMBL-118100080201295-UPI'),
	(756, 20000.00, 161, 'B', '2020-08-05', '2020-08-05', 0, 0, 0, '2020-08-23 10:46:50', '2020-08-23 10:46:50', 0, 'MPAY/UPI/FI Funds Trans-1285166000004206'),
	(757, 1050.00, 159, 'I', '2020-08-06', '2020-08-06', 0, 0, 1, '2020-08-23 10:57:29', '2020-08-27 20:07:42', 0, 'UPI-DR-021942914984-THANGAVEL-KVBL-1191155000046969-Payment from PhonePe'),
	(758, 5600.00, 147, 'I', '2020-08-06', '2020-08-06', 0, 0, 1, '2020-08-23 11:00:06', '2020-08-27 20:03:23', 0, 'UPI-DR-021942914984-THANGAVEL-KVBL-1191155000046969-Payment from PhonePe'),
	(759, 1240.00, 140, 'I', '2020-08-07', '2020-08-07', 0, 0, 1, '2020-08-23 11:09:27', '2020-08-27 20:35:52', 0, 'UPI-CR-022007043384-KARTHICK S-KVBL-1190155000133408-UPI'),
	(760, 248.00, 43, 'I', '2020-08-08', '2020-08-08', 0, 0, 1, '2020-08-23 11:14:08', '2020-08-27 20:35:52', 0, 'MPAY/UPI/FI Funds Trans-1285166000006468'),
	(761, 1240.00, 44, 'I', '2020-08-08', '2020-08-08', 0, 0, 1, '2020-08-23 11:14:08', '2020-08-27 20:35:52', 0, 'MPAY/UPI/FI Funds Trans-1285166000006468'),
	(762, 992.00, 56, 'I', '2020-08-08', '2020-08-08', 0, 0, 1, '2020-08-23 11:14:08', '2020-08-27 20:35:52', 0, 'MPAY/UPI/FI Funds Trans-1285166000006468'),
	(763, 2000.00, 151, 'R', '2020-08-08', '2020-08-08', 0, 0, 1, '2020-08-23 11:20:17', '2020-09-18 07:54:01', 0, 'UPI-CR-022208109387-KANNAN G-HDFC-50100208155997-UPI'),
	(764, 124.00, 19, 'I', '2020-08-09', '2020-08-09', 0, 0, 1, '2020-08-23 11:34:07', '2020-08-27 20:35:52', 0, 'UPI-CR-022208109387-KANNAN G-HDFC-50100208155997-UPI'),
	(765, 248.00, 53, 'I', '2020-08-09', '2020-08-09', 0, 0, 1, '2020-08-23 11:34:07', '2020-08-27 20:35:52', 0, 'UPI-CR-022208109387-KANNAN G-HDFC-50100208155997-UPI'),
	(766, 620.00, 105, 'I', '2020-08-09', '2020-08-09', 0, 0, 1, '2020-08-23 11:34:07', '2020-08-27 20:35:52', 0, 'UPI-CR-022208109387-KANNAN G-HDFC-50100208155997-UPI'),
	(767, 496.00, 120, 'I', '2020-08-09', '2020-08-09', 0, 0, 1, '2020-08-23 11:34:07', '2020-08-27 20:35:52', 0, 'UPI-CR-022208109387-KANNAN G-HDFC-50100208155997-UPI'),
	(768, 125.00, 161, 'I', '2020-08-13', '2020-08-13', 0, 0, 1, '2020-08-23 11:40:06', '2020-09-07 10:20:43', 0, 'UPI-CR-022611034395-SADAM HUSSAIN R-KVBL-1285166000004206-Sam'),
	(769, 5120.00, 91, 'I', '2020-08-15', '2020-08-15', 0, 0, 1, '2020-08-23 11:43:44', '2020-08-27 20:35:52', 0, 'CASH DEPOSIT AT CDM-S1ECD119001'),
	(770, 4880.00, 144, 'I', '2020-08-15', '2020-08-15', 0, 0, 1, '2020-08-23 11:43:44', '2020-08-27 20:35:52', 0, 'CASH DEPOSIT AT CDM-S1ECD119001'),
	(771, 50000.00, 159, 'R', '2020-08-19', '2020-08-19', 0, 0, 1, '2020-08-23 11:44:24', '2020-09-18 07:54:38', 0, 'IMPS-023212005535-Mr RAMAKRISHNAN R-xxxxxxxxxx5199-remark'),
	(772, 665.00, 159, 'I', '2020-08-19', '2020-08-19', 0, 0, 1, '2020-08-23 11:44:56', '2020-08-27 21:25:08', 0, 'UPI-CR-023212628402-R RAMAKRISHNAN-IBKL-0393104000085436-UPI'),
	(773, 60000.00, 162, 'B', '2020-08-11', '2020-08-11', 0, 0, 0, '2020-08-23 11:52:27', '2020-08-23 11:52:27', 0, 'Borrowed for patta loan repay '),
	(774, 775.00, 146, 'I', '2020-08-23', '2020-08-23', 1, 0, 1, '2020-08-23 12:16:01', '2020-08-27 21:25:08', 0, 'Prabakaran'),
	(775, 50000.00, 146, 'R', '2020-08-19', '2020-08-20', 0, 0, 1, '2020-08-23 12:24:05', '2020-09-18 07:54:13', 0, 'Loan transferred to Raam'),
	(776, 50000.00, 163, 'B', '2020-08-20', '2020-08-20', 0, 0, 0, '2020-08-23 12:24:05', '2020-08-23 12:24:05', 0, 'Loan transferred from MHS'),
	(777, 50000.00, 164, 'B', '2020-08-19', '2020-08-19', 0, 0, 0, '2020-08-23 12:31:25', '2020-08-23 12:31:25', 0, 'IMPS-023217351323-SBIN-xxxxxxx1973-kannan'),
	(778, 30000.00, 165, 'B', '2020-08-21', '2020-08-21', 0, 0, 0, '2020-08-23 12:36:09', '2020-08-23 12:36:09', 0, 'IMPS-023413482126-SBIN-xxxxxxx5739-dhaya'),
	(779, 270.00, 62, 'I', '2020-08-11', '2020-08-11', 0, 0, 1, '2020-08-24 10:05:47', '2020-08-27 21:21:07', 0, 'On hand. 3000 given'),
	(780, 2730.00, 150, 'I', '2020-08-11', '2020-08-11', 0, 0, 1, '2020-08-24 10:05:47', '2020-08-27 21:21:08', 0, 'On hand. 3000 given'),
	(781, 25000.00, 166, 'B', '2020-08-23', '2020-08-23', 0, 0, 0, '2020-08-24 10:22:05', '2020-08-24 10:22:05', 0, 'Urgent purpose'),
	(782, 16500.00, 50, 'I', '2020-08-24', '2020-08-24', 0, 1, 0, '2020-08-24 14:46:25', '2020-08-24 14:46:25', 0, 'Waiver for Corona'),
	(783, 4500.00, 131, 'I', '2020-08-24', '2020-08-24', 0, 1, 0, '2020-08-24 14:46:25', '2020-08-24 14:46:25', 0, 'Waiver for Corona'),
	(784, 4500.00, 132, 'I', '2020-08-24', '2020-08-24', 0, 1, 0, '2020-08-24 14:46:25', '2020-08-24 14:46:25', 0, 'Waiver for Corona'),
	(785, 4500.00, 129, 'I', '2020-08-24', '2020-08-24', 0, 1, 0, '2020-08-24 14:47:00', '2020-08-24 14:47:00', 0, 'Vaiwer for Corona'),
	(786, 4500.00, 130, 'I', '2020-08-24', '2020-08-24', 0, 1, 0, '2020-08-24 14:47:00', '2020-08-24 14:47:00', 0, 'Vaiwer for Corona'),
	(787, 1500.00, 129, 'I', '2020-08-26', '2020-08-26', 0, 0, 1, '2020-08-26 12:32:02', '2020-08-27 21:21:08', 0, 'He given to chit'),
	(788, 1500.00, 130, 'I', '2020-08-26', '2020-08-26', 0, 0, 1, '2020-08-26 12:32:02', '2020-08-27 21:21:08', 0, 'He given to chit'),
	(789, 4500.00, 50, 'I', '2020-08-26', '2020-08-26', 0, 0, 1, '2020-08-26 12:32:32', '2020-08-27 21:21:07', 0, 'He given to chit'),
	(790, 1500.00, 131, 'I', '2020-08-26', '2020-08-26', 0, 0, 1, '2020-08-26 12:32:32', '2020-08-27 21:21:08', 0, 'He given to chit'),
	(791, 1500.00, 132, 'I', '2020-08-26', '2020-08-26', 0, 0, 1, '2020-08-26 12:32:32', '2020-08-27 21:21:08', 0, 'He given to chit'),
	(792, 20000.00, 69, 'I', '2020-08-26', '2020-08-26', 0, 0, 1, '2020-08-27 17:43:44', '2020-08-27 21:21:08', 0, '30000-MPAY/UPI/FI Funds Trans-1143155000164440 '),
	(793, 8240.00, 118, 'I', '2020-08-26', '2020-08-26', 0, 0, 1, '2020-08-27 17:43:44', '2020-08-27 21:21:08', 0, '30000-MPAY/UPI/FI Funds Trans-1143155000164440 '),
	(794, 1760.00, 152, 'I', '2020-08-26', '2020-08-26', 0, 0, 1, '2020-08-27 17:43:44', '2020-08-27 21:21:08', 0, '30000-MPAY/UPI/FI Funds Trans-1143155000164440 '),
	(795, 10000.00, 157, 'R', '2020-08-27', '2020-08-27', 0, 0, 1, '2020-08-27 17:44:29', '2020-09-18 07:54:23', 0, '125099374557406-PANNEERSELVAM B-1285166000013581-Panneer - Full Settled'),
	(796, 50000.00, 135, 'R', '2020-08-27', '2020-08-27', 0, 0, 1, '2020-08-27 17:44:53', '2020-09-18 07:54:23', 0, '125099374557406-PANNEERSELVAM B-1285166000013581-Panneer - Full Settled'),
	(797, 30000.00, 116, 'R', '2020-08-27', '2020-08-27', 0, 0, 1, '2020-08-27 17:45:05', '2020-09-18 07:54:22', 0, '125099374557406-PANNEERSELVAM B-1285166000013581-Panneer - Full Settled'),
	(798, 5000.00, 113, 'R', '2020-08-27', '2020-08-27', 0, 0, 1, '2020-08-27 17:45:17', '2020-09-18 07:54:20', 0, '125099374557406-PANNEERSELVAM B-1285166000013581-Panneer - Full Settled'),
	(799, 20000.00, 111, 'R', '2020-08-27', '2020-08-27', 0, 0, 1, '2020-08-27 17:45:27', '2020-09-18 07:54:19', 0, '125099374557406-PANNEERSELVAM B-1285166000013581-Panneer - Full Settled'),
	(800, 10000.00, 115, 'R', '2020-08-27', '2020-08-27', 0, 0, 1, '2020-08-27 17:45:36', '2020-09-18 07:54:21', 0, '125099374557406-PANNEERSELVAM B-1285166000013581-Panneer - Full Settled'),
	(801, 65000.00, 110, 'R', '2020-08-27', '2020-08-27', 0, 0, 1, '2020-08-27 17:45:48', '2020-09-18 07:54:18', 0, '125099374557406-PANNEERSELVAM B-1285166000013581-Panneer - Full Settled'),
	(802, 2.00, 100, 'E', '2020-08-27', NULL, 0, 0, 1, '2020-08-27 19:50:45', '2020-09-07 10:12:21', 0, 'Excess on settlement Aug-2020'),
	(803, 48.00, 109, 'E', '2020-08-27', NULL, 0, 0, 1, '2020-08-27 19:50:45', '2020-09-07 10:20:42', 0, 'Excess on settlement Aug-2020'),
	(804, 6000.00, 69, 'E', '2020-08-27', NULL, 0, 0, 1, '2020-08-27 21:21:07', '2020-09-07 10:20:42', 0, 'Excess on settlement Aug-2020'),
	(805, 43000.00, 27, 'R', '2020-08-30', '2020-08-30', 0, 0, 1, '2020-09-01 17:07:34', '2020-09-18 07:54:16', 0, 'Repaid'),
	(806, 10000.00, 167, 'B', '2020-08-30', '2020-08-30', 0, 0, 0, '2020-09-01 18:08:59', '2020-09-01 18:08:59', 0, 'Personal'),
	(807, 80000.00, 168, 'B', '2020-08-30', '2020-08-30', 0, 0, 0, '2020-09-01 18:10:45', '2020-09-01 18:10:45', 0, 'Personal'),
	(808, 10000.00, 169, 'B', '2020-08-30', '2020-08-30', 0, 0, 0, '2020-09-01 18:11:38', '2020-09-01 18:11:38', 0, 'Personal'),
	(809, 70000.00, 170, 'B', '2020-09-01', '2020-09-01', 0, 0, 0, '2020-09-01 18:51:15', '2020-09-01 18:51:15', 0, 'For his brother'),
	(810, 50000.00, 171, 'B', '2020-09-01', '2020-09-01', 0, 0, 0, '2020-09-01 18:52:54', '2020-09-01 18:52:54', 0, 'Personal'),
	(811, 5250.00, 147, 'I', '2020-09-06', '2020-09-06', 0, 0, 1, '2020-09-06 08:24:34', '2020-09-07 10:20:43', 0, 'Interest paid'),
	(812, 248.00, 108, 'I', '2020-09-01', '2020-09-01', 0, 0, 1, '2020-09-06 08:43:37', '2020-09-07 10:20:42', 0, 'IMPS-024513628716-Mr  SRIDHAYABHARAN  -xxxxxxxxxxxxx5739-MOBUA0303349767'),
	(813, 76.00, 109, 'I', '2020-09-01', '2020-09-01', 0, 0, 1, '2020-09-06 08:43:38', '2020-09-07 10:20:42', 0, 'IMPS-024513628716-Mr  SRIDHAYABHARAN  -xxxxxxxxxxxxx5739-MOBUA0303349767'),
	(814, 264.00, 165, 'I', '2020-09-01', '2020-09-01', 0, 0, 1, '2020-09-06 08:43:38', '2020-09-07 10:20:43', 0, 'IMPS-024513628716-Mr  SRIDHAYABHARAN  -xxxxxxxxxxxxx5739-MOBUA0303349767'),
	(815, 25000.00, 166, 'R', '2020-09-01', '2020-09-01', 0, 0, 1, '2020-09-06 08:57:02', '2020-09-18 07:54:14', 0, 'UPI-CR-024520037289-M SATHISH KUMAR-IOBA-00043349-UPI'),
	(816, 150.00, 166, 'I', '2020-09-06', '2020-09-06', 0, 0, 1, '2020-09-06 08:57:44', '2020-09-07 10:20:43', 0, 'Behalf of MHS paid from pramesh'),
	(817, 2480.00, 59, 'I', '2020-09-01', '2020-09-01', 0, 0, 1, '2020-09-06 09:01:24', '2020-09-07 10:20:42', 0, 'UPI-CR-024522846538-PRABU G-KVBL-1285178000000120-UPI'),
	(818, 992.00, 87, 'I', '2020-09-01', '2020-09-01', 0, 0, 1, '2020-09-06 09:01:24', '2020-09-07 10:20:42', 0, 'UPI-CR-024522846538-PRABU G-KVBL-1285178000000120-UPI'),
	(819, 2480.00, 134, 'I', '2020-09-01', '2020-09-01', 0, 0, 1, '2020-09-06 09:01:24', '2020-09-07 10:20:43', 0, 'UPI-CR-024522846538-PRABU G-KVBL-1285178000000120-UPI'),
	(820, 4960.00, 148, 'I', '2020-09-01', '2020-09-01', 0, 0, 1, '2020-09-06 09:01:24', '2020-09-07 10:20:43', 0, 'UPI-CR-024522846538-PRABU G-KVBL-1285178000000120-UPI'),
	(821, 496.00, 68, 'I', '2020-09-02', '2020-09-02', 0, 0, 1, '2020-09-06 09:03:56', '2020-09-07 10:20:42', 0, 'MPAY/UPI/FI Funds Trans-1285166000014406'),
	(822, 1488.00, 74, 'I', '2020-09-02', '2020-09-02', 0, 0, 1, '2020-09-06 09:03:56', '2020-09-07 10:20:42', 0, 'MPAY/UPI/FI Funds Trans-1285166000014406'),
	(823, 2480.00, 77, 'I', '2020-09-02', '2020-09-02', 0, 0, 1, '2020-09-06 09:03:56', '2020-09-07 10:20:42', 0, 'MPAY/UPI/FI Funds Trans-1285166000014406'),
	(824, 444.00, 128, 'I', '2020-09-02', '2020-09-02', 0, 0, 1, '2020-09-06 09:03:56', '2020-09-07 10:20:43', 0, 'MPAY/UPI/FI Funds Trans-1285166000014406'),
	(825, 248.00, 82, 'I', '2020-09-02', '2020-09-02', 0, 0, 1, '2020-09-06 09:05:20', '2020-09-07 10:20:42', 0, 'UPI-CR-024601309341-KARTHIKEYAN PAZHANISAMY-KKBK-5712433504-UPI'),
	(826, 248.00, 57, 'I', '2020-09-02', '2020-09-02', 0, 0, 1, '2020-09-06 09:07:34', '2020-09-07 10:20:42', 0, 'MPAY/UPI/FI Funds Trans-1285166000005820'),
	(827, 496.00, 65, 'I', '2020-09-02', '2020-09-02', 0, 0, 1, '2020-09-06 09:07:34', '2020-09-07 10:20:42', 0, 'MPAY/UPI/FI Funds Trans-1285166000005820'),
	(828, 50000.00, 164, 'R', '2020-08-31', '2020-09-06', 0, 0, 1, '2020-09-07 09:41:15', '2020-09-18 07:54:04', 0, 'UPI-CR-025008977056-K DHIVYA-HDFC-50100208156004-Payment from PhonePe'),
	(829, 1404.00, 110, 'I', '2020-09-02', '2020-09-02', 0, 0, 1, '2020-09-07 09:43:38', '2020-09-07 10:20:42', 0, '581048577839077-PANNEERSELVAM B-1285166000013581-Interest Amt Aug - Panneer'),
	(830, 432.00, 111, 'I', '2020-09-02', '2020-09-02', 0, 0, 1, '2020-09-07 09:43:38', '2020-09-07 10:20:42', 0, '581048577839077-PANNEERSELVAM B-1285166000013581-Interest Amt Aug - Panneer'),
	(831, 108.00, 113, 'I', '2020-09-02', '2020-09-02', 0, 0, 1, '2020-09-07 09:43:38', '2020-09-07 10:20:42', 0, '581048577839077-PANNEERSELVAM B-1285166000013581-Interest Amt Aug - Panneer'),
	(832, 216.00, 115, 'I', '2020-09-02', '2020-09-02', 0, 0, 1, '2020-09-07 09:43:38', '2020-09-07 10:20:42', 0, '581048577839077-PANNEERSELVAM B-1285166000013581-Interest Amt Aug - Panneer'),
	(833, 648.00, 116, 'I', '2020-09-02', '2020-09-02', 0, 0, 1, '2020-09-07 09:43:38', '2020-09-07 10:20:42', 0, '581048577839077-PANNEERSELVAM B-1285166000013581-Interest Amt Aug - Panneer'),
	(834, 1080.00, 135, 'I', '2020-09-02', '2020-09-02', 0, 0, 1, '2020-09-07 09:43:38', '2020-09-07 10:20:43', 0, '581048577839077-PANNEERSELVAM B-1285166000013581-Interest Amt Aug - Panneer'),
	(835, 217.00, 157, 'I', '2020-09-02', '2020-09-02', 0, 0, 1, '2020-09-07 09:43:38', '2020-09-07 10:20:43', 0, '581048577839077-PANNEERSELVAM B-1285166000013581-Interest Amt Aug - Panneer'),
	(836, 372.00, 89, 'I', '2020-09-02', '2020-09-02', 0, 0, 1, '2020-09-07 09:44:21', '2020-09-07 10:20:42', 0, 'UPI-CR-024615766154-KORRA JYOTHI PRAKASH-KVBL-1285178000001519-Interest amount'),
	(837, 2108.00, 90, 'I', '2020-09-02', '2020-09-02', 0, 0, 1, '2020-09-07 09:44:21', '2020-09-07 10:20:42', 0, 'UPI-CR-024615766154-KORRA JYOTHI PRAKASH-KVBL-1285178000001519-Interest amount'),
	(838, 1250.00, 17, 'I', '2020-09-02', '2020-09-02', 0, 0, 1, '2020-09-07 09:45:26', '2020-09-07 10:20:42', 0, 'UPI-CR-024715634910-PRAKASH N-CNRB-2539118000565-Suganya interest'),
	(839, 248.00, 119, 'I', '2020-09-02', '2020-09-02', 0, 0, 1, '2020-09-07 09:45:56', '2020-09-07 10:20:42', 0, 'UPI-CR-024717881401-KIRANKUMAR J-KVBL-1285166000009429-Aug interest'),
	(840, 248.00, 121, 'I', '2020-09-02', '2020-09-02', 0, 0, 1, '2020-09-07 09:45:56', '2020-09-07 10:20:42', 0, 'UPI-CR-024717881401-KIRANKUMAR J-KVBL-1285166000009429-Aug interest'),
	(841, 248.00, 123, 'I', '2020-09-02', '2020-09-02', 0, 0, 1, '2020-09-07 09:45:56', '2020-09-07 10:20:43', 0, 'UPI-CR-024717881401-KIRANKUMAR J-KVBL-1285166000009429-Aug interest'),
	(842, 496.00, 126, 'I', '2020-09-02', '2020-09-02', 0, 0, 1, '2020-09-07 09:45:56', '2020-09-07 10:20:43', 0, 'UPI-CR-024717881401-KIRANKUMAR J-KVBL-1285166000009429-Aug interest'),
	(843, 226.00, 72, 'I', '2020-09-05', '2020-09-05', 0, 0, 1, '2020-09-07 09:46:42', '2020-09-07 10:20:42', 0, 'IMPS-024910212485-GANESHAN M-xxxxxxxxxxx0766-IMPS P2A ramesh'),
	(844, 1000.00, 72, 'R', '2020-08-31', '2020-09-05', 0, 0, 1, '2020-09-07 09:47:15', '2020-09-18 07:53:58', 0, 'IMPS-024910212485-GANESHAN M-xxxxxxxxxxx0766-IMPS P2A ramesh'),
	(845, 60000.00, 162, 'R', '2020-09-05', '2020-09-05', 0, 0, 1, '2020-09-07 09:48:51', '2020-09-18 07:54:31', 0, 'MPAY/UPI/FI Funds Trans-1285166000013671'),
	(846, 1246.00, 162, 'I', '2020-09-05', '2020-09-05', 0, 0, 1, '2020-09-07 09:49:53', '2020-09-07 10:20:43', 0, 'MPAY/UPI/FI Funds Trans-1285166000013671'),
	(847, 420.00, 164, 'I', '2020-09-07', '2020-09-07', 1, 0, 1, '2020-09-07 09:57:59', '2020-09-07 10:20:43', 0, 'Behalf of Kanna'),
	(848, 372.00, 160, 'I', '2020-09-01', '2020-09-01', 0, 0, 1, '2020-09-07 10:02:21', '2020-09-07 10:20:43', 0, 'IMPS-024513628716-Mr  SRIDHAYABHARAN  -xxxxxxxxxxxxx5739-MOBUA0303349767'),
	(849, 238.00, 162, 'E', '2020-09-07', NULL, 0, 0, 1, '2020-09-07 10:20:40', '2020-09-07 10:21:36', 0, 'Excess on settlement Sep-2020'),
	(850, 2000.00, 69, 'E', '2020-09-07', NULL, 0, 0, 1, '2020-09-07 10:20:40', '2020-10-09 07:15:26', 0, 'Excess on settlement Sep-2020'),
	(851, 17.00, 166, 'E', '2020-09-07', NULL, 0, 0, 1, '2020-09-07 10:20:41', '2020-10-09 07:15:27', 0, 'Excess on settlement Sep-2020'),
	(852, 248.00, 43, 'I', '2020-09-07', '2020-09-07', 0, 0, 1, '2020-09-12 16:58:47', '2020-09-12 17:11:44', 0, 'UPI-CR-025144686232-RAMKUMAR M-KVBL-1285166000006468-NA'),
	(853, 1240.00, 44, 'I', '2020-09-07', '2020-09-07', 0, 0, 1, '2020-09-12 16:58:47', '2020-09-12 17:11:45', 0, 'UPI-CR-025144686232-RAMKUMAR M-KVBL-1285166000006468-NA'),
	(854, 992.00, 56, 'I', '2020-09-07', '2020-09-07', 0, 0, 1, '2020-09-12 16:58:47', '2020-09-12 17:11:45', 0, 'UPI-CR-025144686232-RAMKUMAR M-KVBL-1285166000006468-NA'),
	(855, 620.00, 49, 'I', '2020-09-07', '2020-09-07', 0, 0, 1, '2020-09-12 16:59:35', '2020-09-12 17:11:45', 0, 'UPI-CR-025111764955-ARUN RAJU-UTIB-916010054412715-Selvamathirajan interest'),
	(856, 248.00, 154, 'I', '2020-09-07', '2020-09-07', 0, 0, 1, '2020-09-12 16:59:35', '2020-09-12 17:11:45', 0, 'UPI-CR-025111764955-ARUN RAJU-UTIB-916010054412715-Selvamathirajan interest'),
	(857, 248.00, 155, 'I', '2020-09-07', '2020-09-07', 0, 0, 1, '2020-09-12 16:59:35', '2020-09-12 17:11:45', 0, 'UPI-CR-025111764955-ARUN RAJU-UTIB-916010054412715-Selvamathirajan interest'),
	(858, 496.00, 158, 'I', '2020-09-07', '2020-09-07', 0, 0, 1, '2020-09-12 16:59:35', '2020-09-12 17:11:45', 0, 'UPI-CR-025111764955-ARUN RAJU-UTIB-916010054412715-Selvamathirajan interest'),
	(859, 245.00, 62, 'I', '2020-09-08', '2020-09-08', 0, 0, 1, '2020-09-12 17:03:46', '2020-09-12 17:11:45', 0, 'IMPS-025211351580-N-TJSB-xxxxxxxxxx3344-Praveen interest'),
	(860, 3255.00, 150, 'I', '2020-09-08', '2020-09-08', 0, 0, 1, '2020-09-12 17:03:46', '2020-09-12 17:11:45', 0, 'IMPS-025211351580-N-TJSB-xxxxxxxxxx3344-Praveen interest'),
	(861, 744.00, 142, 'I', '2020-09-10', '2020-09-10', 0, 0, 1, '2020-09-12 17:06:15', '2020-09-12 17:11:45', 0, 'UPI-CR-025409912145-RANJITHA P-SYNB-65622610002939-UPI'),
	(862, 64.00, 143, 'I', '2020-09-10', '2020-09-10', 0, 0, 1, '2020-09-12 17:06:15', '2020-09-12 17:11:45', 0, 'UPI-CR-025409912145-RANJITHA P-SYNB-65622610002939-UPI'),
	(863, 13320.00, 23, 'I', '2020-09-12', '2020-09-12', 0, 0, 1, '2020-09-12 17:07:18', '2020-09-12 17:11:44', 0, 'IMPS-025614953006-SATHIARAJ L-TJSB-xxxxxxxx5148-Int'),
	(864, 3500.00, 98, 'I', '2020-09-12', '2020-09-12', 0, 0, 1, '2020-09-12 17:14:24', '2020-09-12 17:14:46', 0, 'Dhivya savings amount'),
	(865, 1550.00, 144, 'I', '2020-09-12', '2020-09-12', 1, 0, 1, '2020-09-12 17:30:27', '2020-09-12 17:30:46', 0, 'Behalf of Pazhani to Praba'),
	(866, 40000.00, 56, 'R', '2020-08-31', '2020-09-01', 0, 0, 1, '2020-09-12 17:44:17', '2020-09-18 07:54:40', 0, 'Loan transferred to Prakash'),
	(867, 40000.00, 172, 'B', '2020-09-01', '2020-09-01', 0, 0, 0, '2020-09-12 17:44:17', '2020-09-12 17:44:17', 0, 'Loan transferred from Ramkumar MRL'),
	(868, 20000.00, 103, 'R', '2020-08-31', '2020-09-01', 0, 0, 1, '2020-09-12 17:46:50', '2020-09-18 07:54:12', 0, 'Loan transferred to Prakash'),
	(869, 20000.00, 173, 'B', '2020-09-01', '2020-09-01', 0, 0, 0, '2020-09-12 17:46:50', '2020-09-12 17:46:50', 0, 'Loan transferred from Manikandan M'),
	(870, 60000.00, 147, 'R', '2020-08-31', '2020-09-13', 0, 0, 1, '2020-09-18 07:21:37', '2020-09-18 07:54:39', 0, '60k return '),
	(871, 744.00, 28, 'I', '2020-09-14', '2020-09-14', 0, 0, 1, '2020-09-18 07:40:08', '2020-09-18 07:52:26', 0, 'MPAY/UPI/FI Funds Trans-1285166000005441'),
	(872, 992.00, 30, 'I', '2020-09-14', '2020-09-14', 0, 0, 1, '2020-09-18 07:40:08', '2020-09-18 07:52:26', 0, 'MPAY/UPI/FI Funds Trans-1285166000005441'),
	(873, 1288.00, 32, 'I', '2020-09-14', '2020-09-14', 0, 0, 1, '2020-09-18 07:40:08', '2020-09-18 07:52:26', 0, 'MPAY/UPI/FI Funds Trans-1285166000005441'),
	(874, 2028.00, 73, 'I', '2020-09-14', '2020-09-14', 0, 0, 1, '2020-09-18 07:40:08', '2020-09-18 07:52:26', 0, 'MPAY/UPI/FI Funds Trans-1285166000005441'),
	(875, 812.00, 103, 'I', '2020-09-14', '2020-09-14', 0, 0, 1, '2020-09-18 07:40:08', '2020-09-18 07:52:26', 0, 'MPAY/UPI/FI Funds Trans-1285166000005441'),
	(876, 1136.00, 149, 'I', '2020-09-14', '2020-09-14', 0, 0, 1, '2020-09-18 07:40:08', '2020-09-18 07:52:27', 0, 'MPAY/UPI/FI Funds Trans-1285166000005441'),
	(877, 10000.00, 174, 'B', '2020-09-18', '2020-09-18', 0, 0, 0, '2020-10-01 13:09:29', '2020-10-01 13:09:29', 0, 'MPAY/UPI/FI Funds Trans-1143155000159764 - Personal'),
	(878, 600.00, 40, 'I', '2020-09-18', '2020-09-18', 0, 0, 1, '2020-10-01 13:11:33', '2020-10-01 13:26:00', 0, 'UPI-CR-026219998928-RAMAKRISHNAN L-KVBL-1666155000022954-UPI'),
	(879, 414.00, 102, 'I', '2020-09-18', '2020-09-18', 0, 0, 1, '2020-10-01 13:12:03', '2020-10-01 13:26:00', 0, 'UPI-CR-026220094450-BEEMAN-TMBL-118100080201295-UPI'),
	(880, 307.00, 161, 'I', '2020-09-19', '2020-09-19', 0, 0, 1, '2020-10-01 13:16:33', '2020-10-01 13:26:00', 0, 'UPI-CR-026507597898-SADAM HUSSAIN R-KVBL-1285166000004206-Sadam'),
	(881, 52.00, 40, 'E', '2020-10-01', NULL, 0, 0, 1, '2020-10-01 13:25:59', '2020-10-09 07:15:25', 0, 'Excess on settlement Oct-2020'),
	(882, 10000.00, 175, 'B', '2020-09-24', '2020-09-24', 0, 0, 0, '2020-10-01 13:27:24', '2020-10-01 13:27:24', 0, 'He got from ranjith. '),
	(883, 3000.00, 55, 'I', '2020-08-31', '2020-08-31', 0, 0, 1, '2020-10-01 13:42:43', '2020-10-09 07:15:25', 0, 'Room rent directly given as interest. debited from tyrion'),
	(884, 3000.00, 55, 'I', '2020-10-01', '2020-10-01', 0, 0, 1, '2020-10-01 13:44:06', '2020-10-09 07:15:25', 0, 'Room rent convert as interest'),
	(885, 1240.00, 140, 'I', '2020-09-23', '2020-09-23', 0, 0, 1, '2020-10-01 14:22:16', '2020-10-09 07:15:27', 0, 'Debited from saro akka chit '),
	(886, 35000.00, 176, 'B', '2020-10-01', '2020-10-01', 0, 0, 0, '2020-10-01 15:39:12', '2020-10-01 15:39:12', 0, 'Personal'),
	(887, 40000.00, 177, 'B', '2020-10-01', '2020-10-01', 0, 0, 0, '2020-10-01 15:39:42', '2020-10-01 15:39:42', 0, 'Personal'),
	(888, 200.00, 72, 'I', '2020-10-01', '2020-10-01', 0, 0, 1, '2020-10-01 15:50:58', '2020-10-09 07:15:26', 0, 'IMPS-027514634231-GANESHAN M-TJSB-xxxxxx9396-IMPS P2A ramesh'),
	(889, 1000.00, 72, 'R', '2020-09-30', '2020-10-01', 0, 0, 1, '2020-10-01 15:51:21', '2020-10-16 18:31:17', 0, 'IMPS-027514634231-GANESHAN M-TJSB-xxxxxx9396-IMPS P2A ramesh'),
	(890, 1680.00, 170, 'I', '2020-10-01', '2020-10-01', 0, 0, 1, '2020-10-01 15:53:34', '2020-10-09 07:15:28', 0, '296784996271211-PANNEERSELVAM B-1285166000013581-Interest Amt Sep - Panneer'),
	(891, 240.00, 57, 'I', '2020-10-01', '2020-10-01', 0, 0, 1, '2020-10-01 16:02:01', '2020-10-09 07:15:25', 0, 'MPAY/UPI/FI Funds Trans-1285166000005820'),
	(892, 480.00, 65, 'I', '2020-10-01', '2020-10-01', 0, 0, 1, '2020-10-01 16:02:01', '2020-10-09 07:15:25', 0, 'MPAY/UPI/FI Funds Trans-1285166000005820'),
	(893, 378.00, 31, 'I', '2020-10-01', '2020-10-01', 0, 0, 1, '2020-10-01 16:04:40', '2020-10-09 07:15:25', 0, 'Sent to HDFC'),
	(894, 360.00, 89, 'I', '2020-10-01', '2020-10-01', 0, 0, 1, '2020-10-01 16:05:03', '2020-10-09 07:15:26', 0, 'Sent to HDFC'),
	(895, 2040.00, 90, 'I', '2020-10-01', '2020-10-01', 0, 0, 1, '2020-10-01 16:05:04', '2020-10-09 07:15:26', 0, 'Sent to HDFC'),
	(896, 2440.00, 45, 'I', '2020-10-01', '2020-10-01', 0, 0, 1, '2020-10-01 16:05:18', '2020-10-09 07:15:25', 0, 'Sent to HDFC'),
	(897, 240.00, 82, 'I', '2020-10-01', '2020-10-01', 0, 0, 1, '2020-10-01 16:05:32', '2020-10-09 07:15:26', 0, 'Sent to HDFC'),
	(898, 10000.00, 174, 'R', '2020-10-01', '2020-10-01', 0, 0, 1, '2020-10-07 12:46:05', '2020-10-16 18:31:49', 0, 'Return to HDFC'),
	(899, 240.00, 108, 'I', '2020-10-01', '2020-10-01', 0, 0, 1, '2020-10-07 13:04:32', '2020-10-09 07:15:26', 0, 'IMPS-027520997949-Mr  SRIDHAYABHARAN  -TJSB-xxxxxx2290-MOBUA0313333335'),
	(900, 120.00, 109, 'I', '2020-10-01', '2020-10-01', 0, 0, 1, '2020-10-07 13:04:32', '2020-10-09 07:15:26', 0, 'IMPS-027520997949-Mr  SRIDHAYABHARAN  -TJSB-xxxxxx2290-MOBUA0313333335'),
	(901, 720.00, 165, 'I', '2020-10-01', '2020-10-01', 0, 0, 1, '2020-10-07 13:04:32', '2020-10-09 07:15:27', 0, 'IMPS-027520997949-Mr  SRIDHAYABHARAN  -TJSB-xxxxxx2290-MOBUA0313333335'),
	(902, 360.00, 160, 'I', '2020-10-01', '2020-10-01', 0, 0, 1, '2020-10-07 13:05:00', '2020-10-09 07:15:27', 0, 'IMPS-027520997949-Mr  SRIDHAYABHARAN  -TJSB-xxxxxx2290-MOBUA0313333335'),
	(903, 1200.00, 59, 'I', '2020-10-02', '2020-10-02', 0, 0, 1, '2020-10-07 19:17:01', '2020-10-09 07:15:25', 0, 'UPI-CR-027612811946-PRABU G-KVBL-1285178000000120-UPI'),
	(904, 480.00, 87, 'I', '2020-10-02', '2020-10-02', 0, 0, 1, '2020-10-07 19:17:01', '2020-10-09 07:15:26', 0, 'UPI-CR-027612811946-PRABU G-KVBL-1285178000000120-UPI'),
	(905, 1200.00, 134, 'I', '2020-10-02', '2020-10-02', 0, 0, 1, '2020-10-07 19:17:01', '2020-10-09 07:15:27', 0, 'UPI-CR-027612811946-PRABU G-KVBL-1285178000000120-UPI'),
	(906, 2400.00, 148, 'I', '2020-10-02', '2020-10-02', 0, 0, 1, '2020-10-07 19:17:01', '2020-10-09 07:15:27', 0, 'UPI-CR-027612811946-PRABU G-KVBL-1285178000000120-UPI'),
	(907, 240.00, 119, 'I', '2020-10-02', '2020-10-02', 0, 0, 1, '2020-10-07 19:19:15', '2020-10-09 07:15:26', 0, 'UPI-CR-027718266110-KIRANKUMAR J-KVBL-1285166000009429-Interest amount'),
	(908, 240.00, 121, 'I', '2020-10-02', '2020-10-02', 0, 0, 1, '2020-10-07 19:19:15', '2020-10-09 07:15:26', 0, 'UPI-CR-027718266110-KIRANKUMAR J-KVBL-1285166000009429-Interest amount'),
	(909, 240.00, 123, 'I', '2020-10-02', '2020-10-02', 0, 0, 1, '2020-10-07 19:19:15', '2020-10-09 07:15:26', 0, 'UPI-CR-027718266110-KIRANKUMAR J-KVBL-1285166000009429-Interest amount'),
	(910, 480.00, 126, 'I', '2020-10-02', '2020-10-02', 0, 0, 1, '2020-10-07 19:19:16', '2020-10-09 07:15:26', 0, 'UPI-CR-027718266110-KIRANKUMAR J-KVBL-1285166000009429-Interest amount'),
	(911, 15000.00, 160, 'R', '2020-09-30', '2020-10-04', 0, 0, 1, '2020-10-07 19:22:27', '2020-10-16 18:31:44', 0, 'IMPS-027722906116-Mr  SRIDHAYABHARAN  -TJSB-xxxxxx2290-MOBUA0314163185'),
	(912, 240.00, 68, 'I', '2020-10-05', '2020-10-05', 0, 0, 1, '2020-10-07 19:23:50', '2020-10-09 07:15:25', 0, 'MB-XFER KVB AC-XXX4406-423375515535-bill'),
	(913, 720.00, 74, 'I', '2020-10-05', '2020-10-05', 0, 0, 1, '2020-10-07 19:23:50', '2020-10-09 07:15:26', 0, 'MB-XFER KVB AC-XXX4406-423375515535-bill'),
	(914, 1200.00, 77, 'I', '2020-10-05', '2020-10-05', 0, 0, 1, '2020-10-07 19:23:50', '2020-10-09 07:15:26', 0, 'MB-XFER KVB AC-XXX4406-423375515535-bill'),
	(915, 240.00, 128, 'I', '2020-10-05', '2020-10-05', 0, 0, 1, '2020-10-07 19:23:50', '2020-10-09 07:15:26', 0, 'MB-XFER KVB AC-XXX4406-423375515535-bill'),
	(916, 2240.00, 91, 'I', '2020-10-05', '2020-10-05', 0, 0, 1, '2020-10-07 19:27:30', '2020-10-09 07:15:26', 0, 'CASH DEPOSIT AT CDM-S1ECD119001'),
	(917, 2880.00, 92, 'I', '2020-10-05', '2020-10-05', 0, 0, 1, '2020-10-07 19:27:30', '2020-10-09 07:15:26', 0, 'CASH DEPOSIT AT CDM-S1ECD119001'),
	(918, 4880.00, 144, 'I', '2020-10-05', '2020-10-05', 0, 0, 1, '2020-10-07 19:27:30', '2020-10-09 07:15:27', 0, 'CASH DEPOSIT AT CDM-S1ECD119001'),
	(919, 240.00, 43, 'I', '2020-10-05', '2020-10-05', 0, 0, 1, '2020-10-07 19:28:27', '2020-10-09 07:15:25', 0, 'UPI-CR-027990547394-RAMKUMAR M-KVBL-1285166000006468-NA'),
	(920, 1200.00, 44, 'I', '2020-10-05', '2020-10-05', 0, 0, 1, '2020-10-07 19:28:27', '2020-10-09 07:15:25', 0, 'UPI-CR-027990547394-RAMKUMAR M-KVBL-1285166000006468-NA'),
	(921, 960.00, 172, 'I', '2020-10-05', '2020-10-05', 0, 0, 1, '2020-10-07 19:28:27', '2020-10-09 07:15:28', 0, 'UPI-CR-027990547394-RAMKUMAR M-KVBL-1285166000006468-NA'),
	(922, 50000.00, 171, 'R', '2020-09-30', '2020-10-06', 0, 0, 1, '2020-10-07 21:18:50', '2020-10-16 18:31:40', 0, 'UPI-CR-027971394678-SETHURAMAN C-UBIN-611702010004228-Payment from PhonePe'),
	(923, 10000.00, 169, 'R', '2020-09-30', '2020-10-06', 0, 0, 1, '2020-10-07 21:19:13', '2020-10-16 18:31:39', 0, 'UPI-CR-027971394678-SETHURAMAN C-UBIN-611702010004228-Payment from PhonePe'),
	(924, 10000.00, 167, 'R', '2020-09-30', '2020-10-02', 0, 0, 1, '2020-10-07 21:19:56', '2020-10-16 18:31:38', 0, 'Sent to Prabakaran'),
	(925, 80000.00, 168, 'R', '2020-09-30', '2020-10-02', 0, 0, 1, '2020-10-07 21:20:18', '2020-10-16 18:31:38', 0, 'send to prabakaran'),
	(926, 60000.00, 144, 'R', '2020-09-30', '2020-10-01', 0, 0, 1, '2020-10-07 21:23:47', '2020-10-16 18:31:30', 0, 'Loan transferred to Tyrion'),
	(927, 60000.00, 178, 'B', '2020-10-01', '2020-10-01', 0, 0, 0, '2020-10-07 21:23:47', '2020-10-07 21:23:47', 0, 'Loan transferred from Pazhani Udhayam'),
	(928, 10000.00, 144, 'R', '2020-09-30', '2020-10-01', 0, 0, 1, '2020-10-07 21:24:35', '2020-10-16 18:31:31', 0, 'Loan transferred to Prakash'),
	(929, 10000.00, 179, 'B', '2020-10-01', '2020-10-01', 0, 0, 0, '2020-10-07 21:24:35', '2020-10-07 21:24:35', 0, 'Loan transferred from Pazhani Udhayam'),
	(930, 30000.00, 144, 'R', '2020-09-30', '2020-10-01', 0, 0, 1, '2020-10-07 21:24:55', '2020-10-16 18:31:32', 0, 'Loan transferred to Pramesh'),
	(931, 30000.00, 180, 'B', '2020-10-01', '2020-10-01', 0, 0, 0, '2020-10-07 21:24:56', '2020-10-07 21:24:56', 0, 'Loan transferred from Pazhani Udhayam'),
	(932, 30000.00, 98, 'R', '2020-09-30', '2020-10-04', 0, 0, 1, '2020-10-08 12:29:09', '2020-10-16 18:31:27', 0, 'On hand. 30000 given'),
	(933, 720.00, 142, 'I', '2020-10-07', '2020-10-07', 0, 0, 1, '2020-10-08 15:04:54', '2020-10-09 07:15:27', 0, 'UPI-CR-028117989548-RANJITHA P-SYNB-65622610002939-Payment'),
	(934, 180.00, 143, 'I', '2020-10-07', '2020-10-07', 0, 0, 1, '2020-10-08 15:04:54', '2020-10-09 07:15:27', 0, 'UPI-CR-028117989548-RANJITHA P-SYNB-65622610002939-Payment'),
	(935, 3990.00, 147, 'I', '2020-10-07', '2020-10-07', 0, 0, 1, '2020-10-08 15:05:48', '2020-10-09 07:15:27', 0, 'UPI-DR-028110679790-THANGAVEL-KVBL-1191155000046969-Payment from PhonePe'),
	(936, 224.00, 167, 'I', '2020-10-08', '2020-10-08', 0, 0, 1, '2020-10-09 06:58:18', '2020-10-09 07:15:27', 0, 'UPI-CR-028225191920-R RAMAKRISHNAN-IBKL-0393104000085436-Payment from PhonePe'),
	(937, 1792.00, 168, 'I', '2020-10-08', '2020-10-08', 0, 0, 1, '2020-10-09 06:58:18', '2020-10-09 07:15:27', 0, 'UPI-CR-028225191920-R RAMAKRISHNAN-IBKL-0393104000085436-Payment from PhonePe'),
	(938, 224.00, 169, 'I', '2020-10-08', '2020-10-08', 0, 0, 1, '2020-10-09 06:58:18', '2020-10-09 07:15:28', 0, 'UPI-CR-028225191920-R RAMAKRISHNAN-IBKL-0393104000085436-Payment from PhonePe'),
	(939, 1050.00, 171, 'I', '2020-10-08', '2020-10-08', 0, 0, 1, '2020-10-09 06:58:18', '2020-10-09 07:15:28', 0, 'UPI-CR-028225191920-R RAMAKRISHNAN-IBKL-0393104000085436-Payment from PhonePe'),
	(940, 244.00, 19, 'I', '2020-10-08', '2020-10-08', 0, 0, 1, '2020-10-09 07:00:29', '2020-10-09 07:15:25', 0, 'UPI-CR-028250138789-KANNAN G-HDFC-50100208155997-Payment from PhonePe'),
	(941, 488.00, 53, 'I', '2020-10-08', '2020-10-08', 0, 0, 1, '2020-10-09 07:00:30', '2020-10-09 07:15:25', 0, 'UPI-CR-028250138789-KANNAN G-HDFC-50100208155997-Payment from PhonePe'),
	(942, 1220.00, 105, 'I', '2020-10-08', '2020-10-08', 0, 0, 1, '2020-10-09 07:00:30', '2020-10-09 07:15:26', 0, 'UPI-CR-028250138789-KANNAN G-HDFC-50100208155997-Payment from PhonePe'),
	(943, 976.00, 120, 'I', '2020-10-08', '2020-10-08', 0, 0, 1, '2020-10-09 07:00:30', '2020-10-09 07:15:26', 0, 'UPI-CR-028250138789-KANNAN G-HDFC-50100208155997-Payment from PhonePe'),
	(944, 480.00, 164, 'I', '2020-10-08', '2020-10-08', 0, 0, 1, '2020-10-09 07:00:30', '2020-10-09 07:15:27', 0, 'UPI-CR-028250138789-KANNAN G-HDFC-50100208155997-Payment from PhonePe'),
	(945, 600.00, 49, 'I', '2020-10-08', '2020-10-08', 0, 0, 1, '2020-10-09 07:00:56', '2020-10-09 07:15:25', 0, 'UPI-CR-028214204488-ARUN RAJU-UTIB-916010054412715-Selva interest'),
	(946, 240.00, 154, 'I', '2020-10-08', '2020-10-08', 0, 0, 1, '2020-10-09 07:00:56', '2020-10-09 07:15:27', 0, 'UPI-CR-028214204488-ARUN RAJU-UTIB-916010054412715-Selva interest'),
	(947, 240.00, 155, 'I', '2020-10-08', '2020-10-08', 0, 0, 1, '2020-10-09 07:00:56', '2020-10-09 07:15:27', 0, 'UPI-CR-028214204488-ARUN RAJU-UTIB-916010054412715-Selva interest'),
	(948, 480.00, 158, 'I', '2020-10-08', '2020-10-08', 0, 0, 1, '2020-10-09 07:00:56', '2020-10-09 07:15:27', 0, 'UPI-CR-028214204488-ARUN RAJU-UTIB-916010054412715-Selva interest'),
	(949, 20000.00, 120, 'R', '2020-09-30', '2020-10-08', 0, 0, 1, '2020-10-09 07:01:51', '2020-10-16 18:31:25', 0, 'UPI-CR-028247933563-KANNAN G-HDFC-50100208155997-Payment from PhonePe'),
	(950, 25000.00, 105, 'R', '2020-09-30', '2020-10-08', 0, 0, 1, '2020-10-09 07:02:06', '2020-10-16 18:31:24', 0, 'UPI-CR-028247933563-KANNAN G-HDFC-50100208155997-Payment from PhonePe'),
	(951, 10000.00, 53, 'R', '2020-09-30', '2020-10-08', 0, 0, 1, '2020-10-09 07:02:24', '2020-10-16 18:31:23', 0, 'UPI-CR-028247933563-KANNAN G-HDFC-50100208155997-Payment from PhonePe'),
	(952, 5000.00, 19, 'R', '2020-09-30', '2020-10-08', 0, 0, 1, '2020-10-09 07:02:39', '2020-10-16 18:31:21', 0, 'UPI-CR-028247933563-KANNAN G-HDFC-50100208155997-Payment from PhonePe'),
	(953, 40000.00, 75, 'R', '2020-09-30', '2020-10-01', 0, 0, 1, '2020-10-09 07:10:08', '2020-10-16 18:31:47', 0, 'Loan transferred to Raam'),
	(954, 40000.00, 181, 'B', '2020-10-01', '2020-10-01', 0, 0, 0, '2020-10-09 07:10:08', '2020-10-09 07:10:08', 0, 'Loan transferred from Selva Raam'),
	(956, 4960.00, 52, 'I', '2020-10-13', '2020-10-13', 0, 0, 1, '2020-10-16 08:57:48', '2020-10-16 09:49:56', 0, 'UPI-CR-028757094365-NEELAM PREMKUMAR-KVBL-1285166000008402-Payment from PhonePe'),
	(957, 600.00, 72, 'R', '2020-10-13', '2020-10-13', 0, 0, 1, '2020-10-16 08:58:36', '2020-10-16 18:31:18', 0, 'UPI-CR-028719727831-UMA S-LAVB-0362301000118531-UPI'),
	(958, 2400.00, 54, 'I', '2020-10-14', '2020-10-14', 0, 0, 1, '2020-10-16 08:59:29', '2020-10-16 09:49:56', 0, 'UPI-CR-028810127878-RANJITHKUMAR P-KVBL-1739155000012437-UPI'),
	(959, 400.00, 72, 'R', '2020-10-14', '2020-10-14', 0, 0, 1, '2020-10-16 09:00:12', '2020-10-16 18:31:19', 0, 'IMPS-028811730863-GANESHAN M-TJSB-xxxxxx9396-IMPS P2A ramesh'),
	(960, 150000.00, 150, 'R', '2020-09-30', '2020-10-01', 0, 0, 1, '2020-10-16 09:12:45', '2020-10-16 18:31:35', 0, 'Loan transferred to Prakash'),
	(961, 150000.00, 182, 'B', '2020-10-01', '2020-10-01', 0, 0, 0, '2020-10-16 09:12:45', '2020-10-16 09:12:45', 0, 'Loan transferred from Praveen Kumar'),
	(962, 20000.00, 87, 'R', '2020-09-30', '2020-10-01', 0, 0, 1, '2020-10-16 09:15:44', '2020-10-16 18:31:35', 0, 'Loan transferred to Prakash'),
	(963, 20000.00, 183, 'B', '2020-10-01', '2020-10-01', 0, 0, 0, '2020-10-16 09:15:44', '2020-10-16 09:15:44', 0, 'Loan transferred from Prabu Asset'),
	(964, 190000.00, 147, 'R', '2020-09-30', '2020-10-10', 0, 0, 1, '2020-10-16 09:17:20', '2020-10-16 18:31:42', 0, 'Prakash chit amount 166500+interest 3500+20000 from pramesh'),
	(965, 25000.00, 156, 'R', '2020-07-01', '2020-10-16', 0, 0, 1, '2020-10-16 09:25:55', '2020-10-16 18:31:15', 0, 'He asked to exchange boopathi loan behalf of this '),
	(966, 20.00, 156, 'I', '2020-10-16', '2020-10-16', 0, 1, 0, '2020-10-16 09:26:46', '2020-10-16 09:26:46', 0, 'Acc tally. '),
	(967, 30000.00, 18, 'R', '2020-06-30', '2020-10-16', 0, 0, 0, '2020-10-16 09:27:39', '2020-10-16 09:39:12', 0, 'Loan transferred to Innomac Capitals'),
	(968, 30000.00, 184, 'B', '2020-07-01', '2020-07-01', 0, 0, 0, '2020-10-16 09:27:39', '2020-10-16 09:27:39', 0, 'Loan transferred from Bhupathy'),
	(969, 284.00, 18, 'I', '2020-10-13', '2020-10-13', 0, 0, 1, '2020-10-16 09:40:52', '2020-10-16 09:49:55', 0, '155050103587483-BOOPATHY K-1143155000147212-INT'),
	(970, 1716.00, 184, 'I', '2020-10-13', '2020-10-13', 0, 0, 1, '2020-10-16 09:40:52', '2020-10-16 09:49:56', 0, '155050103587483-BOOPATHY K-1143155000147212-INT'),
	(972, 350.00, 62, 'I', '2020-10-14', '2020-10-14', 0, 0, 1, '2020-10-16 18:42:20', '2020-10-16 18:42:43', 0, 'Praveen on hand . amount from tyrion'),
	(973, 3150.00, 150, 'I', '2020-10-14', '2020-10-14', 0, 0, 1, '2020-10-16 18:42:20', '2020-10-16 18:42:43', 0, 'Praveen on hand . amount from tyrion'),
	(974, 60000.00, 185, 'B', '2020-11-01', '2020-11-01', 0, 0, 0, '2020-11-01 17:11:46', '2020-11-01 17:11:46', 0, 'Prakash chit amount 60k sent from dhanraj acc as interest to krishna. but he didnt give. so converted to loan'),
	(975, 30400.00, 84, 'I', '2020-11-01', '2020-11-01', 0, 0, 1, '2020-11-01 17:15:15', '2020-11-01 17:18:35', 0, 'Interest Credit'),
	(976, 29600.00, 145, 'I', '2020-11-01', '2020-11-01', 0, 0, 1, '2020-11-01 17:15:15', '2020-11-01 17:18:35', 0, 'Interest Credit'),
	(977, 1200.00, 139, 'I', '2020-10-17', '2020-10-17', 0, 0, 1, '2020-11-01 18:40:16', '2020-11-01 19:59:53', 0, 'MB-XFER KVB AC-XXX3808-080143305569-June july aug'),
	(978, 1500.00, 85, 'I', '2020-10-17', '2020-10-17', 0, 0, 1, '2020-11-01 18:45:57', '2020-11-01 19:59:53', 0, 'UPI-CR-029112384656-KARTHIKEYAN M-KVBL-1811155000000501-UPI'),
	(979, 400.00, 40, 'I', '2020-10-17', '2020-10-17', 0, 0, 1, '2020-11-01 18:47:24', '2020-11-01 19:59:53', 0, 'UPI-CR-029113481013-BEEMAN-TMBL-118100080201295-UPI'),
	(980, 20000.00, 186, 'B', '2020-10-17', '2020-10-17', 0, 0, 0, '2020-11-01 18:49:20', '2020-11-01 18:49:20', 0, 'MB-XFER KVB AC-XXX0995-315373712538-parthiban'),
	(981, 10000.00, 187, 'B', '2020-10-18', '2020-10-18', 0, 0, 0, '2020-11-01 18:50:49', '2020-11-01 18:50:49', 0, 'IMPS-029209609401-IMPSP2A-SBIN-xxxxxxx7324-ganesh'),
	(982, 296.00, 28, 'I', '2020-10-19', '2020-10-19', 0, 0, 1, '2020-11-01 18:57:26', '2020-11-01 19:59:53', 0, 'MB-XFER KVB AC-XXX5441-743189719028-Interest from oct'),
	(983, 480.00, 30, 'I', '2020-10-19', '2020-10-19', 0, 0, 1, '2020-11-01 18:57:26', '2020-11-01 19:59:53', 0, 'MB-XFER KVB AC-XXX5441-743189719028-Interest from oct'),
	(984, 920.00, 32, 'I', '2020-10-19', '2020-10-19', 0, 0, 1, '2020-11-01 18:57:26', '2020-11-01 19:59:53', 0, 'MB-XFER KVB AC-XXX5441-743189719028-Interest from oct'),
	(985, 480.00, 73, 'I', '2020-10-19', '2020-10-19', 0, 0, 1, '2020-11-01 18:57:26', '2020-11-01 19:59:53', 0, 'MB-XFER KVB AC-XXX5441-743189719028-Interest from oct'),
	(986, 2544.00, 149, 'I', '2020-10-19', '2020-10-19', 0, 0, 1, '2020-11-01 18:57:26', '2020-11-01 19:59:53', 0, 'MB-XFER KVB AC-XXX5441-743189719028-Interest from oct'),
	(987, 480.00, 173, 'I', '2020-10-19', '2020-10-19', 0, 0, 1, '2020-11-01 18:57:26', '2020-11-01 19:59:53', 0, 'MB-XFER KVB AC-XXX5441-743189719028-Interest from oct'),
	(988, 30000.00, 188, 'B', '2020-10-20', '2020-10-20', 0, 0, 0, '2020-11-01 18:59:03', '2020-11-01 18:59:03', 0, 'UPI-DR-029441078262-1285166000009429KVBL0000001ifscnpci-KVBL-1285166000009429-Kiran'),
	(989, 3000.00, 189, 'B', '2020-10-20', '2020-10-20', 0, 0, 0, '2020-11-01 19:02:49', '2020-11-01 19:02:49', 0, 'MB-XFER KVB AC-XXX4406-315373481589-vinayagam. Kaimathu'),
	(990, 10000.00, 190, 'B', '2020-10-25', '2020-10-25', 0, 0, 0, '2020-11-01 19:10:29', '2020-11-01 19:10:29', 0, 'UPI-DR-029912363711-MANIKANDAN P-BKID-830910110002928-Mani'),
	(991, 10000.00, 191, 'B', '2020-10-26', '2020-10-26', 0, 0, 0, '2020-11-01 19:12:06', '2020-11-01 19:12:06', 0, 'UPI-DR-030016361382-MANIKANDAN P-BKID-830910110002928-Mani'),
	(992, 100000.00, 148, 'R', '2020-10-31', '2020-10-29', 0, 0, 0, '2020-11-01 19:13:34', '2020-11-01 19:13:34', 0, 'UPI-CR-030344906055-DIVYA BHARATHI A-CNRB-1835101028615-Payment from PhonePe '),
	(993, 50000.00, 134, 'R', '2020-10-30', '2020-10-30', 0, 0, 0, '2020-11-01 19:14:20', '2020-11-01 19:14:20', 0, 'UPI-CR-030344906055-DIVYA BHARATHI A-CNRB-1835101028615-Payment from PhonePe'),
	(994, 50000.00, 59, 'R', '2020-10-30', '2020-10-30', 0, 0, 0, '2020-11-01 19:14:42', '2020-11-01 19:14:42', 0, 'UPI-CR-030344906055-DIVYA BHARATHI A-CNRB-1835101028615-Payment from PhonePe '),
	(995, 5000.00, 192, 'B', '2020-10-30', '2020-10-30', 0, 0, 0, '2020-11-01 19:16:20', '2020-11-01 19:16:20', 0, 'UPI-DR-030415085113-KARTHI M-ICIC-353401502915-Karthi-Kaimathu'),
	(996, 868.00, 176, 'I', '2020-10-31', '2020-10-31', 0, 0, 1, '2020-11-01 19:17:29', '2020-11-01 19:59:53', 0, 'UPI-CR-030506177952-PRABAKARAN V-ICIC-609201501115-Praba'),
	(997, 992.00, 177, 'I', '2020-10-31', '2020-10-31', 0, 0, 1, '2020-11-01 19:17:29', '2020-11-01 19:59:53', 0, 'UPI-CR-030506177952-PRABAKARAN V-ICIC-609201501115-Praba'),
	(998, 3000.00, 193, 'B', '2020-11-01', '2020-11-01', 0, 0, 0, '2020-11-01 19:20:38', '2020-11-01 19:20:38', 0, 'UPI-DR-030608445032-KANNAN G-HDFC-50100208155997-Urgent-Kaimathu'),
	(999, 10000.00, 191, 'R', '2020-11-01', '2020-11-01', 0, 0, 0, '2020-11-01 19:38:05', '2020-11-01 19:38:05', 0, 'UPI-CR-030619479179-P MANIKANDAN-CITI-5214182817-UPI'),
	(1000, 5000.00, 190, 'R', '2020-11-01', '2020-11-01', 0, 0, 0, '2020-11-01 19:38:15', '2020-11-01 19:38:15', 0, 'UPI-CR-030619479179-P MANIKANDAN-CITI-5214182817-UPI'),
	(1001, 20000.00, 183, 'R', '2020-10-31', '2020-11-01', 0, 0, 0, '2020-11-01 19:49:35', '2020-11-01 19:49:35', 0, 'Loan transferred to Prakash'),
	(1002, 20000.00, 194, 'B', '2020-11-01', '2020-11-01', 0, 0, 0, '2020-11-01 19:49:35', '2020-11-01 19:49:35', 0, 'Loan transferred from Prabu Asset'),
	(1003, 30000.00, 165, 'R', '2020-10-31', '2020-11-01', 0, 0, 0, '2020-11-01 19:51:12', '2020-11-01 19:51:12', 0, 'Loan transferred to Prakash'),
	(1004, 30000.00, 195, 'B', '2020-11-01', '2020-11-01', 0, 0, 0, '2020-11-01 19:51:12', '2020-11-01 19:51:12', 0, 'Loan transferred from Dhaya(Praba)'),
	(1005, 40000.00, 172, 'R', '2020-10-31', '2020-11-01', 0, 0, 0, '2020-11-01 19:52:11', '2020-11-01 19:52:11', 0, 'Loan transferred to Prakash'),
	(1006, 40000.00, 196, 'B', '2020-11-01', '2020-11-01', 0, 0, 0, '2020-11-01 19:52:11', '2020-11-01 19:52:11', 0, 'Loan transferred from Ramkumar MRL'),
	(1007, 20000.00, 173, 'R', '2020-10-31', '2020-11-01', 0, 0, 0, '2020-11-01 19:52:51', '2020-11-01 19:52:51', 0, 'Loan transferred to Prakash'),
	(1008, 20000.00, 197, 'B', '2020-11-01', '2020-11-01', 0, 0, 0, '2020-11-01 19:52:51', '2020-11-01 19:52:51', 0, 'Loan transferred from Manikandan M'),
	(1009, 10000.00, 179, 'R', '2020-10-31', '2020-11-01', 0, 0, 0, '2020-11-01 19:53:34', '2020-11-01 19:53:34', 0, 'Loan transferred to Prakash'),
	(1010, 10000.00, 198, 'B', '2020-11-01', '2020-11-01', 0, 0, 0, '2020-11-01 19:53:34', '2020-11-01 19:53:34', 0, 'Loan transferred from Pazhani Udhayam'),
	(1011, 9000.00, 50, 'I', '2020-10-25', '2020-10-25', 0, 0, 1, '2020-11-01 19:58:33', '2020-11-01 19:59:53', 0, 'Given to Prakash as Cash'),
	(1012, 60000.00, 199, 'B', '2020-11-01', '2020-11-01', 0, 0, 0, '2020-11-01 21:23:24', '2020-11-01 21:23:24', 0, 'from Poongodi chiti'),
	(1013, 20000.00, 200, 'B', '2020-11-01', '2020-11-01', 0, 0, 0, '2020-11-01 21:23:57', '2020-11-01 21:23:57', 0, 'Personal'),
	(1014, 960.00, 34, 'I', '2020-11-01', '2020-11-01', 0, 1, 0, '2020-11-01 21:33:51', '2020-11-01 21:33:51', 0, 'Waiver for Corona'),
	(1015, 1920.00, 41, 'I', '2020-11-01', '2020-11-01', 0, 1, 0, '2020-11-01 21:33:51', '2020-11-01 21:33:51', 0, 'Waiver for Corona'),
	(1016, 9600.00, 88, 'I', '2020-11-01', '2020-11-01', 0, 1, 0, '2020-11-01 21:33:51', '2020-11-01 21:33:51', 0, 'Waiver for Corona'),
	(1017, 3000.00, 55, 'I', '2020-11-01', '2020-11-01', 0, 0, 1, '2020-11-01 21:36:05', '2020-11-09 17:39:29', 0, 'Room rent convert as interest'),
	(1018, 1200.00, 140, 'I', '2020-11-01', '2020-11-01', 0, 0, 1, '2020-11-01 21:59:18', '2020-11-09 17:39:29', 0, 'Debited from saro akka chit'),
	(1019, 20000.00, 126, 'R', '2020-10-31', '2020-11-01', 0, 0, 0, '2020-11-01 22:06:59', '2020-11-01 22:06:59', 0, 'Loan transferred to Prakash'),
	(1020, 20000.00, 201, 'B', '2020-11-01', '2020-11-01', 0, 0, 0, '2020-11-01 22:07:00', '2020-11-01 22:07:00', 0, 'Loan transferred from Kiran'),
	(1021, 20000.00, 102, 'R', '2020-10-31', '2020-11-01', 0, 0, 0, '2020-11-01 22:07:55', '2020-11-01 22:07:55', 0, 'Loan transferred to Prakash'),
	(1022, 20000.00, 202, 'B', '2020-11-01', '2020-11-01', 0, 0, 0, '2020-11-01 22:07:55', '2020-11-01 22:07:55', 0, 'Loan transferred from Beeman'),
	(1023, 10000.00, 68, 'R', '2020-10-31', '2020-11-01', 0, 0, 0, '2020-11-01 22:08:34', '2020-11-01 22:08:34', 0, 'Loan transferred to Prakash'),
	(1024, 10000.00, 203, 'B', '2020-11-01', '2020-11-01', 0, 0, 0, '2020-11-01 22:08:35', '2020-11-01 22:08:35', 0, 'Loan transferred from Vinayagam'),
	(1025, 50000.00, 75, 'R', '2020-10-31', '2020-11-01', 0, 0, 0, '2020-11-01 22:17:20', '2020-11-01 22:17:20', 0, 'Loan transferred to Raam'),
	(1026, 50000.00, 204, 'B', '2020-11-01', '2020-11-01', 0, 0, 0, '2020-11-01 22:17:20', '2020-11-01 22:17:20', 0, 'Loan transferred from Selva Raam'),
	(1027, 1240.00, 45, 'I', '2020-11-02', '2020-11-02', 0, 0, 1, '2020-11-09 16:30:14', '2020-11-09 17:39:29', 0, 'UPI-CR-030622470725-PRAVEEN J-ICIC-253901502222-Interest'),
	(1028, 248.00, 108, 'I', '2020-11-02', '2020-11-02', 0, 0, 1, '2020-11-09 16:30:42', '2020-11-09 17:39:29', 0, 'IMPS-030701738357-Mr  SRIDHAYABHARAN  -TJSB-xxxxxx2290-MOBUA0323303442'),
	(1029, 124.00, 109, 'I', '2020-11-02', '2020-11-02', 0, 0, 1, '2020-11-09 16:30:42', '2020-11-09 17:39:29', 0, 'IMPS-030701738357-Mr  SRIDHAYABHARAN  -TJSB-xxxxxx2290-MOBUA0323303442'),
	(1030, 744.00, 165, 'I', '2020-11-02', '2020-11-02', 0, 0, 1, '2020-11-09 16:30:42', '2020-11-09 17:39:29', 0, 'IMPS-030701738357-Mr  SRIDHAYABHARAN  -TJSB-xxxxxx2290-MOBUA0323303442'),
	(1031, 248.00, 57, 'I', '2020-11-02', '2020-11-02', 0, 0, 1, '2020-11-09 16:32:35', '2020-11-09 17:39:29', 0, 'MB-XFER KVB AC-XXX5820-988123112132-oct interest'),
	(1032, 496.00, 65, 'I', '2020-11-02', '2020-11-02', 0, 0, 1, '2020-11-09 16:32:35', '2020-11-09 17:39:29', 0, 'MB-XFER KVB AC-XXX5820-988123112132-oct interest'),
	(1033, 248.00, 82, 'I', '2020-11-02', '2020-11-02', 0, 0, 1, '2020-11-09 16:33:53', '2020-11-09 17:39:29', 0, 'UPI-CR-030709172410-KARTHIKEYAN  P-SBIN-00000031058279100-UPI'),
	(1034, 1240.00, 140, 'I', '2020-11-02', '2020-11-02', 0, 0, 1, '2020-11-09 16:34:43', '2020-11-09 17:39:29', 0, 'UPI-CR-030712490537-KARTHICK S-KVBL-1190155000133408-UPI'),
	(1035, 372.00, 89, 'I', '2020-11-02', '2020-11-02', 0, 0, 1, '2020-11-09 16:35:59', '2020-11-09 17:39:29', 0, 'UPI-CR-030713934261-KORRA JYOTHI PRAKASH-KVBL-1285178000001519-Interest'),
	(1036, 2108.00, 90, 'I', '2020-11-02', '2020-11-02', 0, 0, 1, '2020-11-09 16:36:00', '2020-11-09 17:39:29', 0, 'UPI-CR-030713934261-KORRA JYOTHI PRAKASH-KVBL-1285178000001519-Interest'),
	(1037, 1736.00, 170, 'I', '2020-11-02', '2020-11-02', 0, 0, 1, '2020-11-09 16:36:29', '2020-11-09 17:39:29', 0, '202166115852229-PANNEERSELVAM B-1285166000013581-Interest Amt Oct2020 - Panneer'),
	(1038, 248.00, 119, 'I', '2020-11-02', '2020-11-02', 0, 0, 1, '2020-11-09 16:37:34', '2020-11-09 17:39:29', 0, 'UPI-CR-030714512494-KIRANKUMAR J-KVBL-1285166000009429-Interest amount'),
	(1039, 248.00, 121, 'I', '2020-11-02', '2020-11-02', 0, 0, 1, '2020-11-09 16:37:35', '2020-11-09 17:39:29', 0, 'UPI-CR-030714512494-KIRANKUMAR J-KVBL-1285166000009429-Interest amount'),
	(1040, 248.00, 123, 'I', '2020-11-02', '2020-11-02', 0, 0, 1, '2020-11-09 16:37:35', '2020-11-09 17:39:29', 0, 'UPI-CR-030714512494-KIRANKUMAR J-KVBL-1285166000009429-Interest amount'),
	(1041, 496.00, 126, 'I', '2020-11-02', '2020-11-02', 0, 0, 1, '2020-11-09 16:37:35', '2020-11-09 17:39:29', 0, 'UPI-CR-030714512494-KIRANKUMAR J-KVBL-1285166000009429-Interest amount'),
	(1042, 288.00, 188, 'I', '2020-11-02', '2020-11-02', 0, 0, 1, '2020-11-09 16:37:35', '2020-11-09 17:39:29', 0, 'UPI-CR-030714512494-KIRANKUMAR J-KVBL-1285166000009429-Interest amount'),
	(1043, 35000.00, 176, 'R', '2020-10-31', '2020-11-04', 0, 0, 0, '2020-11-09 16:40:54', '2020-11-09 16:40:54', 0, 'MB-XFER KVB AC-XXX1588-801692587000-praba'),
	(1044, 40000.00, 177, 'R', '2020-10-31', '2020-11-04', 0, 0, 0, '2020-11-09 16:41:16', '2020-11-09 16:41:16', 0, 'MB-XFER KVB AC-XXX1588-801692587000-praba'),
	(1045, 6000.00, 205, 'B', '2020-11-05', '2020-11-05', 0, 0, 0, '2020-11-09 16:42:29', '2020-11-09 16:42:29', 0, 'UPI-DR-031009082454-SRIDHAYABHARAN  VR-SBIN-00000020025635739-Daya'),
	(1046, 150000.00, 206, 'B', '2020-11-05', '2020-11-05', 0, 0, 0, '2020-11-09 16:43:57', '2020-11-09 16:43:57', 0, 'IMPS-031011132166-Jayakumar P-IOBA-xxxxxxxxxxx8978-ranjith'),
	(1047, 4880.00, 52, 'I', '2020-11-05', '2020-11-05', 0, 0, 1, '2020-11-09 16:45:37', '2020-11-09 17:39:29', 0, 'UPI-CR-031081035934-NEELAM PREMKUMAR-KVBL-1285166000008402-Payment from PhonePe'),
	(1048, 10000.00, 207, 'B', '2020-11-06', '2020-11-06', 0, 0, 0, '2020-11-09 16:47:55', '2020-11-09 16:47:55', 0, 'MB-XFER KVB AC-XXX1588-315373795741-prabakaran'),
	(1049, 724.00, 142, 'I', '2020-11-06', '2020-11-06', 0, 0, 1, '2020-11-09 16:48:24', '2020-11-09 17:39:29', 0, 'UPI-CR-031118612505-RANJITHA P-SYNB-65622610002939-Ramesh'),
	(1050, 124.00, 143, 'I', '2020-11-06', '2020-11-06', 0, 0, 1, '2020-11-09 16:48:24', '2020-11-09 17:39:29', 0, 'UPI-CR-031118612505-RANJITHA P-SYNB-65622610002939-Ramesh'),
	(1051, 152.00, 72, 'I', '2020-11-06', '2020-11-06', 0, 0, 1, '2020-11-09 16:50:48', '2020-11-09 17:39:29', 0, 'IMPS-031121949278-GANESHAN M-TJSB-xxxxxx9396-IMPS P2A ramesh'),
	(1052, 112.00, 187, 'I', '2020-11-06', '2020-11-06', 0, 0, 1, '2020-11-09 16:50:48', '2020-11-09 17:39:29', 0, 'IMPS-031121949278-GANESHAN M-TJSB-xxxxxx9396-IMPS P2A ramesh'),
	(1053, 2000.00, 72, 'R', '2020-11-06', '2020-11-06', 0, 0, 0, '2020-11-09 16:51:31', '2020-11-09 16:51:31', 0, 'IMPS-031121949278-GANESHAN M-TJSB-xxxxxx9396-IMPS P2A ramesh'),
	(1054, 248.00, 43, 'I', '2020-11-06', '2020-11-06', 0, 0, 1, '2020-11-09 16:52:38', '2020-11-09 17:39:29', 0, 'UPI-CR-031276645573-RAMKUMAR M-KVBL-1285166000006468-NA'),
	(1055, 1240.00, 44, 'I', '2020-11-06', '2020-11-06', 0, 0, 1, '2020-11-09 16:52:39', '2020-11-09 17:39:29', 0, 'UPI-CR-031276645573-RAMKUMAR M-KVBL-1285166000006468-NA'),
	(1056, 992.00, 172, 'I', '2020-11-06', '2020-11-06', 0, 0, 1, '2020-11-09 16:52:39', '2020-11-09 17:39:29', 0, 'UPI-CR-031276645573-RAMKUMAR M-KVBL-1285166000006468-NA'),
	(1057, 7000.00, 22, 'I', '2020-11-07', '2020-11-07', 0, 0, 1, '2020-11-09 16:53:28', '2020-11-09 17:39:29', 0, 'IMPS-031212145218-MANIMARAN M-TJSB-xxxxxx3388-Manimaran'),
	(1058, 25000.00, 208, 'B', '2020-11-07', '2020-11-07', 0, 0, 0, '2020-11-09 16:54:49', '2020-11-09 16:54:49', 0, 'UPI-DR-031214172843-KARTHI M-ICIC-353401502915-Karthi'),
	(1059, 3000.00, 193, 'R', '2020-11-08', '2020-11-08', 0, 0, 0, '2020-11-09 16:55:33', '2020-11-09 16:55:33', 0, 'UPI-CR-031312185729-KANNAN G-HDFC-50100208155997-UPI'),
	(1060, 30000.00, 184, 'R', '2020-10-31', '2020-11-09', 0, 0, 0, '2020-11-09 16:56:30', '2020-11-09 16:56:30', 0, '543016120538691-BOOPATHY K-1143155000147212-Asal'),
	(1061, 1236.00, 184, 'I', '2020-11-09', '2020-11-09', 0, 1, 0, '2020-11-09 16:56:50', '2020-11-09 16:56:50', 0, '1236');
/*!40000 ALTER TABLE `transactions` ENABLE KEYS */;

-- Dumping structure for table pramesh.users
CREATE TABLE IF NOT EXISTS `users` (
  `id` int(11) NOT NULL AUTO_INCREMENT,
  `username` varchar(10) NOT NULL,
  `name` varchar(50) NOT NULL,
  `password` varchar(40) DEFAULT NULL,
  `createdon` timestamp NOT NULL DEFAULT CURRENT_TIMESTAMP,
  `updatedon` timestamp NULL DEFAULT CURRENT_TIMESTAMP ON UPDATE CURRENT_TIMESTAMP,
  PRIMARY KEY (`id`),
  UNIQUE KEY `username` (`username`)
) ENGINE=InnoDB AUTO_INCREMENT=2 DEFAULT CHARSET=latin1;

-- Dumping data for table pramesh.users: ~0 rows (approximately)
/*!40000 ALTER TABLE `users` DISABLE KEYS */;
INSERT INTO `users` (`id`, `username`, `name`, `password`, `createdon`, `updatedon`) VALUES
	(1, 'admin', 'Admin', 'c3284d0f94606de1fd2af172aba15bf3', '2019-06-30 12:36:55', '2020-02-02 09:21:31');
/*!40000 ALTER TABLE `users` ENABLE KEYS */;

/*!40101 SET SQL_MODE=IFNULL(@OLD_SQL_MODE, '') */;
/*!40014 SET FOREIGN_KEY_CHECKS=IF(@OLD_FOREIGN_KEY_CHECKS IS NULL, 1, @OLD_FOREIGN_KEY_CHECKS) */;
/*!40101 SET CHARACTER_SET_CLIENT=@OLD_CHARACTER_SET_CLIENT */;
